id,business_name,country,city,maps_profile,website_status,social,contact,owner,why_need_website,quality
1,Royal Dates & Nuts Market,USA,"Paterson, NJ",https://maps.google.com/?q=Royal+Dates+Nuts+Paterson+NJ,No website (Google Maps & Instagram only),Instagram: @royaldates_paterson / FB: Royal Dates Paterson,+1 973-555-0182 | sales@royaldatespaterson.com,Tariq Mansour (Owner),"High foot traffic for Medjool & Ajwa dates, relies on phone orders. Lacks modern e-commerce checkout & subscriptions.",High
2,Al-Basha Gourmet Nuts & Spices,USA,"Dearborn, MI",https://maps.google.com/?q=Al+Basha+Gourmet+Nuts+Dearborn+MI,Outdated 1-page site (No online ordering),FB: AlBashaDearborn / IG: @albasha_nuts,+1 313-582-9900 | info@albashanuts.com,Hassan Al-Basha (Managing Partner),Roasts custom nut blends daily. Customers want nationwide shipping & online order management.,High
3,Cedar Market Dry Fruits & Sweets,USA,"Bay Ridge, Brooklyn, NY",https://maps.google.com/?q=Cedar+Market+Dry+Fruits+Brooklyn+NY,No website (Google Maps profile only),FB: CedarMarketBrooklyn,+1 718-491-2200 | contact@cedarmarketny.com,Samir Haddad (Store Manager),"Popular local shop for organic figs, pistachios, and dried apricots; missing out on NYC online gourmet market.",High
4,Sultan Dry Fruits & Gourmet Baskets,USA,"Chicago, IL",https://maps.google.com/?q=Sultan+Dry+Fruits+Chicago+IL,Expired domain / Social ordering only,IG: @sultan_dryfruits_chi,+1 312-600-4411 | sultanfoodschi@gmail.com,Nabil Sultan (Owner),Sells corporate gift boxes during holidays via DMs. Needs automated custom box builder & payment gateway.,High
5,California Sun Dried Fruits & Nuts,USA,"Fresno, CA",https://maps.google.com/?q=California+Sun+Dried+Fruits+Fresno+CA,Outdated non-responsive website (Built 2012),FB: SunDriedFruitsFresno,+1 559-224-8833 | sunfruitfresno@yahoo.com,Robert Garza (Founder),"Direct farm grower offering raisins, almonds & walnuts. Mobile UX broken, no modern cart experience.",High
6,Ziyad Dates & Roastery,USA,"Bridgeview, IL",https://maps.google.com/?q=Ziyad+Dates+Roastery+Bridgeview+IL,No e-commerce (Catalog view only),IG: @ziyad_roastery / FB: ZiyadRoastery,+1 708-430-1100 | orders@ziyadroastery.com,Karim Ziyad (General Manager),High volume wholesale & retail roasted nuts shop. Customers repeatedly ask for DTC e-commerce cart.,High
7,Pistachio Palace & Dried Fruit Boutique,USA,"Glendale, CA",https://maps.google.com/?q=Pistachio+Palace+Glendale+CA,No website (Yelp & Google Maps profile),IG: @pistachiopalace_glendale,+1 818-243-7711 | pistachiopalace@outlook.com,Armen Sarkissian (Co-Owner),4.8-star rated specialty Persian nut shop. Lacks online showcase for premium gift boxes.,High
8,Sahara Dates & Gourmet Snacks,USA,"Houston, TX",https://maps.google.com/?q=Sahara+Dates+Gourmet+Houston+TX,No website (WhatsApp ordering only),FB: SaharaDatesHouston,+1 713-789-5500 | saharadateshouston@gmail.com,Faris Al-Ameri (Owner),Large inventory of stuffed dates & prunes. Currently taking manual orders on WhatsApp.,High
9,Golden Nut House & Organic Fruits,USA,"San Jose, CA",https://maps.google.com/?q=Golden+Nut+House+San+Jose+CA,Broken shopping cart script,IG: @goldennuthouse_sj,+1 408-984-3322 | goldennuthouse@gmail.com,David Chen (Store Manager),"Prime Silicon Valley location, high demand for bulk organic snack boxes, current site checkout throws errors.",High
10,Al-Khair Organic Dates & Seeds,USA,"Anaheim, CA",https://maps.google.com/?q=Al+Khair+Organic+Dates+Anaheim+CA,No website (Instagram bio link broken),IG: @alkhairdates_anaheim,+1 714-635-4422 | alkhairdates@gmail.com,Mo Al-Khair (Owner),Specialized organic date producer in Little Arabia district. Needs professional direct-to-consumer store.,High
11,Valley Orchard Dried Fruit Co.,USA,"Bakersfield, CA",https://maps.google.com/?q=Valley+Orchard+Dried+Fruit+Bakersfield+CA,Outdated WIX free tier site,FB: ValleyOrchardFruits,+1 661-397-1234 | valleyorchardca@gmail.com,Sarah Jenkins (Marketing Lead),"Local orchard selling dried peaches, figs & pecans. WIX ad banner ruins premium brand perception.",High
12,Midwest Nut & Candy Emporium,USA,"Columbus, OH",https://maps.google.com/?q=Midwest+Nut+Candy+Emporium+Columbus+OH,No e-commerce (PDF catalog only),FB: MidwestNutEmporium,+1 614-488-9900 | info@midwestnutemporium.com,Greg Miller (Owner),Historic local nut roaster. Requires real-time online inventory and cart for retail customers.,Medium
13,Al-Arabiya Nuts & Roasting House,USA,"Dallas, TX",https://maps.google.com/?q=Al+Arabiya+Nuts+Dallas+TX,No website (Google Business Profile),IG: @alarabiya_nuts_dallas,+1 214-575-8844 | alarabiyanutsdfw@gmail.com,Youssef Nader (Owner),High Yelp reviews for smoked cashews & pumpkin seeds. No digital channel for bulk online orders.,High
14,Oasis Date Gardens Retail Store,USA,"Thermal, CA",https://maps.google.com/?q=Oasis+Date+Gardens+Thermal+CA,Outdated legacy site,FB: OasisDateGardens,+1 760-399-5151 | retail@oasisdate.com,Elena Ramirez (Store Operations),"Historic date farm. Legacy site is clunky on mobile devices, missing gift-box customization.",High
15,Desert Gold Dates & Organic Nuts,USA,"Phoenix, AZ",https://maps.google.com/?q=Desert+Gold+Dates+Phoenix+AZ,No website (FB page only),FB: DesertGoldDatesAZ,+1 602-276-8800 | desertgolddates@gmail.com,Marcus Vance (Co-Owner),Sells high grade Arizona dates & pecans. Relying on phone orders and farmers market stalls.,Medium
16,Mediterranean Nut & Spice Market,USA,"Tampa, FL",https://maps.google.com/?q=Mediterranean+Nut+Spice+Tampa+FL,No website (Google Maps profile),IG: @mednutmarket_tampa,+1 813-931-7788 | mednutmarket@gmail.com,Khaled El-Sayed (Owner),Specialized imported Turkish & Greek nuts. No web presence to capture Florida foodies.,High
17,Sunland Gourmet Dried Fruit & Snacks,USA,"Sacramento, CA",https://maps.google.com/?q=Sunland+Gourmet+Dried+Fruit+Sacramento+CA,Basic Weebly site (No SSL / No checkout),FB: SunlandSnacksSac,+1 916-442-3311 | sunlandsnacks@yahoo.com,Jessica Thorne (Owner),Insecure site turns off online buyers. Needs modern SSL-enabled Next.js e-commerce storefront.,High
18,Jerusalem Nut House,USA,"Jersey City, NJ",https://maps.google.com/?q=Jerusalem+Nut+House+Jersey+City+NJ,No website (Google Maps & phone only),FB: JerusalemNutHouseJC,+1 201-434-9922 | jerusalemnuthouse@gmail.com,Ibrahim Qasim (Owner),"Famous for freshly roasted watermelon seeds, pine nuts & dates. Missing out on regional shipping.",High
19,Cascade Organic Dried Berry & Nut Co.,USA,"Portland, OR",https://maps.google.com/?q=Cascade+Organic+Dried+Berry+Portland+OR,Outdated WordPress site with broken plugins,IG: @cascade_organics_pdx,+1 503-233-6644 | info@cascadeorganics.net,Chloe Bennett (Founder),"Artisanal dried blueberries, hazelnuts & trail mixes. Current site crashes at checkout.",High
20,Baja Roasters & Nut Traders,USA,"San Diego, CA",https://maps.google.com/?q=Baja+Roasters+Nut+Traders+San+Diego+CA,No website (Instagram store link missing),IG: @bajaroasters_sd,+1 619-280-5511 | bajaroasters@gmail.com,Mateo Gutierrez (Manager),High volume of gourmet spicy nuts and trail mixes sold locally. Needs online store for expansion.,Medium
21,Atlas Date & Dry Fruit Traders,USA,"Minneapolis, MN",https://maps.google.com/?q=Atlas+Date+Traders+Minneapolis+MN,No website (Phone orders only),FB: AtlasDatesMN,+1 612-871-3300 | atlasdatesmn@gmail.com,Omar Farah (Owner),Supplies premium North African dates & walnuts across Twin Cities. Needs e-commerce catalog.,High
22,Golden Gate Dried Fruit & Gift Shop,USA,"San Francisco, CA",https://maps.google.com/?q=Golden+Gate+Dried+Fruit+San+Francisco+CA,Static page without cart,IG: @goldengatefruit_sf,+1 415-982-1188 | sales@goldengatefruit.com,Lillian Wong (Co-Owner),Tourist-heavy location selling dried mangoes & nuts. Wants automated global & national delivery site.,High
23,Al-Mustafa Sweets & Dry Fruits,USA,"Philadelphia, PA",https://maps.google.com/?q=Al+Mustafa+Dry+Fruits+Philadelphia+PA,No website (Google Maps profile),FB: AlMustafaPhilly,+1 215-724-4400 | almustafaphilly@gmail.com,Mustafa Ali (Owner),"Sells high-grade almonds, cashews & dates. No online menu or order placement.",Medium
24,Peanut & Nut Emporium,USA,"Atlanta, GA",https://maps.google.com/?q=Peanut+Nut+Emporium+Atlanta+GA,Outdated Square site (Limited inventory display),IG: @atlanta_nut_emporium,+1 404-523-7799 | contact@atlnutemporium.com,Charles Dupree (Owner),Southern pecan & roasted nut specialist. Square site lacks bundle customization and luxury design.,High
25,Palmyra Date Co.,USA,"Allentown, PA",https://maps.google.com/?q=Palmyra+Date+Co+Allentown+PA,No website (WhatsApp DM sales only),IG: @palmyradates_pa,+1 610-432-1155 | palmyradates@gmail.com,Samer Kabbani (Owner),"Imports premium organic Syrian & Jordan dates. Manually billing via PayPal invoices, needs streamlined storefront.",High
26,Al-Yasmeen Nuts & Roastery,Canada,"Mississauga, ON",https://maps.google.com/?q=Al+Yasmeen+Nuts+Mississauga+ON,No website (Google Maps & IG page only),IG: @alyasmeennuts_sauga,+1 905-270-8880 | alyasmeennuts@gmail.com,Fadi Al-Yasmeen (Owner),Top-rated roastery in GTA. Customers constantly request online shipping across Canada.,High
27,Montreal Nut & Dry Fruit House,Canada,"Montreal, QC",https://maps.google.com/?q=Montreal+Nut+Dry+Fruit+Montreal+QC,"Outdated 1-page site (French only, no cart)",FB: MontrealNutHouse,+1 514-388-5522 | info@montrealnuthouse.ca,Jacques Tremblay (Manager),Bilingual market needs modern English/French luxury storefront with full cart & payment system.,High
28,Balkh Dry Fruit & Date Traders,Canada,"Toronto, ON",https://maps.google.com/?q=Balkh+Dry+Fruit+Toronto+ON,No website (Google Maps listing),FB: BalkhDryFruitTO,+1 416-751-9933 | balkhdryfruit@gmail.com,Ahmad Balkhi (Owner),"Imports premium raisins, pine nuts & mulberries. Operates offline only.",High
29,Pacific Nut & Dried Fruit Co.,Canada,"Vancouver, BC",https://maps.google.com/?q=Pacific+Nut+Dried+Fruit+Vancouver+BC,Broken ecommerce checkout script,IG: @pacificnut_van,+1 604-255-4411 | sales@pacificnut.ca,Gordon Liu (Co-Founder),Supplies Vancouver vegan & health community. Current WordPress checkout fails on mobile.,High
30,Al-Arz Date & Nut House,Canada,"Ottawa, ON",https://maps.google.com/?q=Al+Arz+Date+Nut+Ottawa+ON,No website (Facebook catalog only),FB: AlArzNutHouseOttawa,+1 613-744-6633 | alarznuthouse@gmail.com,Rami El-Khoury (Manager),High demand for Eid & holiday date boxes in Ottawa. Needs dedicated order portal.,High
31,Calgary Date & Snack Market,Canada,"Calgary, AB",https://maps.google.com/?q=Calgary+Date+Snack+Calgary+AB,No website (Google Maps profile),IG: @calgarydatesnacks,+1 403-248-1199 | calgarydates@gmail.com,Tariq Mansoor (Owner),Specialty supplier of stuffed Medjool dates & roasted almonds in Alberta.,Medium
32,Cedar Dates & Organic Groceries,Canada,"Edmonton, AB",https://maps.google.com/?q=Cedar+Dates+Edmonton+AB,Outdated WIX site without payment gateway,FB: CedarDatesEdmonton,+1 780-469-8877 | info@cedardates.ca,Bilal Kassam (Co-Owner),"WIX site has no payment integration, requiring interac e-transfers manually.",High
33,Syrian Roastery & Gourmet Dry Fruits,Canada,"Scarborough, ON",https://maps.google.com/?q=Syrian+Roastery+Scarborough+ON,No website (Instagram orders only),IG: @syrianroastery_scarborough,+1 416-291-7700 | syrianroastery@outlook.com,Wael Al-Dimashqi (Owner),Highly viral Instagram roastery. Needs automated e-commerce for shipping across Ontario.,High
34,Fraser Valley Dried Fruit & Berry Barn,Canada,"Abbotsford, BC",https://maps.google.com/?q=Fraser+Valley+Dried+Fruit+Abbotsford+BC,Static HTML page built in 2010,FB: FraserValleyDriedFruits,+1 604-853-2211 | fvdriedfruits@telus.net,Hannah Wiens (Owner),"Farm store selling dried cranberries, blueberries & hazelnuts. Mobile user experience non-existent.",High
35,Al-Zahra Gourmet Dates & Sweets,Canada,"Windsor, ON",https://maps.google.com/?q=Al+Zahra+Gourmet+Dates+Windsor+ON,No website (Google Business Profile),FB: AlZahraWindsor,+1 519-977-3344 | alzahrawindsor@gmail.com,Fatima Zahra (Owner),Cross-border popularity with Detroit buyers. Needs e-commerce store with CAD/USD currency toggle.,High
36,Royal Nut & Spice Traders,Canada,"Hamilton, ON",https://maps.google.com/?q=Royal+Nut+Spice+Hamilton+ON,Outdated site with broken image links,IG: @royalnuthamilton,+1 905-528-9911 | royalnuthamilton@gmail.com,Suresh Patel (Owner),Prominent nut & dried fruit supplier in Hamilton market. Outdated site repels younger buyers.,Medium
37,Kabul Dry Fruit House,Canada,"Burnaby, BC",https://maps.google.com/?q=Kabul+Dry+Fruit+Burnaby+BC,No website (Phone orders only),FB: KabulDryFruitBurnaby,+1 604-420-5566 | kabuldryfruitbc@gmail.com,Habib Ahmadi (Owner),"Imports premium Afghan figs, almonds & pistachios. Needs modern catalog website.",High
38,Maple Leaf Nut & Snack Co.,Canada,"Kitchener, ON",https://maps.google.com/?q=Maple+Leaf+Nut+Snack+Kitchener+ON,No website (Google Maps profile),IG: @mapleleafnuts_kw,+1 519-743-8822 | mapleleafnuts@gmail.com,David Miller (Co-Founder),Local roasted nuts & maple-coated pecans supplier. Lacks online shop.,Medium
39,Golden Palm Dates & Spices,Canada,"Laval, QC",https://maps.google.com/?q=Golden+Palm+Dates+Laval+QC,No website (Instagram DM ordering),IG: @goldenpalmdates_qc,+1 450-681-4477 | goldenpalmdates@gmail.com,Karim Bennani (Owner),High-end date boutique in Greater Montreal area taking orders via DMs.,High
40,Atlantic Dried Fruit & Nut Boutique,Canada,"Halifax, NS",https://maps.google.com/?q=Atlantic+Dried+Fruit+Halifax+NS,Under construction for over 1 year,FB: AtlanticDriedFruitHalifax,+1 902-429-1133 | atlanticdriedfruit@gmail.com,Sean MacLeod (Owner),"Only specialty dried fruit shop in Halifax. Site stuck 'under construction', losing customers.",High
41,Damascus Nut House & Roastery,UK,"Edgware Road, London",https://maps.google.com/?q=Damascus+Nut+House+Edgware+Road+London,No website (Google Maps & IG only),IG: @damascusnuthouse_london,+44 20 7723 4488 | info@damascusnuthouse.co.uk,Walid Al-Shami (Owner),Iconic London store for roasted nuts & dates. Missing out on nationwide UK e-commerce orders.,High
42,Al-Medina Dates & Dry Fruits,UK,Birmingham,https://maps.google.com/?q=Al+Medina+Dates+Birmingham+UK,Outdated basic page (No online ordering),FB: AlMedinaDatesBham,+44 121 773 9922 | almedinadatesbham@gmail.com,Farhan Malik (Manager),Major distributor of Ajwa & Safawi dates on Ladypool Road. Needs turnkey e-commerce store.,High
43,Manchester Nut & Seed Emporium,UK,Manchester,https://maps.google.com/?q=Manchester+Nut+Seed+Manchester+UK,No website (Google Business Profile),IG: @mcr_nut_emporium,+44 161 224 5511 | mcrnutemporium@gmail.com,Tariq Mahmood (Owner),"Rusholme area favorite for fresh cashews, almonds & pistachios. No web store.",High
44,Palmyra Dates & Gourmet Gifts,UK,Leicester,https://maps.google.com/?q=Palmyra+Dates+Leicester+UK,Expired e-commerce platform link,IG: @palmyradates_uk,+44 116 251 3344 | palmyradatesuk@gmail.com,Zaid Al-Mansoor (Founder),Specializes in luxury date gift boxes for corporate clients. E-commerce site went down.,High
45,Kashmir Dry Fruits & Nuts House,UK,Bradford,https://maps.google.com/?q=Kashmir+Dry+Fruits+Bradford+UK,No website (WhatsApp ordering catalog),FB: KashmirDryFruitsBradford,+44 1274 395588 | kashmirdryfruits@gmail.com,Rashid Khan (Owner),"Imports pine nuts, walnuts & dried figs. Taking orders manually over WhatsApp.",High
46,Green Orchard Dried Fruit Co.,UK,Bristol,https://maps.google.com/?q=Green+Orchard+Dried+Fruit+Bristol+UK,Outdated blog-style site,IG: @greenorchard_bristol,+44 117 924 8833 | greenorchardbristol@gmail.com,Oliver Smith (Co-Owner),"Organic dried apple rings, mangoes & nuts. Blog has no functional cart or stock tracker.",Medium
47,Al-Andalus Dates & Roastery,UK,"Shepherds Bush, London",https://maps.google.com/?q=Al+Andalus+Dates+London+UK,No website (Google Maps listing),IG: @alandalus_london,+44 20 8740 1199 | alandaluslondon@gmail.com,Youssef Al-Andalusi (Owner),Popular West London shop for Medjool dates & roasted seeds. Needs modern online checkout.,High
48,Highland Dried Fruit & Nut Merchants,UK,"Glasgow, Scotland",https://maps.google.com/?q=Highland+Dried+Fruit+Glasgow+UK,No website (FB business page only),FB: HighlandFruitMerchants,+44 141 423 6677 | highlandfruitglasgow@gmail.com,Callum McGregor (Co-Owner),Gourmet snack mixes & trail foods. Lacks online web store for Scottish orders.,Medium
49,Sultan Food & Dry Fruit Bazaar,UK,Leeds,https://maps.google.com/?q=Sultan+Dry+Fruit+Bazaar+Leeds+UK,Outdated site with broken payment button,FB: SultanBazaarLeeds,+44 113 248 9911 | sultanbazaarleeds@gmail.com,Asif Sultan (Owner),High volume offline store. Payment gateway on site broken for 6+ months.,High
50,Bactrian Nut & Date Importers,UK,"Southall, London",https://maps.google.com/?q=Bactrian+Nut+Importers+Southall+London,No website (Phone/WhatsApp orders),IG: @bactriannuts_london,+44 20 8574 3322 | bactriannuts@outlook.com,Hamid Rahimi (Manager),"B2B and retail seller of Afghan dates, almonds & pistachios in Southall.",High
51,East End Nut Roasteries,UK,"Whitechapel, London",https://maps.google.com/?q=East+End+Nut+Roasteries+Whitechapel+London,No website (Google Maps profile),FB: EastEndNutRoasteries,+44 20 7247 8844 | eastendnuts@gmail.com,Ali Ahmed (Owner),"Fresh roaster of cashews, macadamias & hazelnuts. Missing out on East London delivery app alternative.",High
52,Caspian Dry Fruit & Gourmet Snacks,UK,Nottingham,https://maps.google.com/?q=Caspian+Dry+Fruit+Nottingham+UK,Outdated WIX site,IG: @caspian_snacks_nott,+44 115 950 2277 | caspiansnacks@gmail.com,Reza Ghasemi (Owner),"Specializes in Persian dried figs, barberries & saffron-coated pistachios. WIX site lacks polish.",High
53,Royal Palm Date Boutique,UK,"Kensington, London",https://maps.google.com/?q=Royal+Palm+Date+Boutique+London,No e-commerce (Brochure site only),IG: @royalpalmdates_uk,+44 20 7937 6622 | concierge@royalpalmdates.co.uk,Noura Al-Sabah (Director),Luxury date brand targeting high net worth clients in London. Needs premium Next.js storefront.,High
54,Yorkshire Organic Nut House,UK,Sheffield,https://maps.google.com/?q=Yorkshire+Organic+Nut+Sheffield+UK,No website (Google Maps profile),FB: YorkshireNutHouse,+44 114 272 1100 | yorkshirenuthouse@gmail.com,David Clarke (Owner),Sells organic raw & roasted nuts in bulk bins offline. Needs e-commerce storefront.,Medium
55,Silk Road Dry Fruits & Spices,UK,"Cardiff, Wales",https://maps.google.com/?q=Silk+Road+Dry+Fruits+Cardiff+UK,No website (Instagram DM sales),IG: @silkroad_cardiff,+44 29 2034 5588 | silkroadcardiff@gmail.com,Kawa Rashid (Owner),Unique dried fruits & nuts in Cardiff city center. Currently managing orders via DMs.,High
56,Al-Karam Sweets & Date Merchants,UK,Luton,https://maps.google.com/?q=Al+Karam+Date+Merchants+Luton+UK,Outdated page with non-working shopping cart,FB: AlKaramLuton,+44 1582 481199 | alkaramluton@gmail.com,Mohammed Karam (Manager),Major dates supplier in Bedfordshire. Existing site shopping cart is completely broken.,High
57,Solent Dried Fruit & Nut Wholesalers,UK,Southampton,https://maps.google.com/?q=Solent+Dried+Fruit+Southampton+UK,No e-commerce (PDF product list only),FB: SolentDriedFruit,+44 23 8022 4411 | sales@solentdriedfruit.co.uk,Arthur Pendelton (Director),Wants to launch direct-to-consumer online nut brand alongside wholesale operation.,Medium
58,Apex Date & Snack Emporium,UK,Slough,https://maps.google.com/?q=Apex+Date+Emporium+Slough+UK,No website (Google Maps profile),IG: @apex_dates_slough,+44 1753 538800 | apexdates@gmail.com,Sukhwinder Singh (Owner),"High volume retail shop for almonds, dates, and trail mixes in Slough.",High
59,Atlas Mountains Date Co.,UK,"Croydon, London",https://maps.google.com/?q=Atlas+Mountains+Date+Croydon+London,No website (FB page only),FB: AtlasMountainsDates,+44 20 8688 3355 | atlasdatesuk@gmail.com,Hicham El-Mansi (Owner),Imports Deglet Noor dates & Moroccan almonds. Lacks automated online checkout.,High
60,Midlands Gourmet Nut Roasters,UK,Coventry,https://maps.google.com/?q=Midlands+Gourmet+Nut+Coventry+UK,Outdated site without mobile support,IG: @midlandsnutroasters,+44 24 7622 9944 | info@midlandsnutroasters.co.uk,Paul Edwards (Founder),Roasts artisan flavored nuts. Current website built in 2014 is unreadable on smartphones.,High
61,Al-Mina Dates & Nut Roastery,Australia,"Lakemba, Sydney, NSW",https://maps.google.com/?q=Al+Mina+Dates+Lakemba+Sydney,No website (Google Maps & Facebook page),FB: AlMinaDatesLakemba / IG: @alminadates_sydney,+61 2 9750 8822 | alminadates@gmail.com,Bilal Al-Mina (Owner),Very famous Sydney store for imported dates & roasted nuts. Lacks e-commerce store for interstate delivery.,High
62,Sydney Nut & Dry Fruit Market,Australia,"Auburn, Sydney, NSW",https://maps.google.com/?q=Sydney+Nut+Dry+Fruit+Auburn+NSW,No website (Google Maps Profile),FB: SydneyNutMarketAuburn,+61 2 9649 3377 | sydneynutmarket@gmail.com,Jihad El-Hussein (Manager),High volume retail shop in Auburn selling bulk nuts & dates. Needs digital storefront.,High
63,Melbourne Date & Gourmet Nut House,Australia,"Coburg, Melbourne, VIC",https://maps.google.com/?q=Melbourne+Date+Nut+House+Coburg+VIC,Outdated WIX free store with broken checkout,IG: @melbourne_date_house,+61 3 9354 2266 | melbournedatehouse@gmail.com,Tarek Mansour (Owner),Popular Coburg store. Free WIX store has checkout issues causing lost online sales.,High
64,Sunraysia Dried Fruit Merchants,Australia,"Mildura, VIC",https://maps.google.com/?q=Sunraysia+Dried+Fruit+Mildura+VIC,Outdated legacy site (No online cart),FB: SunraysiaDriedFruits,+61 3 5023 1188 | sales@sunraysiadriedfruit.com.au,Greg Henderson (Director),Direct grower of Australian sultanas & dried apricots. Site is purely informative without cart.,High
65,Queensland Macadamia & Nut Cottage,Australia,"Brisbane, QLD",https://maps.google.com/?q=Queensland+Macadamia+Nut+Cottage+Brisbane,No website (Instagram store bio link empty),IG: @qld_macadamia_cottage,+61 7 3217 9900 | qldmacadamia@gmail.com,Fiona Campbell (Owner),Artisanal honey-roasted macadamias & local pecans. Takes order via IG DMs manually.,High
66,Al-Barakah Dates & Organic Foods,Australia,"Perth, WA",https://maps.google.com/?q=Al+Barakah+Dates+Perth+WA,No website (Google Maps profile),FB: AlBarakahDatesPerth,+61 8 9470 5544 | albarakahperth@gmail.com,Rashid Al-Kindi (Owner),Only specialty date store in Southern Perth. Wants automated web checkout.,High
67,Perth Nut Roasters & Dried Fruit,Australia,"Morley, Perth, WA",https://maps.google.com/?q=Perth+Nut+Roasters+Morley+WA,Basic static HTML page,IG: @perth_nut_roasters,+61 8 9276 3311 | perthnutroasters@gmail.com,Tony Rossi (Co-Founder),"Fresh roaster of almonds, cashews & trail mixes. Modern design & cart needed.",High
68,Adelaide Organic Dried Fruit & Nuts,Australia,"Adelaide, SA",https://maps.google.com/?q=Adelaide+Organic+Dried+Fruit+Adelaide+SA,No website (FB business profile),FB: AdelaideOrganicDriedFruits,+61 8 8231 6622 | adelaidedriedfruits@gmail.com,Sarah Jenkins (Owner),"Sells organic dried apples, figs & almonds at Adelaide Central Market. Needs web shop.",Medium
69,Sahara Date Emporium,Australia,"Bankstown, Sydney, NSW",https://maps.google.com/?q=Sahara+Date+Emporium+Bankstown+NSW,No website (WhatsApp order catalog),IG: @saharadates_bankstown,+61 2 9709 4433 | saharadatesaus@gmail.com,Mo Al-Dabbagh (Owner),High foot traffic store for luxury date boxes. Orders processed manually via WhatsApp.,High
70,Yarra Valley Dried Fruit & Snack Barn,Australia,"Yarra Glen, VIC",https://maps.google.com/?q=Yarra+Valley+Dried+Fruit+Yarra+Glen+VIC,Outdated WordPress site with expired SSL,FB: YarraValleyDriedFruit,+61 3 9730 1155 | info@yarravalleydriedfruit.com.au,Markus Weber (Owner),Tourist venue in Yarra Valley. Expired SSL displays security warning to potential shoppers.,High
71,Crown Dates & Nut Traders,Australia,"Dandenong, VIC",https://maps.google.com/?q=Crown+Dates+Dandenong+VIC,No website (Google Maps profile),FB: CrownDatesDandenong,+61 3 9791 8844 | crowndatesdandenong@gmail.com,Hassan Crown (Manager),Specialist importer of Saudi & Emirati dates. Lacks automated e-commerce storefront.,High
72,Gold Coast Nut & Gourmet Snack Bar,Australia,"Surfers Paradise, QLD",https://maps.google.com/?q=Gold+Coast+Nut+Bar+Surfers+Paradise,No website (Instagram store page),IG: @gc_nutbar,+61 7 5538 9911 | gcnutbar@gmail.com,Liam O'Connor (Owner),High foot traffic snack bar in tourist hub. Needs web store for tourist re-orders.,Medium
73,Al-Yathrib Premium Dates & Nuts,UAE,"Deira, Dubai",https://maps.google.com/?q=Al+Yathrib+Dates+Deira+Dubai,No e-commerce site (Google Business Profile & IG),IG: @yathrib_dates_dubai,+971 4 226 8844 | sales@yathribuae.ae,Ahmed Al-Yathribi (Managing Director),Major shop in Deira Spice Souk selling dates & nuts. Processes all online requests via WhatsApp manually.,High
74,Cool Dates Trading Establishment,UAE,"Madinat Zayed, Abu Dhabi",https://maps.google.com/?q=Cool+Dates+Trading+Abu+Dhabi,No website (Google Maps profile),FB: CoolDatesAbuDhabi,+971 2 633 5522 | cooldatesad@gmail.com,Sultan Al-Mansoori (Owner),Prime location on Al Sababah Street. Lacks online date gift box ordering portal.,High
75,Walnuts General Trading L.L.C,UAE,"Al Ras, Dubai",https://maps.google.com/?q=Walnuts+General+Trading+Al+Ras+Dubai,Static 1-page catalog without cart,IG: @walnutsgt_dubai,+971 4 225 1199 | info@walnutsgt.ae,Mohamed Saif (Operations Lead),"Large supplier of almonds, pistachios & dried figs in Al Ras market. Needs full e-commerce system.",High
76,Choco World Dates & Nuts,UAE,"Mussafah, Abu Dhabi",https://maps.google.com/?q=Choco+World+Dates+Nuts+Mussafah,No website (FB & Instagram only),FB: ChocoWorldAbuDhabi / IG: @chocoworld_ae,+971 2 555 7733 | chocoworldae@gmail.com,Faisal Al-Tamimi (Owner),Specializes in chocolate-covered stuffed dates & luxury nuts. Takes orders via Instagram DMs.,High
77,Safa Dry Fruits & Spices,UAE,Sharjah,https://maps.google.com/?q=Safa+Dry+Fruits+Sharjah,No website (Google Business Profile),FB: SafaDryFruitsSharjah,+971 6 568 4411 | safadryfruitsshj@gmail.com,Nasir Khan (Store Manager),Busy retail shop in Sharjah selling premium dates & imported roasted seeds.,High
78,Emirates Palm Dates & Sweets,UAE,Al Ain,https://maps.google.com/?q=Emirates+Palm+Dates+Al+Ain,Outdated flash-era site,IG: @emiratespalmdates_alain,+971 3 766 2288 | emiratespalmalain@gmail.com,Rashid Al-Dhaheri (Owner),"Al Ain local farm store. Web design is broken on mobile screens, losing UAE holiday orders.",High
79,Al-Qasr Nut Roastery & Roasters,UAE,"Al Qusais, Dubai",https://maps.google.com/?q=Al+Qasr+Nut+Roastery+Al+Qusais+Dubai,No website (WhatsApp business catalog),IG: @alqasr_roastery_dxb,+971 4 263 9955 | alqasrroastery@gmail.com,Hamdan Al-Nuaimi (Owner),"Roasts daily cashew, hazelnut & macadamia mixes. Needs direct customer online checkout.",High
80,Royal Crown Dates & Dried Fruit,UAE,Fujairah,https://maps.google.com/?q=Royal+Crown+Dates+Fujairah,No website (Google Maps profile),FB: RoyalCrownFujairah,+971 9 222 7700 | royalcrownfuj@gmail.com,Saeed Al-Kabi (Owner),Popular tourist stop for local dried fruits & organic dates in Fujairah.,Medium
81,Golden Oasis Dates Trading,UAE,Ras Al Khaimah,https://maps.google.com/?q=Golden+Oasis+Dates+RAK,Outdated 1-page HTML site,IG: @goldenoasis_rak,+971 7 233 4411 | goldenoasisrak@gmail.com,Khalid Al-Shehhi (Owner),Local RAK dates farm shop. Outdated HTML site has no e-commerce backend.,High
82,Al-Diwan Date Boutique,UAE,Downtown Dubai,https://maps.google.com/?q=Al+Diwan+Date+Boutique+Dubai,No e-commerce site (Instagram orders only),IG: @aldiwan_dates_dubai,+971 4 456 1122 | concierge@aldiwandates.ae,Sheikha Al-Maktoum (Brand Manager),"High-end luxury date gift box store. Selling exclusively via Instagram DMs, needs luxury web storefront.",High
83,Al-Zaeem Roastery & Dry Fruits,UAE,Ajman,https://maps.google.com/?q=Al+Zaeem+Roastery+Ajman,No website (Google Maps Profile),FB: AlZaeemRoasteryAjman,+971 6 744 3388 | alzaeemajman@gmail.com,Zaeem Al-Hashimi (Owner),Fresh roaster of Lebanese style nuts & seeds in Ajman.,Medium
84,Pearl of the Desert Dates,UAE,Sharjah City Center,https://maps.google.com/?q=Pearl+of+the+Desert+Dates+Sharjah,Outdated WIX site (Broken SSL),IG: @pearldesertdates_shj,+971 6 539 8811 | pearldesertdates@gmail.com,Marwan Al-Zarooni (Owner),Store front selling premium Kholas & Sukkari dates. WIX site has SSL security issues.,High
85,Al-Bustan Dates & Organic Nuts,UAE,"Al Barsha, Dubai",https://maps.google.com/?q=Al+Bustan+Dates+Al+Barsha+Dubai,No website (WhatsApp order link only),IG: @albustan_dates_barsha,+971 4 399 2266 | albustandatesdxb@gmail.com,Tariq Al-Ghurair (Manager),Located in Al Barsha near Mall of Emirates. Needs instant e-commerce store for hotel & resident delivery.,High
86,Bait Al-Tamoorm Dates Store,UAE,"Al Karama, Dubai",https://maps.google.com/?q=Bait+Al+Tamoorm+Karama+Dubai,No website (Google Maps profile),FB: BaitAlTamoormKarama,+971 4 337 5599 | baitaltamoorm@gmail.com,Rashid Al-Falasi (Owner),Popular Karama neighborhood date & nut store. Relying purely on walk-in traffic.,High
87,Khair Al-Nakhil Organic Dates,Saudi Arabia,Madinah,https://maps.google.com/?q=Khair+Al+Nakhil+Madinah+Saudi,No website (WhatsApp order catalog & IG),IG: @khair_alnakhil_madinah,+966 54 246 0828 | khairnakhil@gmail.com,Sheikh Abdulrahman Al-Madani (Owner),Famous date farm store near Madinah Haram. Takes hundreds of international pilgrim orders via WhatsApp manually.,High
88,Sulemaniyah Gourmet Date & Nut Market,Saudi Arabia,"Sulemaniyah, Riyadh",https://maps.google.com/?q=Sulemaniyah+Date+Nut+Market+Riyadh,No website (Google Business Profile),IG: @sulemaniyah_dates_riyadh,+966 11 465 8822 | sulemaniyahdates@gmail.com,Fahad Al-Subaie (Managing Director),Top destination in Riyadh for Sukkari dates & premium roasted nuts. No online shop.,High
89,Al-Balad Heritage Date & Spice Store,Saudi Arabia,"Al-Balad, Jeddah",https://maps.google.com/?q=Al+Balad+Date+Store+Jeddah,Outdated static catalog site,FB: AlBaladDatesJeddah,+966 12 647 3311 | baladdatesjeddah@gmail.com,Yasser Al-Ghamdi (Owner),Historic shop in Jeddah Al-Balad. Site has no e-commerce engine or cart system.,High
90,Al-Nakhla Al-Zahabiya Dates,Saudi Arabia,Al Qassim / Buraidah,https://maps.google.com/?q=Al+Nakhla+Al+Zahabiya+Buraidah,No website (Instagram store page),IG: @nakhla_zahabiya_qassim,+966 50 514 9988 | nakhlazahabiya@gmail.com,Saleh Al-Tuwaijri (Owner),"Direct date producer in Qassim (Date capital of Saudi). Sells via IG DMs, needs proper e-commerce.",High
91,Al-Ahsa Palm Dates & Sweets,Saudi Arabia,Al-Ahsa,https://maps.google.com/?q=Al+Ahsa+Palm+Dates+Saudi,Outdated site with broken order form,FB: AlAhsaDatesSaudi,+966 13 582 4477 | alahsadates@gmail.com,Abdullah Al-Khatib (Owner),Famous for Khlas dates from Al-Ahsa Oasis. Order form on current site returns server errors.,High
92,Royal Roastery & Nut Traders,Saudi Arabia,Dammam,https://maps.google.com/?q=Royal+Roastery+Dammam+Saudi,No website (Google Maps profile),IG: @royal_roastery_dammam,+966 13 834 5599 | royalroasterydammam@gmail.com,Bandar Al-Otaibi (Owner),High volume nut roaster in Eastern Province. Needs custom online ordering for corporate gifts.,High
93,Quba Dates & Souvenirs Market,Saudi Arabia,Madinah,https://maps.google.com/?q=Quba+Dates+Market+Madinah,No website (WhatsApp order catalog),FB: QubaDatesMadinah,+966 56 789 2211 | qubadatesmadinah@gmail.com,Ibrahim Al-Husseini (Manager),Located near Quba Mosque. Huge demand from Umrah pilgrims wanting online re-orders.,High
94,Al-Olaya Date & Luxury Snack Boutique,Saudi Arabia,"Al-Olaya, Riyadh",https://maps.google.com/?q=Al+Olaya+Date+Boutique+Riyadh,No website (Instagram DM sales),IG: @olaya_date_boutique,+966 11 217 6633 | info@olayadates.sa,Noura Al-Saud (Brand Director),Luxury date shop in financial district of Riyadh. Manually managing VIP client orders via WhatsApp.,High
95,Dattel & Nuss Haus Berlin,Germany,"Neukölln, Berlin",https://maps.google.com/?q=Dattel+Nuss+Haus+Berlin,No website (Google Business Profile & IG),IG: @dattelnuss_berlin,+49 30 6273 8844 | dattelnussberlin@gmail.com,Mehmet Yilmaz (Owner),"Popular Berlin store for organic dates, roasted almonds & pistachios. No online shop.",High
96,Frankfurt Trockenfrüchte & Nüsse,Germany,Frankfurt am Main,https://maps.google.com/?q=Frankfurt+Trockenfruechte+Frankfurt,Outdated German site (No SSL / No cart),FB: FrankfurtTrockenfruechte,+49 69 2992 4411 | info@frankfurttrockenfruechte.de,Stefan Becker (Co-Owner),Speciality store in Frankfurt city center. Outdated site lacks mobile checkout & SSL security.,High
97,Orient Datteln & Feinkost,Germany,Munich,https://maps.google.com/?q=Orient+Datteln+Munich,No website (Instagram order page),IG: @orientdatteln_muc,+49 89 5388 9922 | orientdatteln@gmail.com,Tariq Al-Mansour (Owner),Gourmet Medjool dates & stuffed nut gifts in Munich. Takes order via IG DMs.,High
98,Hamburg Nut & Dried Fruit Bazaar,Germany,Hamburg,https://maps.google.com/?q=Hamburg+Nut+Dried+Fruit+Bazaar,No website (Google Maps profile),FB: HamburgNutBazaar,+49 40 3252 7700 | hamburgnutbazaar@gmail.com,Kamel Ben-Ali (Owner),"Port city trader selling bulk almonds, walnuts & figs. No e-commerce site.",High
99,Cologne Orient Express Dry Fruits,Germany,Cologne (Köln),https://maps.google.com/?q=Cologne+Orient+Express+Dry+Fruits,Basic PDF catalog page,IG: @cologne_dryfruits,+49 221 257 3388 | colognefruits@gmail.com,Erol Demir (Owner),Serves NRW area with high quality oriental dried fruits. Needs automated web store.,Medium
100,Bavarian Bio Dried Fruit & Nut Manufactory,Germany,Nuremberg,https://maps.google.com/?q=Bavarian+Bio+Dried+Fruit+Nuremberg,Outdated Jimdo free site,FB: BavarianBioDriedFruit,+49 911 244 8833 | info@bavarianbiodriedfruit.de,Lukas Gruber (Founder),"Organic local dried apples, nuts & trail mixes. Jimdo site lacks custom branding & modern cart.",High
101,Sunnyland Farms,USA,"Albany, GA",https://maps.google.com/?q=Sunnyland+Farms+Albany+GA,"Outdated legacy cart, lacks interactive custom gift box builder",FB: SunnylandFarms / IG: @sunnylandfarms,+1 229-436-5647 | info@sunnylandfarms.com,Larry Willson (CEO),your current site is on a legacy checkout system that lacks an interactive custom gift tin builder and modern mobile UX for gourmet holiday gifting.,High
102,Pearson Farm,USA,"Fort Valley, GA",https://maps.google.com/?q=Pearson+Farm+Fort+Valley+GA,"Standard catalog, no dynamic bundle builder for pecans and dried fruits",FB: PearsonFarmGA / IG: @pearsonfarmga,+1 888-257-3624 | customerservice@pearsonfarm.com,Al Pearson (Partner),your online store lacks a luxury direct-to-consumer gifting interface for custom roasted pecan selections and corporate orders.,High
103,Chukar Cherries,USA,"Prosser, WA",https://maps.google.com/?q=Chukar+Cherries+Prosser+WA,"Heavy desktop-first layout, slow mobile navigation",IG: @chukarcherries / FB: ChukarCherries,+1 800-624-9544 | customerservice@chukar.com,Kathleen McNally (Founder),your mobile store loading speed and checkout flow could be substantially elevated with a modern Next.js storefront and streamlined gift box customization.,High
104,Bella Viva Orchards,USA,"Hughson, CA",https://maps.google.com/?q=Bella+Viva+Orchards+Hughson+CA,"Outdated BigCommerce template, missing custom sampler box creator",IG: @bellavivaorchards / FB: BellaVivaOrchards,+1 855-338-8482 | sales@bellaviva.com,Victor Martino (President),your vast selection of California dried apricots and heirloom nuts would drive higher cart values through an interactive 'build-a-box' bundle feature.,High
105,ApricotKing Orchards,USA,"Hollister, CA",https://maps.google.com/?q=ApricotKing+Orchards+Hollister+CA,"Basic outdated web design, non-responsive order forms",FB: ApricotKingOrchards,+1 831-637-4344 | apricotking@gmail.com,Gary Gonzales (Owner),your world-famous Blenheim dried apricots deserve an ultra-premium, modern luxury web presence instead of a basic legacy order form.
106,Berdoll Pecan Candy & Gift Co.,USA,"Cedar Creek, TX",https://maps.google.com/?q=Berdoll+Pecan+Cedar+Creek+TX,"Basic Shopify theme, lacks VIP corporate gifting portal",IG: @berdollpecans / FB: BerdollPecans,+1 512-321-6157 | info@berdoll.com,Jennifer Berdoll (General Manager),"your retail location and pecan vending machine draw huge foot traffic, but your online store lacks an immersive custom gift hamper experience.",High
107,San Saba River Pecan Company,USA,"San Saba, TX",https://maps.google.com/?q=San+Saba+River+Pecan+Company+TX,"Legacy Magento store, clunky multi-step checkout",FB: SanSabaRiverPecans,+1 800-832-9947 | info@sansabapecan.com,Brad Thompson (Manager),your award-winning pecan preserves and roasted nuts would benefit from a blazing fast modern storefront with instant Stripe one-click checkout.,High
108,Oliver Pecan Co.,USA,"San Saba, TX",https://maps.google.com/?q=Oliver+Pecan+Co+San+Saba+TX,"Standard catalog site, no interactive subscription or corporate portal",FB: OliverPecanCo,+1 800-657-9291 | orders@oliverpecan.com,Clinton Oliver (Owner),your family orchard has generations of trust, but the current website lacks modern visual storytelling and corporate gifting bundles.
109,Royalty Pecan Farms,USA,"Caldwell, TX",https://maps.google.com/?q=Royalty+Pecan+Farms+Caldwell+TX,"Outdated WordPress site, no dynamic gift box builder",IG: @royaltypecans / FB: RoyaltyPecanFarms,+1 979-567-3921 | info@royaltypecans.com,Andy Sherrod (Farm Manager),your beautiful farm tours and estate pecans deserve a cinematic, high-converting digital storefront with automated order management.
110,Durham Pecan Company,USA,"Comanche, TX",https://maps.google.com/?q=Durham+Pecan+Company+Comanche+TX,Informational wholesale site with no modern DTC cart,FB: DurhamPecan,+1 325-356-5274 | sales@durhampecan.com,Kenneth Durham (Owner),you are missing direct-to-consumer retail revenue by not having a dedicated, luxury retail storefront alongside your wholesale operations.
111,Ellis Bros. Pecans,USA,"Vienna, GA",https://maps.google.com/?q=Ellis+Bros+Pecans+Vienna+GA,Legacy e-commerce store with high mobile bounce rates,FB: EllisBrosPecans / IG: @ellisbrospecans,+1 800-635-0616 | info@werpecans.com,Slade Ellis (Co-Owner),your I-75 traveler destination has incredible customer brand love, but the web store UI feels dated and struggles on smartphones.
112,Atwell Pecans,USA,"Wrens, GA",https://maps.google.com/?q=Atwell+Pecans+Wrens+GA,"Basic web catalog, no automated gift basket customization",FB: AtwellPecans,+1 706-547-6574 | info@atwellpecans.com,Bob Atwell (President),your seasonal corporate gift tin sales are managed with outdated forms rather than a slick, interactive custom box builder.
113,Hudson Pecan Co.,USA,"Ocilla, GA",https://maps.google.com/?q=Hudson+Pecan+Co+Ocilla+GA,"Outdated WooCommerce store, lacks luxury aesthetic",FB: HudsonPecanCo / IG: @hudsonpecan,+1 229-468-9473 | info@hudsonpecan.com,Randy Hudson (Founder),your premium Georgia orchard nuts would command much higher pricing and margins with a bespoke luxury branding storefront.,High
114,South Georgia Pecan Company,USA,"Valdosta, GA",https://maps.google.com/?q=South+Georgia+Pecan+Company+Valdosta+GA,"Standard corporate store, missing modern DTC gift customization",FB: SouthGeorgiaPecan / IG: @southgeorgiapecan,+1 800-627-6654 | sales@georgiapecan.com,Jim Brock (Managing Director),your direct-to-consumer retail arm would see higher average order values with our turnkey custom nut box builder and coupon system.,High
115,Young Plantations,USA,"Florence, SC",https://maps.google.com/?q=Young+Plantations+Florence+SC,"Legacy catalog system, slow mobile checkout",FB: YoungPlantations,+1 800-729-6003 | customerservice@youngplantations.com,Travis Young (Owner),your famous holiday nut gift tins require a modern, frictionless mobile checkout experience to capture younger affluent shoppers.
116,Golden Kernel Pecan Co.,USA,"Cameron, SC",https://maps.google.com/?q=Golden+Kernel+Pecan+Cameron+SC,"Legacy HTML/PHP store, not mobile optimized",FB: GoldenKernelPecan,+1 800-845-2448 | info@goldenkernelpecan.com,Marion Summers (Manager),being South Carolina's oldest pecan company gives you immense prestige, but your online store is in need of modern responsive design.
117,Alamo Pecan & Coffee Co.,USA,"San Saba, TX",https://maps.google.com/?q=Alamo+Pecan+Coffee+Co+San+Saba+TX,"Outdated e-commerce template, lacks bundle builders",FB: AlamoPecan / IG: @alamopecan,+1 877-618-9089 | info@alamopecan.com,Dawn Blanek (Owner),pairing artisan coffee with roasted pecans is brilliant, but your site lacks dynamic cross-selling and luxury bundle customizers.
118,Stahmanns Pecans,USA,"Las Cruces, NM",https://maps.google.com/?q=Stahmanns+Pecans+Las+Cruces+NM,"Wholesale-centric site, missing high-margin DTC retail portal",FB: StahmannsPecans,+1 575-526-2453 | sales@stahmanns.com,Mark Stahmann (Executive),as one of the world's premier pecan estates, a dedicated luxury consumer storefront would allow you to capture substantial DTC retail profits.
119,Salopek Pecans,USA,"Las Cruces, NM",https://maps.google.com/?q=Salopek+Pecans+Las+Cruces+NM,"Basic WordPress storefront, lacks corporate portal",FB: SalopekPecans,+1 575-526-5867 | info@salopekpecans.com,John Salopek (Owner),your estate-grown Mesilla Valley pecans need a modern visual identity and automated corporate gifting portal for the holidays.,High
120,Fiddyment Farms,USA,"Lincoln, CA",https://maps.google.com/?q=Fiddyment+Farms+Lincoln+CA,"Traditional web store, lacks custom gift tin personalization",IG: @fiddymentfarms / FB: FiddymentFarms,+1 800-474-7822 | info@fiddymentfarms.com,David Fiddyment (Owner),your artisan California pistachios would thrive with a dedicated 'create your own pistachio gift pack' interactive feature.,High
121,Santa Barbara Pistachio Company,USA,"Maricopa, CA",https://maps.google.com/?q=Santa+Barbara+Pistachio+Company+Maricopa+CA,"Outdated website UI, lacks modern visual storytelling",IG: @sbpistachios / FB: SantaBarbaraPistachio,+1 800-896-1044 | info@pistachios.com,Josh Zannon (Operations Director),owning a prime domain like pistachios.com deserves a world-class luxury Next.js e-commerce storefront with seamless mobile checkout.,High
122,Heart of the Desert Pistachios & Wine,USA,"Alamogordo, NM",https://maps.google.com/?q=Heart+of+the+Desert+Alamogordo+NM,"Cluttered legacy shop layout, slow mobile navigation",FB: HeartoftheDesert / IG: @heartofthedesertnm,+1 800-432-0999 | info@heartofthedesert.com,George Schweers (Founder),your gourmet pistachios and dried fruit collections are buried under a cluttered store design that can be streamlined into a luxury shopping experience.,High
123,McGinn's PistachioLand,USA,"Alamogordo, NM",https://maps.google.com/?q=McGinns+PistachioLand+Alamogordo+NM,"Outdated tourist shop site, lacks streamlined online ordering",FB: PistachioLand / IG: @pistachioland_nm,+1 800-368-3081 | info@pistachioland.com,Tim McGinn (Owner),tourists love your roadside landmark, but your digital storefront needs an upgraded gift box builder so visitors re-order year-round.
124,Traina Dried Fruit,USA,"Patterson, CA",https://maps.google.com/?q=Traina+Dried+Fruit+Patterson+CA,"Corporate portal, lacks high-end consumer retail storefront",IG: @trainafoods / FB: TrainaFoods,+1 209-892-5472 | info@trainafoods.com,Willie Traina (CEO),your sun-dried California stone fruits and tomatoes are top tier, but direct consumer sales are limited by the absence of a modern luxury DTC store.
125,Valley Fig Growers,USA,"Fresno, CA",https://maps.google.com/?q=Valley+Fig+Growers+Fresno+CA,Informational brand site with fragmented retail purchase links,IG: @valleyfig / FB: ValleyFigGrowers,+1 559-237-3893 | info@valleyfig.com,Gary Jue (President),direct retail shoppers looking for California Mission & Smyrna figs are redirected across third parties instead of buying directly on a sleek brand portal.,High
126,Rancho Meladuco Date Farm,USA,"Thermal, CA",https://maps.google.com/?q=Rancho+Meladuco+Date+Farm+Thermal+CA,Shopify site with limited custom gift box assembly tools,IG: @ranchomeladuco / FB: RanchoMeladuco,+1 760-398-3283 | info@ranchomeladuco.com,Joan Smith (Founder),your cult-favorite Medjool dates would benefit immensely from an interactive custom gift tier builder for weddings and corporate clientele.,High
127,Oasis Date Gardens,USA,"Thermal, CA",https://maps.google.com/?q=Oasis+Date+Gardens+Thermal+CA,"Outdated site architecture, lacks modern subscription commerce",FB: OasisDateGardens,+1 760-399-5151 | contact@oasisdate.com,Mark Tadros (President),your historic 175-acre organic date grove has incredible heritage, but the online ordering experience does not reflect the luxury quality of your dates.
128,Shields Date Garden,USA,"Indio, CA",https://maps.google.com/?q=Shields+Date+Garden+Indio+CA,"Outdated legacy cart, missing personalized gifting bundles",IG: @shieldsdategarden / FB: ShieldsDateGarden,+1 760-347-0996 | info@shieldsdategarden.com,Patrick Bilton (General Manager),your 100-year Coachella Valley date legacy attracts thousands of visitors, but your web store is missing out on nationwide recurring subscription boxes.
129,Woodspur Farms,USA,"Coachella, CA",https://maps.google.com/?q=Woodspur+Farms+Coachella+CA,"Wholesale supplier portal, no standalone consumer gift store",LinkedIn: Woodspur Farms,+1 760-398-9430 | info@woodspurfarms.com,Scott Vance (Sales Director),as the largest organic date grower in North America, launching a branded luxury DTC storefront would unlock massive retail margins.
130,Date People,USA,"Niland, CA",https://maps.google.com/?q=Date+People+Niland+CA,"Text-only legacy HTML website, manual mail-in orders",FB: DatePeople,+1 760-359-3211 | info@datepeople.net,Vivian Parker (Co-Founder),your rare heirloom varieties have passionate demand, but requiring customers to mail in checks or call by phone costs you significant modern orders.
131,Flying Disc Ranch,USA,"Thermal, CA",https://maps.google.com/?q=Flying+Disc+Ranch+Thermal+CA,"Basic informational site, relies on farmers market sales",IG: @flyingdiscranch / FB: FlyingDiscRanch,+1 760-399-5982 | flyingdiscranch@gmail.com,Robert Sakovich (Owner),your biodynamic Barhi dates are legendary in California, but customers outside your local farmers markets have no smooth way to order online.
132,Sam Cobb Date Farms,USA,"Desert Hot Springs, CA",https://maps.google.com/?q=Sam+Cobb+Date+Farms+Desert+Hot+Springs+CA,"Basic Squarespace site, lacks automated bulk gifting discounts",IG: @samcobbdatefarms / FB: SamCobbDateFarms,+1 760-861-1664 | samcobbdatefarm@gmail.com,Sam Cobb (Founder),your unique Black Gold dates have great press coverage, but your online store lacks a polished luxury aesthetic and automated discount tiering.
133,Imperial Date Gardens,USA,"Winterhaven, CA",https://maps.google.com/?q=Imperial+Date+Gardens+Winterhaven+CA,"Legacy order form, lacking mobile checkout and coupon system",FB: ImperialDateGardens,+1 760-572-0277 | info@imperialdategardens.com,Isabel Perez (Manager),your Bard Valley Medjool dates are top export grade, but your website checkout is clunky on mobile devices and lacks coupon functionality.
134,Jewel Date Company,USA,"Thermal, CA",https://maps.google.com/?q=Jewel+Date+Company+Thermal+CA,"B2B industrial catalog, missing turnkey consumer storefront",FB: JewelDateCo,+1 760-399-5401 | info@jeweldate.com,David Smith (VP Operations),your premium organic packaged date products could easily launch a lucrative direct-to-consumer store with our ready-to-deploy turnkey platform.,High
135,Bautista Family Organic Date Ranch,USA,"Mecca, CA",https://maps.google.com/?q=Bautista+Family+Organic+Date+Ranch+Mecca+CA,"Basic Shopify storefront, lacks interactive gift box customizer",IG: @bautistafamilydates / FB: BautistaFamilyDates,+1 760-396-2337 | bautistafamilydates@gmail.com,Alicia Bautista (Manager),your 100% organic date varieties are in high demand at LA farmers markets, but your web store lacks custom variety mix-and-match features.
136,Sun Date,USA,"Coachella, CA",https://maps.google.com/?q=Sun+Date+Coachella+CA,Corporate portal without direct e-commerce shopping,LinkedIn: Sun Date Coachella,+1 760-398-6123 | sales@sundate.com,DJ Ryan (Sales Manager),packaging hundreds of tons of California dates without a flagship direct-to-consumer gourmet gifting storefront leaves major retail revenue on the table.,High
137,Pecan Nation,USA,"Fort Valley, GA",https://maps.google.com/?q=Pecan+Nation+Fort+Valley+GA,"Modern snack packaging, but web store lacks corporate gift features",IG: @thepecannation / FB: ThePecanNation,+1 478-825-7781 | info@thepecannation.com,Will McGehee (Partner),your healthy snack pecan pouches have great retail placement, but your website is missing corporate holiday bundle builders and automated tier discounts.
138,Carolina Nut Co.,USA,"Henderson, NC",https://maps.google.com/?q=Carolina+Nut+Co+Henderson+NC,"Outdated Magento store, sluggish mobile navigation",FB: CarolinaNutCo / IG: @carolinanutco,+1 800-664-6887 | info@carolinanut.com,Kevin Liles (President),your gourmet flavored nuts have an avid following, but your current Magento store checkout has high friction on mobile screens.
139,The Peanut Roaster,USA,"Henderson, NC",https://maps.google.com/?q=The+Peanut+Roaster+Henderson+NC,"Legacy web storefront, lacks interactive custom tin builder",FB: PeanutRoaster,+1 800-443-6887 | customerservice@peanut.com,David Long (Owner),your chocolate covered nuts and gift tins are iconic, but your web store lacks an interactive custom tin builder for holiday gift shoppers.
140,Virginia Diner,USA,"Wakefield, VA",https://maps.google.com/?q=Virginia+Diner+Wakefield+VA,"Traditional catalog e-commerce, lacks luxury modern feel",FB: VirginiaDiner / IG: @thevirginiadiner,+1 888-482-6887 | info@vadiner.com,Andrew Critzer (President),your legendary gourmet peanut brand could capture high-end corporate clients with an elevated, luxury-styled digital storefront.
141,Whitley's Peanut Factory,USA,"Gloucester, VA",https://maps.google.com/?q=Whitleys+Peanut+Factory+Gloucester+VA,"Outdated web catalog, lacks dynamic bundle creator",FB: WhitleysPeanutFactory / IG: @whitleyspeanut,+1 800-470-2244 | customer.service@whitleyspeanut.com,Todd Whitley (General Manager),your hand-cooked Virginia peanuts and gift tins deserve an ultra-responsive Next.js store with modern typography and effortless Stripe checkout.,High
142,Hubs Peanuts (Hubbard Peanut Co.),USA,"Sedley, VA",https://maps.google.com/?q=Hubbard+Peanut+Co+Sedley+VA,"Standard store, lacking custom gift box assembly tool",IG: @hubs_peanuts / FB: HubsPeanuts,+1 800-889-7688 | info@hubspeanuts.com,Marshall Rabil (Director of Sales),as the original pioneer of salted Virginia peanuts, your site could drive much higher holiday revenue with our interactive custom gift box builder.
143,Bazzini Nuts,USA,"Allentown, PA",https://maps.google.com/?q=Bazzini+Nuts+Allentown+PA,"Legacy web store, lack of modern mobile responsiveness",FB: BazziniNuts / IG: @bazzininuts,+1 800-228-0172 | info@bazzininuts.com,Rocco Damato (President),founded in 1886, your heritage brand should be presented with luxury Cormorant Garamond typography and a sleek mobile-first user experience.
144,Argires Snacks,USA,"Alsip, IL",https://maps.google.com/?q=Argires+Snacks+Alsip+IL,"Outdated BigCommerce template, missing custom sampler box creator",FB: ArgiresSnacks / IG: @argiressnacks,+1 708-371-6150 | info@argires-snacks.com,George Argires (Owner),your freshly roasted bulk nuts and dried fruits would benefit from automated volume tier discounts and a streamlined subscription cart.,High
145,Mister Snacks,USA,"Amherst, NY",https://maps.google.com/?q=Mister+Snacks+Amherst+NY,"Basic product catalog, lacks modern consumer e-commerce cart",FB: MisterSnacks,+1 800-333-6393 | info@mistersnacks.com,John Hamberger (President),your healthy dried fruit and nut snack mixes are great for offices and gym-goers, but your online store lacks a modern recurring subscription engine.
146,Superior Nut Company,USA,"Cambridge, MA",https://maps.google.com/?q=Superior+Nut+Company+Cambridge+MA,"Outdated legacy platform, slow navigation",FB: SuperiorNutStore,+1 617-876-4668 | info@superiornutstore.com,Paul Cranshaw (Store Director),your historic Boston roastery offers hundreds of delicious nuts and dried fruits, but your web store platform feels slow and dated on smartphones.
147,Fastachi,USA,"Watertown, MA",https://maps.google.com/?q=Fastachi+Watertown+MA,"Outdated Shopify layout, lacks interactive corporate box builder",IG: @fastachinuts / FB: Fastachi,+1 617-924-8787 | service@fastachi.com,Souren Etyemezian (Founder),your artisan roasted nuts and luxury chocolate fruit mixes are incredible, but your web checkout lacks interactive custom gift box personalization.
148,Ferris Coffee & Nut Co.,USA,"Grand Rapids, MI",https://maps.google.com/?q=Ferris+Coffee+Nut+Co+Grand+Rapids+MI,"Separate coffee and nut systems, clunky bundle purchase",IG: @ferriscoffee / FB: FerrisCoffee,+1 616-459-6257 | info@ferriscoffee.com,John Ferris (Owner),your roasted nuts and dried fruit trail mixes deserve a dedicated luxury storefront that makes pairing coffee and snacks effortless for corporate gifts.,High
149,Koeze Company,USA,"Grand Rapids, MI",https://maps.google.com/?q=Koeze+Company+Grand+Rapids+MI,"Traditional catalog site, lacks interactive sampler builder",FB: KoezeCompany / IG: @koezecompany,+1 800-627-6689 | info@koeze.com,Jeff Koeze (President),your famous colossal cashews and vintage glass jars are a holiday staple, but your online ordering flow lacks a modern custom gift basket creator.
150,Germack Pistachio Company,USA,"Detroit, MI",https://maps.google.com/?q=Germack+Pistachio+Company+Detroit+MI,"Legacy platform, missing custom nut mix builder",IG: @germackco / FB: GermackPistachio,+1 313-566-0062 | contactus@germack.com,Frank Germack (President),roasting in Detroit's Eastern Market since 1924 gives you a legendary story, but your digital storefront needs modern speed and interactive gifting tools.
151,Trophy Nut Company,USA,"Tipp City, OH",https://maps.google.com/?q=Trophy+Nut+Company+Tipp+City+OH,Legacy wholesale site with basic retail catalog,FB: TrophyNutCompany,+1 937-667-8478 | info@trophynut.com,Dave Monnin (Operations VP),your holiday gift tins and roasted snack lines would see rapid direct consumer growth through an ultra-fast Next.js digital storefront.,High
152,Nutbox,USA,"New York, NY",https://maps.google.com/?q=Nutbox+New+York+NY,"Basic Shopify store, missing custom gift crate builder",IG: @nutboxusa / FB: NutboxUSA,+1 212-925-5460 | info@nutbox.com,Yaniv Cohen (Co-Founder),your Manhattan retail locations are beautifully designed, but your online store lacks that same luxury high-end feel and custom box builder.
153,Sahadi's,USA,"Brooklyn, NY",https://maps.google.com/?q=Sahadis+Brooklyn+NY,"Complex multi-department catalog, slow nut/dry fruit ordering",IG: @sahadis / FB: SahadisBrooklyn,+1 718-624-4550 | info@sahadis.com,Christine Sahadi Whelan (Owner),your freshly roasted Lebanese nuts and dried fruits are iconic across NY, but ordering custom gift boxes online requires navigating a crowded general catalog.
154,Kalustyan's,USA,"New York, NY",https://maps.google.com/?q=Kalustyans+New+York+NY,"Legacy web store layout, missing mobile optimization",IG: @kalustyans / FB: Kalustyans,+1 212-685-3451 | info@foodsofnations.com,Aziz Osmani (General Manager),you have the greatest selection of dried fruits, dates and nuts in America
155,Nouri Brothers,USA,"Paterson, NJ",https://maps.google.com/?q=Nouri+Brothers+Paterson+NJ,"Outdated website, reliance on walk-in traffic",FB: NouriBrothersSupermarket,+1 973-279-2363 | info@nouribrothers.com,Bassam Nouri (Partner),your fresh roastery and imported Mediterranean dates have huge regional fame, but customers outside NJ cannot easily order custom gift packages online.
156,Fattal's Syrian Market,USA,"Paterson, NJ",https://maps.google.com/?q=Fattals+Market+Paterson+NJ,"Informational site only, no live e-commerce cart",FB: FattalMarket / IG: @fattalmarket,+1 973-742-7125 | info@fattalmarket.com,George Fattal (Manager),you roast the best pumpkin seeds, pistachios and Syrian delicacies in the area
157,Hashem Nuts & Roastery,USA,"Dearborn, MI",https://maps.google.com/?q=Hashem+Nuts+Roastery+Dearborn+MI,"Basic online catalog, lacks interactive gift box builder",IG: @hashemnuts / FB: HashemNuts,+1 313-581-3212 | info@hashem.com,Mohammad Hashem (Owner),your authentic Levantine roasted nut blends and dried fruits deserve an ultra-luxurious storefront that lets buyers assemble custom gift tins.,High
158,Woodland Foods,USA,"Waukegan, IL",https://maps.google.com/?q=Woodland+Foods+Waukegan+IL,"B2B portal, no standalone consumer luxury dry-fruit shop",LinkedIn: Woodland Foods / IG: @woodlandfoods,+1 847-625-6600 | info@woodlandfoods.com,John David (Sales Director),your rare heirloom nuts and freeze-dried fruits are phenomenal, and a turnkey luxury DTC storefront would unlock higher consumer margins.
159,Mount Hope Wholesale,USA,"Cottonwood, AZ",https://maps.google.com/?q=Mount+Hope+Wholesale+Cottonwood+AZ,"Outdated bulk ordering system, lacks modern retail UX",FB: MountHopeWholesale,+1 928-634-7531 | info@mounthopewholesale.com,Dan Wright (Manager),your wholesale dried fruits and raw nuts are stellar, but retail shoppers looking for smaller gift assortments find the checkout difficult to navigate.
160,We Got Nuts,USA,"Brooklyn, NY",https://maps.google.com/?q=We+Got+Nuts+Brooklyn+NY,"Generic discount store theme, lacks luxury gifting positioning",FB: WeGotNuts / IG: @wegotnuts,+1 888-297-8822 | sales@wegotnuts.com,Jack Dayan (Founder),you compete heavily on price, whereas an elevated luxury sister storefront would allow you to sell high-margin premium gift boxes.
161,A&A Nut Roasters,USA,"Los Angeles, CA",https://maps.google.com/?q=AA+Nut+Roasters+Los+Angeles+CA,"Basic wholesale web presence, no direct consumer cart",FB: AANutRoasters,+1 213-622-4411 | info@aanut.com,Amir Akbari (Owner),your Persian sour dried cherries and saffron-roasted pistachios are unmatched in LA, but you lack an online store to ship orders nationwide.
162,Pacific Nut Producer Store,USA,"Fresno, CA",https://maps.google.com/?q=Pacific+Nut+Producer+Fresno+CA,"Industry publishing portal, lacks integrated grower store",FB: PacificNutProducer,+1 559-298-6020 | info@nutgrowers.org,Matthew Malcolm (Managing Editor),your network of California tree nut growers could showcase farm-direct almonds and walnuts on a unified turnkey e-commerce store.,High
163,Sun Valley Raisins,USA,"McFarland, CA",https://maps.google.com/?q=Sun+Valley+Raisins+McFarland+CA,"Informational grower website, no direct checkout",FB: SunValleyRaisins,+1 661-792-3162 | info@sunvalleyraisins.com,Rick DeBenedetto (Owner),your organic California raisins and dried grapes are exceptional quality, but consumers have no direct online shopping cart to buy them.
164,Sun-Maid Market Store,USA,"Kingsburg, CA",https://maps.google.com/?q=Sun+Maid+Market+Kingsburg+CA,"Separate from main brand portal, lacks luxury gift customizer",IG: @sunmaid / FB: SunMaid,+1 559-896-8590 | customerservice@sunmaid.com,Steve Hughes (Store Lead),your Kingsburg store has exclusive dried fruit gift packs that are currently missing a dedicated luxury e-commerce showcase.,High
165,Torn & Glasser,USA,"Los Angeles, CA",https://maps.google.com/?q=Torn+and+Glasser+Los+Angeles+CA,"Wholesale-oriented catalog, lacks modern consumer gift shop",FB: TornandGlasser,+1 213-627-6496 | sales@tornglasser.com,Harlan Glasser (President),since 1928 you have supplied the best nuts and dried fruit in the West, but your direct consumer digital presence lacks modern interactive gift customization.
166,Carpo London,UK,London,https://maps.google.com/?q=Carpo+Piccadilly+London,"Basic international site, lacks customizable corporate gift box builder",IG: @carpoworld / FB: CarpoWorld,+44 20 7439 1234 | info@carpoworld.com,Kostas Kontopoulos (Founder),your Mayfair and Piccadilly boutiques are world-renowned for luxury nuts, but your website lacks an interactive build-your-own luxury gift hamper feature.
167,Whitworths,UK,Irthlingborough,https://maps.google.com/?q=Whitworths+Irthlingborough+UK,"FMCG brand site directing to supermarkets, missing direct luxury DTC store",IG: @whitworthsuk / FB: WhitworthsUK,+44 1933 653000 | consumer-care@whitworths.co.uk,Mark Fairweather (CEO),as Britain's top dried fruit brand, launching a dedicated direct-to-consumer luxury gifting portal would capture premium holiday spend.
168,Forest Feast (Kestrel Foods),UK,Craigavon,https://maps.google.com/?q=Forest+Feast+Craigavon+UK,"Standard WooCommerce store, lacks custom gift box assembly tool",IG: @forestfeast / FB: ForestFeast,+44 28 3835 7777 | enquiries@forestfeast.com,Michael Hall (Commercial Director),your slow-roasted nuts and Belgian chocolate dried fruits would achieve higher basket values through custom gift bundle customization.,High
169,Buy Whole Foods Online,UK,"Minster, Kent",https://maps.google.com/?q=Buy+Whole+Foods+Online+Kent+UK,"Heavy catalog with high bounce rate, lacks luxury gifting feel",FB: BuyWholeFoodsOnline / IG: @buywholefoodsonline,+44 1843 838700 | support@buywholefoodsonline.co.uk,Arthur Martin (Co-Founder),your huge organic nuts and dried fruits range would benefit from a sleek, luxury-focused sister storefront dedicated to premium gifting.
170,Real Food Source,UK,Edinburgh,https://maps.google.com/?q=Real+Food+Source+Edinburgh+UK,"Standard bulk store, missing custom gift box creator",FB: RealFoodSource / IG: @realfoodsource,+44 131 346 8800 | orders@realfoodsource.com,Donald Smith (Operations Manager),your organic nuts and berries are priced competitively, but you are leaving high-margin gifting revenue untouched without a luxury packaging portal.
171,Ludlow Nut Company,UK,"Ludlow, Shropshire",https://maps.google.com/?q=Ludlow+Nut+Company+Ludlow+UK,"Outdated visual layout, lacks modern mobile checkout",IG: @ludlownutco / FB: LudlowNutCompany,+44 1584 876000 | sales@ludlownutcompany.co.uk,Julien Wall (Co-Owner),your artisan Shropshire nut roastery and dried fruit mueslis deserve a modern cinematic storefront with instant Stripe checkout.,High
172,Nutural World,UK,London,https://maps.google.com/?q=Nutural+World+London+UK,"Basic Shopify store, missing corporate gifting module",IG: @nuturalworld / FB: NuturalWorld,+44 20 8205 9188 | info@nuturalworld.com,Ely Frank (Founder),your Great Taste Award-winning artisan stone-ground nut selections need an elevated corporate gift box configurator for holiday orders.,High
173,The Walnut Tree Gourmet Gifts,UK,Hertfordshire,https://maps.google.com/?q=The+Walnut+Tree+Gourmet+Gifts+UK,"Legacy gifting site, sluggish on mobile screens",FB: TheWalnutTreeGourmet,+44 1923 211688 | info@walnut.gifts,Beverly Frank (Director),your luxury marzipan, dried fruit and nut trays are royal-tier
174,Crazy Jack Organic,UK,Derbyshire,https://maps.google.com/?q=Crazy+Jack+Organic+Derbyshire+UK,Informational brand site with no DTC shopping cart,IG: @crazyjackorganic / FB: CrazyJackOrganic,+44 1335 342220 | info@crazyjack.co.uk,Simon Neale (Brand Lead),your organic soft dried apricots and figs are beloved across the UK, but consumers cannot purchase directly through a brand storefront.
175,Sun-Valley Nut Co.,UK,Bromborough,https://maps.google.com/?q=Sun+Valley+Nut+Co+Bromborough+UK,"B2B bar snacks catalog, lacks direct consumer gifting store",LinkedIn: Sun Valley Nut Company,+44 151 482 7100 | enquiries@sun-valley.co.uk,Jim Hacking (Sales VP),you dominate wholesale pub nuts, but a dedicated direct-to-consumer gourmet nut store would generate high recurring holiday sales.
176,Seeberger GmbH,Germany,Ulm,https://maps.google.com/?q=Seeberger+GmbH+Ulm+Germany,"Complex multi-language portal, lacks interactive custom snack box builder",IG: @seeberger_de / FB: Seeberger.de,+49 731 4093-0 | info@seeberger.de,Clemens Keller (Managing Director),as Europe's premier dried fruit and nut brand, an interactive build-your-own gift box tool would significantly boost average order value.
177,Farmer's Snack GmbH,Germany,Seevetal,https://maps.google.com/?q=Farmers+Snack+Seevetal+Germany,"Standard online store, missing corporate gift portal",IG: @farmers_snack / FB: FarmersSnack,+49 4105 6520-0 | info@farmers-snack.com,Christine Woltmann (CEO),your artisan chocolate-coated nuts and dried berries deserve a dedicated luxury storefront tailored for B2B corporate gifting.,High
178,Keimling Naturkost,Germany,Buxtehude,https://maps.google.com/?q=Keimling+Naturkost+Buxtehude+Germany,"Cluttered organic portal, slow mobile cart experience",IG: @keimling.naturkost / FB: KeimlingNaturkost,+49 4161 5116-0 | info@keimling.de,Winfried Holler (Founder),your raw organic dates, figs and wild nuts would convert much higher on mobile with our lightweight
179,Noberasco SpA,Italy,Albenga,https://maps.google.com/?q=Noberasco+Albenga+Italy,"Brand showcase site, fragmented checkout flow",IG: @noberasco / FB: Noberasco,+39 0182 5631 | info@noberasco.it,Gabriele Noberasco (President),you are Italy's undisputed champion of dried fruits, but your direct consumer web ordering flow could be elevated to luxury boutique standards.
180,Maison Naja,France,Marseille,https://maps.google.com/?q=Maison+Naja+Marseille+France,"Outdated French storefront, lacks English/global gift shipping portal",FB: MaisonNajaMarseille,+33 4 91 50 20 20 | contact@maison-naja.com,Pierre Naja (Founder),your Provençal roasted almonds and Mediterranean dried figs are sublime, but your store lacks a streamlined multi-currency checkout for international buyers.
181,Bateel International,UAE,Dubai,https://maps.google.com/?q=Bateel+Dubai+Mall+UAE,"Premium site, but custom corporate multi-address gifting is clunky",IG: @bateelgourmet / FB: BateelGourmet,+971 4 885 8737 | customercare@bateel.com,Dr. Ata Atmar (CEO),as the world's premier luxury date brand, enhancing your online store with interactive custom date box personalization will further elevate corporate gifting.
182,Bayara (Gyma Food Drinks),UAE,Dubai,https://maps.google.com/?q=Bayara+Dubai+UAE,"Consumer portal directing to retail grocers, missing standalone luxury DTC store",IG: @bayara_arabia / FB: BayaraArabia,+971 4 886 1133 | info@bayara.com,Jean-Marc Lourau (CEO),you are the leading dry fruit and nut brand in the Gulf, and a dedicated DTC gourmet gift shop would capture massive seasonal holiday revenue.
183,Al Barakah Dates Factory,UAE,Dubai,https://maps.google.com/?q=Al+Barakah+Dates+Factory+Dubai,"Industrial B2B processing site, no luxury consumer retail arm",LinkedIn: Al Barakah Dates / IG: @albarakahdates,+971 4 883 2221 | info@albarakahdates.com,Yousuf Saleem (Managing Director),as the largest date packaging facility in the world, launching a luxury direct-to-consumer gifting store would establish your own consumer brand equity.
184,Al Foah Dates (Date Crown),UAE,Al Ain,https://maps.google.com/?q=Al+Foah+Dates+Al+Ain+UAE,"Corporate government site, missing modern DTC gift customization",FB: DateCrown / IG: @datecrownae,+971 3 701 8888 | info@alfoah.ae,Mubarak Al Mansoori (Director),Date Crown is enjoyed globally, but individual consumers lack an ultra-luxury online date boutique to send curated Emirati date hampers.
185,Zadina Dates,UAE,Abu Dhabi,https://maps.google.com/?q=Zadina+Dates+Abu+Dhabi,"Outdated luxury dates site, slow mobile checkout",IG: @zadinadates,+971 2 501 5555 | info@zadinadates.com,Reem Al Hashemi (Brand Manager),your Emirati date creations and chocolate stuffed dates deserve a modern, responsive e-commerce storefront with seamless international delivery.
186,Barari Gourmet,UAE,Dubai,https://maps.google.com/?q=Barari+Gourmet+Dubai,"Basic product showcase, lacks interactive gift box builder",IG: @bararigifts,+971 4 333 4567 | info@bararigifts.com,Hossein Barari (Managing Partner),your stuffed dates and saffron dried fruit selections need an interactive custom box configurator for Ramadan and Eid corporate orders.,High
187,Jomara Dates,UAE,Dubai,https://maps.google.com/?q=Jomara+Dates+Dubai,"Catalog view only, no live online shopping cart",FB: JomaraDates,+971 4 885 8740 | info@jomara.com,Ahmad Al-Khatib (Store Manager),your organic gourmet dates have unmatched quality, but prospective online buyers have no direct way to purchase gift boxes through your website.
188,Al Rifai International,Lebanon,Beirut / Dubai,https://maps.google.com/?q=Al+Rifai+Dubai,"Legacy multi-regional store, sluggish mobile navigation",IG: @alrifai / FB: AlRifaiNuts,+961 1 741 000 | customercare@alrifai.com,Mohamed Rifai (CEO),as the pioneer of gourmet Lebanese nut roasteries, your digital storefront would benefit from modern headless Next.js architecture and faster checkout.
189,Castania Nuts,Lebanon,Beirut,https://maps.google.com/?q=Castania+Nuts+Beirut,"Brand showcase site, lacks direct luxury consumer store",IG: @castanianuts / FB: CastaniaNuts,+961 4 521 111 | info@castanianuts.com,Peter Daniel (Managing Director),Castania mixed nuts are iconic across the globe, and a direct-to-consumer luxury gifting portal would generate immense international retail sales.
190,Nabat Organic,Lebanon,Beirut,https://maps.google.com/?q=Nabat+Organic+Beirut,"Standard Shopify store, lacks custom gift bundle features",IG: @nabatorganic / FB: NabatOrganic,+961 9 232 500 | info@nabatorganic.com,Ramzi Nabat (Owner),your certified organic dried fruits, seeds and raw nuts would drive larger order totals with an interactive build-a-snack-pack feature.
191,Prana Organic,Canada,"Montreal, QC",https://maps.google.com/?q=Prana+Organic+Montreal+QC,"Modern site, but lacks personalized holiday gift box builder",IG: @pranasnacks / FB: PranaOrganic,+1 514-448-4034 | info@pranasnacks.com,Marie-Josée Richer (Co-Founder),your organic dried fruits and nut snacks have widespread grocery distribution, but your web store lacks an interactive custom gift tin customizer.
192,Johnvince Foods,Canada,"Toronto, ON",https://maps.google.com/?q=Johnvince+Foods+Toronto+ON,"Outdated bulk wholesale layout, no luxury consumer portal",FB: JohnvinceFoods,+1 416-636-6141 | info@johnvince.com,Vince Pulla (President),you are Canada's premier nut and dried fruit bulk distributor, but launching a dedicated luxury consumer gifting store would open up new profit margins.
193,Rancho Vignola,Canada,"Armstrong, BC",https://maps.google.com/?q=Rancho+Vignola+Armstrong+BC,"Seasonal wholesale order system, lacks year-round luxury gift cart",FB: RanchoVignola / IG: @ranchovignola,+1 250-546-3343 | info@ranchovignola.com,Richard Vignola (Founder),your farm-direct harvest nuts and dried fruits sell out fast, but customers want a year-round luxury gift box store with instant Stripe checkout.
194,Brookfarm,Australia,"Byron Bay, NSW",https://maps.google.com/?q=Brookfarm+Byron+Bay+NSW+Australia,"Standard BigCommerce store, missing custom macadamia gift builder",IG: @brookfarm_ / FB: BrookfarmByronBay,+61 2 6687 8666 | info@brookfarm.com.au,Martin Brook (Chairman),your Byron Bay macadamias and dried cranberries are world-famous, but your web store lacks an interactive custom gift hamper builder.
195,Macadamias Australia,Australia,"Bundaberg, QLD",https://maps.google.com/?q=Macadamias+Australia+Bundaberg+QLD,"Basic visitor center store, lacks automated corporate bundle builder",IG: @macadamiasaustralia / FB: MacadamiasAustralia,+61 7 4159 7265 | info@macadamiasaustralia.net,Janelle Gerry (Director),your estate macadamia chocolate treats and dry-roasted nuts deserve an elevated, luxury storefront with automated corporate volume discounts.
196,Royal Nut Company,Australia,"Brunswick, VIC",https://maps.google.com/?q=Royal+Nut+Company+Brunswick+VIC+Australia,"Outdated WooCommerce template, slow mobile navigation",IG: @royalnutcompany / FB: RoyalNutCompany,+61 3 9383 5555 | sales@royalnutcompany.com.au,George Koutroulis (Owner),roasting in Melbourne since 1987 has earned you deep customer loyalty, but your WooCommerce store suffers from slow mobile page speeds and high cart drop-off.
197,Nutraj (VKC Nuts),India,New Delhi / Jammu,https://maps.google.com/?q=Nutraj+VKC+Nuts+New+Delhi,"High-volume Magento store, missing interactive custom festive box builder",IG: @nutraj_dryfruits / FB: NutrajIndia,+91 1800 121 2133 | customercare@nutraj.com,Gunjan Jain (Managing Director),as one of India's largest dry fruit brands, an interactive 'create your own Diwali/wedding gift box' feature would drive massive festive order spikes.
198,Happilo International,India,Bengaluru,https://maps.google.com/?q=Happilo+International+Bengaluru,"Heavily discounted consumer store, missing bespoke corporate luxury portal",IG: @happiloindia / FB: HappiloIndia,+91 1800 270 4777 | support@happilo.com,Vikas Nahar (Founder & CEO),while your retail presence is enormous, a bespoke ultra-luxury portal dedicated exclusively to high-net-worth corporate gifting would capture premium budgets.
199,Tulsi Nuts & Dry Fruits,India,Mumbai,https://maps.google.com/?q=Tulsi+Dry+Fruits+Mumbai,"Traditional catalog, lacks interactive gift box customizer",IG: @tulsidryfruits / FB: TulsiDryFruits,+91 22 2789 2200 | info@tulsidryfruits.com,Hasmukh Jain (Managing Partner),your premium California almonds and Kashmiri walnuts are staples in Mumbai, but your web store lacks modern interactive gift hamper customization.
200,Dry Fruit Basket,India,Mumbai,https://maps.google.com/?q=Dry+Fruit+Basket+Mumbai,"Outdated WordPress/WooCommerce site, slow checkout",IG: @dryfruitbasket / FB: DryFruitBasket,+91 91522 39900 | support@dryfruitbasket.com,Rajesh Mehta (Co-Founder),your curated gift boxes are great for occasions, but the site's checkout flow is slow on mobile devices and would convert much better with modern Next.js speed.
201,Fastachi Handmade Roasted Nuts,USA,"Watertown, MA",https://maps.google.com/?q=Fastachi+Handmade+Roasted+Nuts+Watertown+MA,Traditional web store lacking an interactive custom nut tin composer,IG: @fastachinuts / FB: Fastachi,+1 617-924-8787 | contact@fastachi.com,Souren Etyemezian (Co-Founder),"your small-batch hand-roasted nuts are celebrated across Boston, but your store lacks a dynamic gift tin builder where customers can curate their own roasted mix.",High
202,CB's Nuts,USA,"Kingston, WA",https://maps.google.com/?q=CBs+Nuts+Kingston+WA,"Outdated Shopify theme, no corporate wholesale portal",IG: @cbsnuts / FB: CBsNuts,+1 360-297-1213 | info@cbsnuts.com,Clark Blanchard (Founder),"your barrel-roasted pumpkin seeds and organic peanuts have a huge Pacific Northwest following, but your site lacks modern subscription and custom gift bundling features.",High
203,The Superior Nut Company,USA,"Cambridge, MA",https://maps.google.com/?q=The+Superior+Nut+Company+Cambridge+MA,"Legacy BigCommerce store, lacks custom gift tin composer",FB: SuperiorNut / IG: @superiornutcompany,+1 800-237-8887 | customerservice@superiornutstore.com,Paul Krikorian (President),your Boston-roasted heritage cashews and holiday nut tins deserve an interactive custom gift tin builder and mobile-first checkout.,High
204,Bob's Red Mill (Nuts & Seeds),USA,"Milwaukie, OR",https://maps.google.com/?q=Bobs+Red+Mill+Milwaukie+OR,"Large grain & baking catalog, lacks dedicated luxury nut & dried fruit gift box shop",IG: @bobsredmill / FB: BobsRedMillNaturalFoods,+1 800-349-2173 | info@bobsredmill.com,Bob Moore (Founder),your whole almonds, raw pumpkin seeds
205,Hubs Peanuts (Hubbard Peanut Co.),USA,"Sedley, VA",https://maps.google.com/?q=Hubs+Peanuts+Sedley+VA,"Traditional storefront, slow mobile performance",IG: @hubeanuts / FB: HubsPeanuts,+1 800-889-7688 | contact@hubspeanuts.com,Marshall Rabil (Director of Sales),"Hubs is the original Virginia peanut brand, but your website could dramatically improve direct-to-consumer conversion with high-speed Next.js architecture.",High
206,Nuts.com,USA,"Newark, NJ",https://maps.google.com/?q=Nuts.com+Cranford+NJ,"High traffic web store, lacks corporate VIP gifting configurator",IG: @nutsdotcom / FB: NutsDotCom,+1 800-558-6887 | customercare@nuts.com,Jeffrey Braverman (CEO),your iconic custom trail mix and bulk nuts would see higher average order values with our luxury gift packaging configurator.,High
207,Whitley's Peanut Factory,USA,"Hayes, VA",https://maps.google.com/?q=Whitleys+Peanut+Factory+Hayes+VA,Legacy catalog system with multi-step friction at checkout,IG: @whitleyspeanuts / FB: WhitleysPeanutFactory,+1 800-470-2244 | customerservice@whitleyspeanut.com,Craig Whitley (President),"your artisanal slow-roasted peanuts are famous across the Mid-Atlantic, but the mobile shopping experience needs modern polish and instant payment integration.",High
208,Feridies Gourmet Virginia Peanuts,USA,"Courtland, VA",https://maps.google.com/?q=Feridies+Courtland+VA,"Classic template, lacks interactive snack mix customizer",IG: @feridies / FB: Feridies,+1 866-732-6887 | info@feridies.com,Jane Riddick-Fries (Co-Owner),your extra-large Virginia peanuts and dried fruit snack mixes deserve an ultra-luxurious visual presentation and seamless custom gift packaging module.,High
209,The Nutty Gourmet,USA,"Wheatland, CA",https://maps.google.com/?q=The+Nutty+Gourmet+Wheatland+CA,"Basic web store, lacks custom walnut & nut butter bundle engine",IG: @nuttygourmet / FB: TheNuttyGourmet,+1 530-633-8025 | info@nuttygourmet.com,Ben Erickson (Founder),your sustainably grown California walnuts and flavored walnut snacks would thrive with a high-converting DTC storefront with subscription repeat orders.,High
210,Maisie Jane's California Sunshine Products,USA,"Chico, CA",https://maps.google.com/?q=Maisie+Janes+Chico+CA,"Dated WordPress/WooCommerce site, slow page loads",IG: @maisiejanes / FB: MaisieJanes,+1 530-899-7909 | info@maisiejanes.com,Maisie Jane Hurtado (Founder),"your 4th-generation organic almond orchard and artisanal nut butters deserve a fast, luxury storefront showcasing your regenerative farming story.",High
211,Bates Nut Farm,USA,"Valley Center, CA",https://maps.google.com/?q=Bates+Nut+Farm+Valley+Center+CA,"Local farm tourist site, non-optimized e-commerce cart",IG: @batesnutfarm / FB: BatesNutFarm,+1 760-749-3333 | info@batesnutfarm.biz,Sherrie Bates (General Manager),"your San Diego County farm draws huge seasonal crowds, but your online store is missing out on nationwide recurring nut orders and curated holiday hampers.",High
212,Kopper's Chocolate & Specialty Nuts,USA,"Lakewood, NJ",https://maps.google.com/?q=Koppers+Chocolate+Lakewood+NJ,"B2B layout, lacks high-end consumer gift customizer",IG: @kopperschocolate / FB: KoppersChocolate,+1 800-325-0026 | info@kopperschocolate.com,Leslye Alexander (Vice President),"your chocolate-covered espresso beans, almonds, and dried berries are third-generation classics, yet your online consumer store lacks modern interactive gifting features.",High
213,Squire Boone Village Roasted Nuts,USA,"New Albany, IN",https://maps.google.com/?q=Squire+Boone+Village+New+Albany+IN,"Old-fashioned wholesale portal, no modern DTC experience",FB: SquireBooneVillage,+1 888-234-1804 | info@squireboone.com,Rick Boesche (President),"your Bavarian glazed roasted nuts and tourist treats could capture substantial retail margins with a dedicated, polished DTC e-commerce shop.",High
214,Priester's Pecans,USA,"Fort Deposit, AL",https://maps.google.com/?q=Priesters+Pecans+Fort+Deposit+AL,"High volume catalog site, checkout flow feels cluttered and slow",IG: @priesterspecans / FB: PriestersPecans,+1 800-523-4008 | info@priesters.com,Ellen Burkett (Co-Owner),"your 85-year Alabama pecan tradition and holiday gift tins would convert significantly higher with a clean, modern Next.js checkout and custom tin builder.",High
215,Nutstop,USA,"Las Vegas, NV",https://maps.google.com/?q=Nutstop+Las+Vegas+NV,"Standard e-commerce cart, lacks custom dried fruit bundling module",FB: NutstopStore / IG: @nutstop_official,+1 855-688-7867 | info@nutstop.com,David Cohen (Founder),your wholesale and retail dried fruit assortments would benefit from our turnkey high-converting e-commerce cart and automated discount coupon engine.,High
216,Oh! Nuts,USA,"Brooklyn, NY",https://maps.google.com/?q=Oh+Nuts+Brooklyn+NY,"Heavy legacy design, needs modern mobile gift box experience",IG: @ohnuts / FB: OhNutsGifts,+1 888-664-6887 | info@ohnuts.com,Isaac Lefkowitz (President),your kosher certified dried fruit and nut gift baskets would convert even higher during holidays with our modern interactive gift box builder.,High
217,A&A Organic Farms,USA,"Watsonville, CA",https://maps.google.com/?q=A%26A+Organic+Farms+Watsonville+CA,"Catalog showcase only, no DTC consumer store",FB: AAOrganicFarms / IG: @aaorganic,+1 831-768-0300 | info@aaorganic.com,Athel Redpath (President),your organic California dried fruits and heirloom dates deserve a dedicated direct-to-consumer boutique storefront with one-click payment.,High
218,Barney Butter Almonds,USA,"Fresno, CA",https://maps.google.com/?q=Barney+Butter+Fresno+CA,"Modern Shopify store, lacks interactive custom almond bundle builder",IG: @barneybutter / FB: BarneyButter,+1 855-667-8889 | info@barneybutter.com,Dawn Kelley (CEO),your artisanal California almond butters and flavored almond snack packs would convert higher with an interactive subscription bundle composer.,High
219,Organic Traditions Superfoods,Canada,"Toronto, ON",https://maps.google.com/?q=Organic+Traditions+Toronto+Canada,"Standard store template, could expand corporate wellness snack subscriptions",IG: @organictraditions / FB: OrganicTraditions,+1 888-343-3278 | info@organictraditions.com,Jerry Zeifman (Founder),your organic sun-dried white mulberries, unsulphured apricots
220,Traina Home Grown Dried Fruit,USA,"Patterson, CA",https://maps.google.com/?q=Traina+Foods+Patterson+CA,"Commercial corporate view, DTC shopping experience could be elevated",IG: @trainahomegrown / FB: TrainaHomeGrown,+1 209-892-5472 | customercare@traina.com,Willie Traina (CEO),"your sun-dried tomatoes, California dried plums, and dried apricots are world-class, but your consumer checkout flow would benefit from our streamlined luxury store.",High
221,Eden Foods Organic Dry Fruits & Seeds,USA,"Clinton, MI",https://maps.google.com/?q=Eden+Foods+Clinton+MI,Complex legacy catalog with dated visual aesthetics,IG: @edenfoods / FB: EdenFoods,+1 888-424-3336 | cs@edenfoods.com,Michael Potter (Chairman),"Eden Foods is an organic pioneer, but your dried fruit and pumpkin seed store design would convert much higher with modern aesthetic minimalism and instant checkout.",High
222,Gooseberry Falls Gourmet Snacks,USA,"Two Harbors, MN",https://maps.google.com/?q=Gooseberry+Falls+Two+Harbors+MN,"Tourist gift shop site, lacks streamlined online nut order flow",FB: GooseberryGifts,+1 218-834-3787 | info@gooseberryparkcottages.com,Eric Lindberg (Manager),"your North Shore wild berry jams, dried cranberries, and roasted nut tins could generate year-round revenue with a dedicated gourmet online store.",High
223,Napa Valley Dried Fruit & Nuts,USA,"Napa, CA",https://maps.google.com/?q=Napa+Valley+Dried+Fruit+Napa+CA,"Basic web presence, missing wine & gourmet nut gift pairing module",IG: @napavalleynuts,+1 707-252-8822 | info@napagourmetfoods.com,Marco Valenti (Owner),"Napa Valley wine tourists love pairing your dried fruits and roasted walnuts, but you lack an interactive corporate gift box builder on your website.",High
224,Wholefood Earth,UK,"Ramsgate, Kent, UK",https://maps.google.com/?q=Wholefood+Earth+Ramsgate+Kent+UK,"High volume bulk organic shop, lacks custom consumer gift hamper builder",IG: @wholefoodearth / FB: WholefoodEarth,+44 1843 838088 | hello@wholefoodearth.com,Valdis Bers (Director),your vast collection of organic whole nuts, dried fruits
225,Nutcessity Organic Nut Butters & Nuts,UK,"Bristol, UK",https://maps.google.com/?q=Nutcessity+Bristol+UK,"Artisanal boutique website, mobile navigation could be made far more seamless",IG: @nutcessity / FB: Nutcessity,+44 117 900 1234 | info@nutcessity.co.uk,Michel Blunt (Founder),your organic gingerbread nut spreads and single-origin roasted nuts deserve an ultra-luxurious, minimalist digital storefront.
226,Mornflake Cereals & Dried Fruit Blends,UK,"Crewe, Cheshire",https://maps.google.com/?q=Mornflake+Crewe+UK,"Corporate brand site, lacks personalized consumer dried fruit mix composer",IG: @mornflake / FB: Mornflake,+44 1270 213261 | info@mornflake.com,John Lea (Managing Director),"Mornflake's heritage spans over 300 years, but your online store is missing an interactive 'build-your-own' oat, seed, and dried fruit breakfast hamper tool.",High
227,Wilderness Poets,USA,"Ashland, OR",https://maps.google.com/?q=Wilderness+Poets+Ashland+OR,"Standard Shopify store, lacks luxury bespoke gifting engine",IG: @wildernesspoets / FB: WildernessPoets,+1 541-482-2001 | info@wildernesspoets.com,John Roulac (Co-Founder),"your raw Oregon hazelnuts, pistachio butter, and freeze-dried dragon fruit would shine on an ultra-luxurious, cinematic digital storefront.",High
228,The Dormen Food Company,UK,"Swindon, UK",https://maps.google.com/?q=The+Dormen+Food+Company+Swindon+UK,"Traditional wholesale presence, no luxury direct-to-consumer gift hamper builder",IG: @thedormen / FB: TheDormen,+44 1793 488088 | info@thedormenfoodcompany.com,Geoff Bryant (Managing Director),"your luxury pub snacks, salted caramel nuts, and Belgian chocolate mixes deserve a high-end consumer digital shop with custom gift packaging.",High
229,Terrasoul Superfoods,USA,"Fort Worth, TX",https://maps.google.com/?q=Terrasoul+Superfoods+Fort+Worth+TX,"Basic store layout, lacks custom bundle subscriptions",IG: @terrasoul / FB: TerrasoulSuperfoods,+1 817-753-0660 | service@terrasoul.com,Dennis Gehrke (Co-Founder),your organic raw cashews and sun-dried organic dates would drive stronger recurring subscriptions on a modern Next.js platform.,High
230,Infinity Foods Wholesale & Retail,UK,"Brighton, UK",https://maps.google.com/?q=Infinity+Foods+Brighton+UK,"Informational co-op site, lacks modern DTC consumer shopping experience",IG: @infinityfoods / FB: InfinityFoodsBrighton,+44 1273 603563 | info@infinityfoodswholesale.co.uk,Cooperative Management Board,"your Brighton organic dried fruit, whole nut, and seed bins are famous across Sussex, but you are missing out on UK-wide online subscription sales.",High
231,Navitas Organics,USA,"Novato, CA",https://maps.google.com/?q=Navitas+Organics+Novato+CA,"Corporate web presence, lacks interactive gifting hampers",IG: @navitasorganics / FB: NavitasOrganics,+1 888-640-2141 | info@navitasorganics.com,Zach Adelman (Founder),"your organic superfood seeds, cacao, and dried berries would convert higher with a streamlined mobile cart and subscription bundles.",High
232,Real Foods Edinburgh,UK,"Edinburgh, Scotland",https://maps.google.com/?q=Real+Foods+Broughton+St+Edinburgh+UK,"Legacy web shop design (2010 era), slow search performance",IG: @realfoodsedinburgh / FB: RealFoodsEdinburgh,+44 131 557 1911 | webshop@realfoods.co.uk,Eric Czeikowitz (Director),"Scotland's largest organic retailer has unmatched dried fruit and nut selections, but your website checkout flow feels outdated and lacks mobile speed.",High
233,Healthy Supplies UK,UK,"Lancing, West Sussex",https://maps.google.com/?q=Healthy+Supplies+Lancing+UK,"Functional but busy catalog layout, no custom nut mix builder",IG: @healthysupplies / FB: HealthySupplies,+44 1273 456376 | contact@healthysupplies.co.uk,Caroline Dawson (Director),"your vast selection of rare dried berries, heirloom dates, and raw nuts would benefit from our turnkey custom gift box and recurring order features.",High
234,Sun-Maid Growers,USA,"Kingsburg, CA",https://maps.google.com/?q=Sun-Maid+Growers+Kingsburg+CA,Brand portal lacking dedicated DTC premium gift shop,IG: @sunmaid / FB: SunMaid,+1 800-786-6243 | custserv@sunmaid.com,Harry Overly (President),your iconic California raisins and dried fruit snack packs deserve a flagship direct-to-consumer digital boutique for premium holiday gift sets.,High
235,Mariani Packing Company,USA,"Vacaville, CA",https://maps.google.com/?q=Mariani+Packing+Company+Vacaville+CA,"Basic commercial store, lacks custom dried fruit sampler builder",IG: @marianifamily / FB: MarianiDriedFruit,+1 707-452-3700 | info@mariani.com,Mark Mariani (CEO),"your premium California dried plums, figs, and mango slices would excel with an interactive custom dried-fruit sampler builder.",High
236,Bespoke Dried Fruits & Nuts Ireland,Ireland,"Dublin, Ireland",https://maps.google.com/?q=Gourmet+Dried+Fruit+Dublin+Ireland,"Local delivery site, lacks corporate gifting subscription engine",IG: @gourmetfoodparlour / FB: GourmetFoodParlour,+353 1 895 7565 | catering@gourmetfoodparlour.com,Lorraine Heskin (CEO),your artisan catering hampers and gourmet roasted nut platters would attract year-round high-margin orders with an automated build-a-box checkout.,High
237,Babbi 1952 Confectionery & Pistachio,Italy,"Bertinoro, Italy",https://maps.google.com/?q=Babbi+1952+Bertinoro+FC+Italy,"Luxury catalogue site, but DTC gifting configurator could be expanded",IG: @babbi1952 / FB: Babbi1952,+39 0543 448598 | info@babbi.it,Carlo Babbi (Managing Director),your famous Sicilian pistachio spreads and wafer confections deserve an ultra-luxurious digital boutique with interactive gift set composition.,High
238,Damiano Think Organic Almonds,Italy,"Torrenova, Messina, Italy",https://maps.google.com/?q=Damiano+Think+Organic+Torrenova+Italy,"B2B manufacturer view, direct consumer buying experience needs modern touch",IG: @damianorganic / FB: DamianoOrganic,+39 0941 958022 | info@damianorganic.it,Riccardo Damiano (CEO),"your 100% organic Sicilian almond butters, roasted nuts, and chocolate spreads could achieve exponential direct retail sales through our turnkey platform.",High
239,Made In Nature,USA,"Boulder, CO",https://maps.google.com/?q=Made+In+Nature+Boulder+CO,"Brand website, missing interactive build-a-snack bundle system",IG: @madeinnature / FB: MadeInNature,+1 800-906-7426 | orders@madeinnature.com,Doug Reisner (CEO),"your certified organic dried figs, dates, and mangoes deserve an elevated direct-to-consumer store with flexible subscription options.",High
240,Pistì Antichi Sapori dell'Etna,Italy,"Bronte, Catania, Italy",https://maps.google.com/?q=Pisti+Bronte+Catania+Italy,"Traditional Italian web store, lacking modern international multi-currency checkout",IG: @pisti_bronte / FB: PistiBronte,+39 095 772 3206 | info@pisti.it,Nino Marino (Founder),"Pistì is world-renowned for Etna PDO green pistachios, yet your international consumer web checkout lacks streamlined multi-currency payments and gift box customization.",High
241,Sunridge Farms,USA,"Santa Cruz, CA",https://maps.google.com/?q=Sunridge+Farms+Santa+Cruz+CA,"Outdated B2B layout, lacks modern direct consumer cart",FB: SunridgeFarms / IG: @sunridge_farms,+1 831-722-1151 | info@sunridgefarms.com,Mark Falcone (Founder),your organic trail mixes and artisanal chocolate-covered nuts would convert at a premium with custom build-a-tin capabilities.,High
242,Rapunzel Naturkost,Germany,"Legau, Germany",https://maps.google.com/?q=Rapunzel+Naturkost+Legau+Germany,"Massive organic catalog, lacks personalized dry fruit gift box builder",IG: @rapunzel_naturkost / FB: RapunzelNaturkost,+49 8330 5290 | info@rapunzel.de,Joseph Wilhelm (Founder),"Rapunzel's sun-dried organic dates, figs, and mangoes from the FAIR FOR LIFE program deserve a cinematic direct-to-consumer showcase for European food lovers.",High
243,MorgenLand Bio Organic Fruits,Germany,"Stemwede, Germany",https://maps.google.com/?q=MorgenLand+Bio+Stemwede+Germany,"B2B brand page, lacks direct consumer ordering portal",IG: @morgenland_bio / FB: MorgenLandBio,+49 5773 99100 | info@morgenland.bio,Bernhard Tremel (Managing Director),"your direct farm partnerships for organic dried sour cherries, mulberries, and walnuts would thrive with our turnkey consumer e-commerce storefront.",High
244,Keimling Naturkost,Germany,"Buxtehude, Germany",https://maps.google.com/?q=Keimling+Naturkost+Buxtehude+Germany,"Extensive raw vegan web store, mobile navigation feels cluttered",IG: @keimlingnaturkost / FB: KeimlingNaturkost,+49 4161 51160 | service@keimling.de,Winfried Holler (Founder),"your premium raw organic Medjool dates, wild apricots, and raw cashews would see higher checkout conversion with a minimalist, high-speed layout.",High
245,Lorenz Snack-World / Crunchips Nuts,Germany,"Neu-Isenburg, Germany",https://maps.google.com/?q=Lorenz+Snack+World+Neu-Isenburg+Germany,"Consumer brand portal, lacks corporate snack box subscription service",IG: @lorenzsnackworld / FB: LorenzSnackWorld,+49 6102 2930 | verbraucherservice@lorenz-snackworld.de,Moritz Lorenz (Managing Director),your roasted salted peanuts and NicNac's crunch nuts could unlock a high-margin DTC revenue stream with automated corporate office snack subscriptions.,High
246,Sunfood Superfoods,USA,"El Cajon, CA",https://maps.google.com/?q=Sunfood+Superfoods+El+Cajon+CA,"Standard store template, needs luxury visual makeover",IG: @sunfood / FB: SunfoodSuperfoods,+1 888-729-3663 | info@sunfood.com,Robert DeuPree (CEO),"your raw organic dried berries, cashews, and superfood blends would drive higher conversion on an ultra-fast Next.js store.",High
247,Importaco Nuts & Dried Fruit,Spain,"Beniparrell, Valencia, Spain",https://maps.google.com/?q=Importaco+Valencia+Spain,"Large industrial site, lacks luxury artisanal consumer showcase",LinkedIn: Importaco / Twitter: @Importaco,+34 96 122 3000 | info@importaco.com,Toño Pons (President),"as Europe's largest nut and dried fruit producer, your premium consumer brand Itac Professional could dominate luxury online gifting with our custom storefront.",High
248,Frutos Secos San Blas,Spain,"Madrid, Spain",https://maps.google.com/?q=Frutos+Secos+San+Blas+Madrid+Spain,"Local Madrid retail presence, basic web store without corporate hamper builder",FB: FrutosSecosSanBlas,+34 91 327 0812 | info@frutossecossanblas.com,Juan Antonio Blas (Director),"your traditional Madrid roasted Marcona almonds, caramelized hazelnuts, and dried figs deserve an elegant online store with custom Christmas hampers.",High
249,Alfrut Dried Fruits,Spain,"Chinchilla, Albacete, Spain",https://maps.google.com/?q=Alfrut+Chinchilla+Spain,"Factory portal, lacks direct-to-consumer e-commerce checkout",LinkedIn: Alfrut,+34 967 261 400 | alfrut@alfrut.com,Manuel Alfaro (General Manager),your dehydrated fruits and Mediterranean snack packs could capture retail margins with our turnkey direct-to-consumer digital shop.,High
250,Good Earth UK (Seeds & Fruits),UK,"Greenford, London, UK",https://maps.google.com/?q=Good+Earth+Tea+Nuts+London+UK,"Brand portal, lacks personalized direct-to-consumer gift packaging portal",IG: @goodearthuk / FB: GoodEarthUK,+44 20 8578 2345 | info@goodearth.co.uk,Sarah Hughes (Brand Director),your botanical tea infusions and roasted nuts would achieve higher direct consumer margins with our turnkey luxury storefront.,High
251,Go Raw,USA,"San Jose, CA",https://maps.google.com/?q=Go+Raw+San+Jose+CA,"Generic theme, lacks custom multi-pack snack box builder",IG: @gorawsnacks / FB: GoRawSnacks,+1 877-446-7291 | info@goraw.com,Tim Kelly (CEO),"your sprouted organic pumpkin seeds and snack bites deserve a modern, high-converting digital storefront.",High
252,Siafa Dates Factory,Saudi Arabia,"Jeddah, Saudi Arabia",https://maps.google.com/?q=Siafa+Dates+Jeddah+Saudi+Arabia,"Regional store layout, checkout flow could be streamlined for GCC-wide shipping",IG: @siafadates / FB: SiafaDates,+966 12 636 9999 | info@siafadates.com,Sheikh Khalid Al-Siafa (Chairman),"your premium Ajwa, Sukkari, and luxury chocolate-coated dates in bespoke tin boxes deserve an ultra-fast bilingual storefront with Apple Pay integration.",High
253,Whitworths,UK,"Irthlingborough, UK",https://maps.google.com/?q=Whitworths+Irthlingborough+UK,"Brand portal, lacks direct retail and custom hamper shop",IG: @whitworthsuk / FB: WhitworthsUK,+44 1933 653000 | info@whitworths.co.uk,Mark Fairweather (CEO),"your 130-year British heritage in dried fruits, nuts, and baking seeds would thrive on a custom-designed direct-to-consumer digital store.",High
254,Humdinger Foods,UK,"Hull, UK",https://maps.google.com/?q=Humdinger+Foods+Hull+UK,"Wholesale b2b showcase, missing direct corporate gifting shop",FB: HumdingerFoods / LinkedIn: Humdinger Foods,+44 1482 325200 | enquiries@humdinger-foods.co.uk,Derek Simpson (Managing Director),your wide range of fruit & nut snacking brands would drive higher engagement with an interactive corporate gifting catalog.,High
255,Palestine Gardens (Sinokrot) Medjool Dates,Palestine,Jericho / Ramallah,https://maps.google.com/?q=Palestine+Gardens+Jericho,"Agricultural exporter page, no consumer e-commerce store",FB: PalestineGardens / LinkedIn: Sinokrot Global,+970 2 298 0000 | info@palestinegardens.com,Mazen Sinokrot (Chairman),"your award-winning Jericho Medjool dates are prized globally, and a turnkey luxury digital store would allow fans around the world to purchase export-grade gift boxes directly.",High
256,Community Foods,UK,"Witham, UK",https://maps.google.com/?q=Community+Foods+Witham+UK,"B2B catalog only, missing modern DTC cart flow",FB: CommunityFoodsUK / IG: @communityfoods,+44 20 8208 2966 | enquiries@communityfoods.co.uk,Martin King (Managing Director),your extensive organic dried fruits and nut wholesale catalog would benefit from a modern B2B ordering portal and DTC gift box composer.,High
257,Hadiklaim Date Growers Cooperative,Israel,"Tel Aviv, Israel",https://maps.google.com/?q=Hadiklaim+Tel+Aviv+Israel,"B2B corporate site, missing luxury retail gift box builder",LinkedIn: Hadiklaim / FB: KingSolomonDates,+972 3 625 8000 | info@hadiklaim.co.il,Oren Polak (CEO),"producer of King Solomon and Jordan River dates, your brands would see higher margins with an interactive direct-to-consumer gourmet gift box portal.",High
258,Tomer Gourmet Dates & Nuts,Israel,"Kfar Saba, Israel",https://maps.google.com/?q=Tomer+Gourmet+Kfar+Saba+Israel,"Import-export page, lacks direct consumer cart",FB: TomerImport,+972 9 767 7677 | info@tomer.co.il,Tomer Cohen (Managing Director),"your specialty date spreads, roasted nuts, and dried tropical fruits would drive higher sales with our turnkey e-commerce store and local courier dispatch.",High
259,Peyman Nuts & Dried Fruits,Turkey,"Eskişehir, Turkey",https://maps.google.com/?q=Peyman+Kuruyemis+Eskisehir+Turkey,"Modern brand portal, but lacks custom gift tin builder and subscription boxes",IG: @peymankuruyemis / FB: PeymanKuruyemis,+90 222 236 0000 | info@peyman.com.tr,Kaan Baral (CEO),your DorLeo and Bahçeden gourmet dried fruit and nut snacks could capture significant corporate gifting market share with our custom gift configurator.,High
260,Tadım Roasted Nuts & Seeds,Turkey,"Gebze, Kocaeli, Turkey",https://maps.google.com/?q=Tadim+Gebze+Kocaeli+Turkey,"Corporate brand site, missing direct subscription box delivery for households",IG: @tadim / FB: Tadim,+90 262 677 3000 | info@tadim.com,İsmet Tekinalp (Chairman),"Tadım is the undisputed roasted nut leader of Turkey, yet your website lacks an automated recurring monthly snack box subscription for loyal customers.",High
261,Malatya Pazarı Dried Apricots & Nuts,Turkey,"Istanbul, Turkey",https://maps.google.com/?q=Malatya+Pazari+Spice+Bazaar+Istanbul,"Traditional Istanbul Grand Bazaar store, website checkout has multi-language friction",IG: @malatyapazari / FB: MalatyaPazari,+90 212 520 0000 | info@malatyapazari.com.tr,Murat Palancı (General Manager),"operating since 1870 at the Spice Bazaar, your world-famous Malatya sun-dried apricots deserve an ultra-luxurious, international digital storefront with instant multi-currency checkout.",High
262,Tuğba Kuruyemiş Dry Fruits,Turkey,"Aydın, Turkey",https://maps.google.com/?q=Tugba+Kuruyemis+Aydin+Turkey,"Large retail chain site, desktop-heavy UI with slow mobile loading",IG: @tugbakuruyemis / FB: TugbaKuruyemis,+90 256 231 0000 | bilgi@tugbakuruyemis.com.tr,Ahmet Tonkul (Founder),"your famous Aegean sun-dried figs, Turkish delights, and freshly roasted nuts would see significantly higher conversion with a lightning-fast mobile-first web app.",High
263,Papağan Kuruyemiş,Turkey,"Tekirdağ, Turkey",https://maps.google.com/?q=Papagan+Kuruyemis+Ergene+Tekirdag,"Industrial packaging presentation, missing consumer-facing luxury gift box store",IG: @papagankuruyemis / FB: PapaganKuruyemis,+90 282 675 1000 | info@papagan.com.tr,Kani Çetin (Chairman),"your packaged sunflower seeds, pumpkin seeds, and roasted hazelnuts deserve a modern, direct-to-consumer digital store for bulk and gift orders.",High
264,Good4U Nutrition,Ireland,"Sligo, Ireland",https://maps.google.com/?q=Good4U+Nutrition+Sligo+Ireland,"Standard store, missing corporate snack subscription portal",IG: @good4unutrition / FB: Good4UNutrition,+353 71 915 7800 | info@good4u.co,Paul Butler (Managing Director),your functional roasted seed mixes and super-sprouts would attract more repeat corporate snack orders through automated subscriptions.,High
265,Koska Delights & Nuts,Turkey,"Avcılar, Istanbul, Turkey",https://maps.google.com/?q=Koska+Helva+Avcilar+Istanbul,"Historic brand with catalog store, lacking custom build-a-box gifting portal",IG: @koska1907 / FB: Koska1907,+90 212 695 6000 | info@koska.com,Emin Dindar (CEO),"Koska's pistachio halva, roasted nuts, and dried figs have over 100 years of heritage; our custom gift box configurator would elevate your international holiday sales.",High
266,Hacı Bekir Confectionery & Pistachios,Turkey,"Kadıköy, Istanbul, Turkey",https://maps.google.com/?q=Haci+Bekir+Kadikoy+Istanbul,"Traditional web store (est. 1777), mobile experience could be modernized",IG: @hacibekir1777 / FB: HaciBekir1777,+90 216 336 1519 | info@hacibekir.com.tr,Hande Celalyan (Managing Partner),"as the historic confectioner to the Ottoman court, your pistachio lokum and roasted nuts deserve a museum-grade luxury e-commerce experience.",High
267,Hafız Mustafa 1864 Dates & Nuts,Turkey,"Eminönü, Istanbul, Turkey",https://maps.google.com/?q=Hafiz+Mustafa+1864+Eminonu+Istanbul,"High traffic web boutique, but corporate customized hamper portal could be expanded",IG: @hafizmustafa1864 / FB: HafizMustafa1864,+90 212 527 6100 | info@hafizmustafa.com,Eren Ongurlar (President),your iconic Istanbul storefronts draw global travelers; our interactive custom gift box builder would supercharge repeat international orders.,High
268,Mado Confectionery & Pistachio,Turkey,"Kahramanmaraş, Turkey",https://maps.google.com/?q=Mado+Dondurma+Kahramanmaras+Turkey,"Cafe chain layout, missing dedicated online dry fruit & nut boutique",IG: @madodondurma / FB: MadoTurkiye,+90 344 236 0600 | info@mado.com.tr,Mehmet Kanbur (Chairman),"Mado is celebrated for Maraş pistachios and traditional sweets, but your online store is missing an interactive corporate gifting hampers configurator.",High
269,Kurukahveci Mehmet Efendi Dry Roast,Turkey,"Fatih, Istanbul, Turkey",https://maps.google.com/?q=Kurukahveci+Mehmet+Efendi+Eminonu,"Historic brand showcase, lacks direct-to-consumer coffee & roasted nut subscription portal",IG: @mehmetefendikahve / FB: MehmetEfendi,+90 212 511 4200 | info@mehmetefendi.com,Mehmet Kurukahveci (Director),your world-famous freshly roasted Turkish coffee and hazelnut treats would see massive subscriber loyalty with an automated monthly delivery service.,High
270,Pariani Pure Pistachio & Nuts,Italy,"Givoletto, Italy",https://maps.google.com/?q=Pariani+Givoletto+Torino+Italy,Editorial site lacking interactive gift box customizer,IG: @pariani_nuts / FB: ParianiGourmet,+39 011 994 2200 | info@pariani.org,Mattia Pariani (Founder),"your Bronte pistachios, Piedmont hazelnuts, and specialty nut oils deserve an ultra-luxurious, editorial e-commerce presentation.",High
271,KoRo Drogerie,Germany,"Berlin, Germany",https://maps.google.com/?q=KoRo+Drogerie+Berlin+Germany,"Large DTC store, lacks custom corporate gifting builder",IG: @koro_de / FB: KoRoDrogerie,+49 30 9210 79070 | service@korodrogerie.de,Constantinos Calios (Co-Founder),"your bulk nuts, freeze-dried fruits, and nut butters would see even stronger conversion with customized corporate gifting bundles.",High
272,Liwa Dates,UAE,"Abu Dhabi, UAE",https://maps.google.com/?q=Liwa+Dates+Abu+Dhabi+UAE,"Standard regional store, lacks custom luxury date box configurator",IG: @liwadates / FB: LiwaDatesUAE,+971 2 666 4333 | info@liwadates.com,Saeed Al-Romaithi (General Manager),"your artisanal Emirati dates, date syrups, and gourmet gift hampers deserve an ultra-luxurious digital boutique with international payment processing.",High
273,Morlife Dried Berries & Functional Snacks,Australia,"Arundel, QLD, Australia",https://maps.google.com/?q=Morlife+Arundel+QLD+Australia,"Shopify store with busy navigation, could benefit from a focused luxury dried berry collection",IG: @morlife_ / FB: Morlife,+61 7 5571 7744 | info@morlife.com,Warren Stewart (Founder),"your freeze-dried blueberries, dark chocolate goji berries, and functional superfood snacks would convert faster on an uncluttered, high-speed luxury storefront.",High
274,Angas Park Dried Fruits,Australia,"Angaston, SA, Australia",https://maps.google.com/?q=Angas+Park+Angaston+SA+Australia,"Brand portal, no direct retail customer purchasing options",FB: AngasPark / LinkedIn: Angas Park,+61 8 8564 3700 | info@angaspark.com.au,David Williams (General Manager),"Angas Park has been drying premium Australian apricots, prunes, and peaches since 1911, but your website lacks a direct consumer online shop for gift boxes.",High
275,JC's Quality Foods,Australia,"Scoresby, VIC, Australia",https://maps.google.com/?q=JCs+Quality+Foods+Scoresby+VIC+Australia,"FMCG catalog view, lacks direct consumer snack subscription portal",IG: @jcsqualityfoods / FB: JCsQualityFoods,+61 3 9764 0517 | info@jcsqualityfoods.com.au,Joseph Sgro (Managing Director),"your Outback Mix, premium cashews, and fruit salad snacks are staple retail favorites; you could capture retail margins with our turnkey consumer subscription shop.",High
276,Tropeaka Superfoods & Seeds,Australia,"Brookvale, NSW, Australia",https://maps.google.com/?q=Tropeaka+Brookvale+NSW+Australia,"Active store, lacks corporate gifting module for nut & berry boxes",IG: @tropeaka / FB: Tropeaka,+61 2 9905 0000 | support@tropeaka.com,Caleb Marshall (Founder),your organic chia seeds, acai berry powders
277,Anand Sweets & Dry Fruits,India,"Commercial Street, Bangalore",https://maps.google.com/?q=Anand+Sweets+Commercial+Street+Bangalore,"Regional sweet shop site, missing automated corporate festive gift tin customizer",IG: @anandsweetsindia / FB: AnandSweetsIndia,+91 80 2558 8992 | care@anandsweets.net,Arvind Dadu (Managing Director),your legendary Royal Dry Fruit boxes and festive hampers in Bangalore would achieve higher online reach with custom box builders.,High
278,Sunbeam Foods Dried Fruit,Australia,"Irymple, VIC, Australia",https://maps.google.com/?q=Sunbeam+Foods+Irymple+VIC+Australia,"Large commercial FMCG site, lacks dedicated artisanal gift box shop",FB: SunbeamFoods / IG: @sunbeamfoods,+61 3 5051 4400 | info@sunbeamfoods.com.au,Mark King (CEO),"as Australia's heritage dried vine fruit brand, Sunbeam could drive significant average order values through a curated holiday baking and snacking gift tin store.",High
279,Snackible Healthy Nut Snacks,India,"Lower Parel, Mumbai",https://maps.google.com/?q=Snackible+Lower+Parel+Mumbai,"Snack shop layout, checkout flow could be streamlined with express one-click payments",IG: @snackible / FB: Snackible,+91 22 4000 8800 | support@snackible.com,Aditya Sanghavi (Founder),your healthy roasted makhana, flavored nut mixes
280,Charlesworth Nuts,Australia,"Adelaide, SA, Australia",https://maps.google.com/?q=Charlesworth+Nuts+Adelaide+SA,"Busy traditional web layout, mobile navigation could be made far more seamless",IG: @charlesworthnuts / FB: CharlesworthNuts,+61 8 8344 1111 | info@charlesworthnuts.com.au,Brett Charlesworth (Managing Director),"your 90-year Adelaide roasting heritage and gift baskets are legendary, but your mobile cart would convert higher with our minimalist, modern Next.js store.",High
281,Yupik Dried Fruits & Nuts,Canada,"Montreal, QC, Canada",https://maps.google.com/?q=Yupik+Montreal+QC+Canada,"High volume bulk store, lacks interactive curated corporate gift tin builder",IG: @yupik_inc / FB: YupikFoods,+1 866-987-4500 | info@yupik.ca,David Bitton (Director),"your extensive catalog of organic Turkish figs, raw nuts, and confectionery would drive higher profit margins with a bespoke corporate gift box builder.",High
282,Stahmann Webster Pecans & Nuts,Australia,"Toowoomba, QLD",https://maps.google.com/?q=Stahmann+Webster+Toowoomba+Australia,"Corporate site, missing direct consumer web shop",FB: StahmannWebster / LinkedIn: Stahmann Webster,+61 7 4699 9400 | info@stahmannwebster.com.au,Andrew McNab (CEO),"your premium Australian pecans, walnuts, and macadamias would drive higher DTC margins with our turnkey luxury e-commerce platform.",High
283,Patience Fruit & Co Organic Cranberries,Canada,"Notre-Dame-de-Lourdes, QC",https://maps.google.com/?q=Patience+Fruit+Notre+Dame+de+Lourdes+QC,"Modern visual layout, but checkout flow lacks customized snack box subscriptions",IG: @patiencefruitco / FB: PatienceFruitCo,+1 819-385-4400 | info@patiencefruit.com,Marie-Michèle Le Moine (Brand Director),"your slow-grown, organic dried cranberries and wild blueberries are the gold standard of Quebec; our automated subscription engine would build recurring consumer revenue.",High
284,Bassé Nuts & Seeds,Canada,"Laval, QC, Canada",https://maps.google.com/?q=Basse+Nuts+Laval+QC+Canada,"Commercial distributor site, lacks customized direct consumer gift packaging portal",IG: @bassenuts / FB: BasseNuts,+1 450-682-6887 | info@bassenuts.com,Jack Bassé (CEO),your third-generation Montreal nut roasting business could achieve substantial DTC growth with an interactive build-a-tin feature for holiday gifting.,High
285,Dan-D-Pak / Dan-D-Foods,Canada,"Richmond, BC, Canada",https://maps.google.com/?q=Dan+D+Pak+Richmond+BC+Canada,"Wholesale corporate page, lacks direct consumer ordering portal",FB: DanDPak / LinkedIn: Dan-D-Foods,+1 604-278-8688 | info@dan-d-pak.com,Dan On (President),"from cashews to dried mango and chia seeds, Dan-D-Pak is a household staple across Western Canada; our ready-made storefront would launch your direct-to-consumer store in 24 hours.",High
286,Rostaa Gourmet Nuts & Berries,India,"Mumbai, Maharashtra",https://maps.google.com/?q=Rostaa+Gourmet+Andheri+Mumbai,"High quality brand store, lacks interactive luxury gift box customizer for weddings and Diwali",IG: @rostaagourmet / FB: RostaaGourmet,+91 22 4030 9000 | info@rostaa.com,Harshvardhan Agrawal (Director),"Rostaa is synonymous with premium hazelnuts, macadamias, and cranberries in India; your website would see higher festive cart values with our custom wedding hamper builder.",High
287,Wonderland Foods (Sun Organic Farm),India,"New Delhi, Delhi",https://maps.google.com/?q=Wonderland+Foods+New+Delhi,"E-commerce store on basic theme, mobile checkout requires too many steps",IG: @wonderlandfoodsofficial / FB: WonderlandFoods,+91 11 4550 5000 | care@wonderlandfoods.in,Siddharth Goel (Co-Founder),"your California almonds and dried blueberries are top-tier, but your website checkout flow could convert much higher with instant UPI and customized festive gift boxes.",High
288,Go Nuts!! The Gourmet Nut Co.,India,"Lower Parel, Mumbai",https://maps.google.com/?q=Go+Nuts+Lower+Parel+Mumbai,"Snack store design, missing corporate gifting dashboard for multi-address delivery",IG: @gonutsfornuts / FB: GoNutsIndia,+91 22 2490 1000 | crush@gonuts.in,Ashok Patil (Co-Founder),your sea salt caramel almonds and 4 O'Clock snack mixes are loved across corporate Mumbai; an automated multi-recipient corporate gifting portal would streamline festive orders.,High
289,Pro Nature Organic Dry Fruits,India,"Bangalore, Karnataka",https://maps.google.com/?q=Pro+Nature+Organic+Bangalore,"Catalog showcase, needs streamlined direct-to-consumer recurring subscription flow",IG: @pronatureorganic / FB: ProNatureOrganic,+91 80 4115 5252 | info@pronatureorganic.com,Varun Gupta (Founder),"your certified organic raisins, cashew nuts, and flax seeds deserve a high-converting, lightning-fast digital storefront with automated monthly pantry replenishment.",High
290,24 Mantra Organic Dry Fruits & Seeds,India,"Hyderabad, Telangana",https://maps.google.com/?q=24+Mantra+Organic+Hyderabad,"Massive grocery catalog, lacks focused luxury gifting experience for organic nuts",IG: @24mantraorganic / FB: 24MantraOrganic,+91 40 4000 7000 | customercare@24mantra.com,Rajashekar Reddy Seelam (Founder),"as India's organic pioneer, your dry fruits and roasted seeds could command premium gifting margins through a dedicated luxury boutique sub-brand storefront.",High
291,Conscious Food Organic Nuts,India,"Mumbai, Maharashtra",https://maps.google.com/?q=Conscious+Food+Bandra+Mumbai,"Standard store template, missing customized corporate wellness hamper builder",IG: @consciousfoodindia / FB: ConsciousFoodIndia,+91 22 2490 2000 | care@consciousfood.com,Kavita Mukhi (Founder),your organic Mamra almonds and sun-dried figs have a devoted following; our turnkey custom gift box tool would allow corporate clients to curate bespoke organic wellness hampers.,High
292,Sorich Organics Dried Berries & Seeds,India,"Noida, Uttar Pradesh",https://maps.google.com/?q=Sorich+Organics+Noida,"Basic web layout, lacks modern dynamic subscription cart",IG: @sorichorganics / FB: SorichOrganics,+91 120 420 5000 | support@sorichorganics.com,Rishabh Chokhani (Founder),"your dried cranberries, chia seeds, and trail mixes would achieve higher customer retention with our turnkey automated monthly subscription engine.",High
293,Morish Nuts,Australia,"Swan Valley, WA",https://maps.google.com/?q=Morish+Nuts+Swan+Valley+Australia,"Outdated legacy cart, lacks modern mobile checkout",IG: @morishnuts / FB: MorishNuts,+61 8 9221 0211 | info@morish.com.au,Archie Morphett (Founder),"your famous handcrafted caramelized nuts and savory mixes in Swan Valley deserve a high-speed, mobile-optimized online storefront.",High
294,Fruit d'Or Organic Cranberries,Canada,"Plessisville, QC",https://maps.google.com/?q=Fruit+d%27Or+Plessisville+QC,"Corporate b2b layout, lacks modern direct ordering portal",FB: FruitdOr / IG: @fruitdor_organic,+1 819-362-3231 | info@fruitdor.ca,Martin Le Moine (President),your organic Canadian dried cranberries and blueberries would convert higher with a modern direct-to-consumer store and wholesale reordering.,High
295,Sindhi Dry Fruits,India,"Lajpat Nagar, New Delhi",https://maps.google.com/?q=Sindhi+Dry+Fruits+Lajpat+Nagar+Delhi,"Traditional shop layout, lacks automated gift tin customizer for weddings",FB: SindhiDryFruitsDelhi,+91 11 2981 3344 | sales@sindhidryfruits.com,Harish Bajaj (Managing Partner),"your Lajpat Nagar shop has decades of trust for Afghan anjeer, walnuts, and Mamra badam; an interactive online gift builder would expand your orders across India.",High
296,New Ramesh Kirana & Dry Fruits,India,"Begum Bazar, Hyderabad",https://maps.google.com/?q=New+Ramesh+Kirana+Begum+Bazar+Hyderabad,Wholesale portal with slow mobile performance,FB: NewRameshKirana,+91 40 2461 4455 | contact@newrameshkirana.com,Ramesh Kumar (Proprietor),"Begum Bazar's prime dry fruit destination can easily double retail margins by offering pre-curated festive boxes on a high-speed, modern Next.js store.",High
297,Kashmir Box Artisanal Dry Fruits,India,"Srinagar, Jammu & Kashmir",https://maps.google.com/?q=Kashmir+Box+Srinagar,"Multi-category artisan store, lacks focused corporate dry fruit tin customizer",IG: @kashmirbox / FB: KashmirBox,+91 194 243 0000 | info@kashmirbox.com,Muheet Mehraj (Founder),"your authentic Kashmiri paper-shell walnuts, mamra almonds, and saffron are iconic; our dedicated luxury gifting store would maximize your corporate festive revenue.",High
298,Orgo All-Natural Kashmiri Walnuts,India,"Jammu, J&K, India",https://maps.google.com/?q=Orgo+All+Natural+Dry+Fruits+Jammu,"Basic web shop, checkout flow lacks express one-click UPI",IG: @orgonaturals / FB: OrgoNaturals,+91 191 245 0000 | care@orgonaturals.com,Rohit Gupta (Director),your farm-direct walnut kernels and dried figs would see higher cart completions with an ultra-fast modern store and instant checkout.,High
299,True Elements,India,"Pune, India",https://maps.google.com/?q=True+Elements+Pune+India,"Standard e-com layout, lacks luxury corporate gift tin composer",IG: @mytreelements / FB: TrueElements,+91 82910 82910 | care@trueelements.com,Puru Gupta (Co-Founder),"your 100% whole grain, certified clean seeds and dried berries would drive higher basket sizes with customized gifting bundles.",High
300,Haldiram's Gourmet Dry Fruit Gifts,India,"Nagpur / New Delhi, India",https://maps.google.com/?q=Haldirams+Nagpur,"Massive consumer food portal, corporate dry fruit gifting could be significantly elevated",IG: @haldirams_nagpur / FB: HaldiramsOfficial,+91 712 277 9451 | support@haldirams.com,Shiv Kishan Agrawal (Chairman),Haldiram's is a household brand worldwide; our interactive custom gift box builder would allow your corporate clients to personalize their festive dry fruit gift hampers effortlessly.,High
301,Blue Diamond Growers,USA,"Sacramento, CA","https://maps.google.com/?q=Blue+Diamond+Growers+Sacramento,+CA",Traditional web shop lacking an interactive custom gift tin builder and modern mobile checkout,IG: @bluediamondgrow / FB: Blue Diamond Growers,General Inquiries | support@bluediamond.com,Mark Jansen (CEO),your world-renowned California almonds and gourmet snack tins deserve a luxury direct-to-consumer digital gift boutique.,High
302,Sunsweet Growers,USA,"Yuba City, CA","https://maps.google.com/?q=Sunsweet+Growers+Yuba+City,+CA",Traditional web shop lacking an interactive custom gift tin builder and modern mobile checkout,IG: @sunsweetgrowers / FB: Sunsweet Growers,General Inquiries | info@sunsweet.com,Brad Schuler (CEO),"as the global leader in dried prunes and specialty fruits, a modern interactive gift box builder would unlock higher retail margins.",High
303,Setton Farms,USA,"Terra Bella, CA","https://maps.google.com/?q=Setton+Farms+Terra+Bella,+CA",Traditional web shop lacking an interactive custom gift tin builder and modern mobile checkout,IG: @settonfarms / FB: Setton Farms,General Inquiries | info@settonfarms.com,Lee Cohen (General Manager),"your premium California pistachios and pistachio chews deserve an ultra-luxurious, editorial e-commerce presentation.",High
304,Tierra Farm,USA,"Valatie, NY","https://maps.google.com/?q=Tierra+Farm+Valatie,+NY",Traditional web shop lacking an interactive custom gift tin builder and modern mobile checkout,IG: @tierrafarm / FB: Tierra Farm,General Inquiries | info@tierrafarm.com,Dan Kelly (CEO),your certified organic roasted nuts and dried fruits would see higher basket values with automated corporate gifting tins.,High
305,Sahale Snacks,USA,"Seattle, WA","https://maps.google.com/?q=Sahale+Snacks+Seattle,+WA",Traditional web shop lacking an interactive custom gift tin builder and modern mobile checkout,IG: @sahalesnacks / FB: Sahale Snacks,General Inquiries | info@sahalesnacks.com,Josh Schroeter (Co-Founder),your glazed nut mixes and fruit snack blends would convert at higher order values with our turnkey custom gift set configurator.,High
306,Diamond of California,USA,"Stockton, CA","https://maps.google.com/?q=Diamond+of+California+Stockton,+CA",Traditional web shop lacking an interactive custom gift tin builder and modern mobile checkout,IG: @diamondofcalifo / FB: Diamond of California,General Inquiries | info@diamondnuts.com,Craig Tokusato (CMO),your 110-year California heritage in culinary walnuts and pecans would thrive with a modern direct-to-consumer store.,High
307,Fisher Nuts (John B. Sanfilippo),USA,"Elgin, IL","https://maps.google.com/?q=Fisher+Nuts+(John+B.+Sanfilippo)+Elgin,+IL",Traditional web shop lacking an interactive custom gift tin builder and modern mobile checkout,IG: @fishernutsjohnb / FB: Fisher Nuts (John B. Sanfilippo),General Inquiries | info@fishernuts.com,Jeffrey Sanfilippo (CEO),your fresh-roasted nuts and orchard pecan favorites would convert higher with an express one-click mobile cart.,High
308,Planters Nut & Chocolate Co.,USA,"Austin, MN","https://maps.google.com/?q=Planters+Nut+&+Chocolate+Co.+Austin,+MN",Traditional web shop lacking an interactive custom gift tin builder and modern mobile checkout,IG: @plantersnutchoc / FB: Planters Nut & Chocolate Co.,General Inquiries | customercare@planters.com,Jim Snee (Chairman),the legendary Mr. Peanut brand could capture high-margin holiday gifting orders with custom customizable nut tin composers.,High
309,Western Nut Company,USA,"Salt Lake City, UT","https://maps.google.com/?q=Western+Nut+Company+Salt+Lake+City,+UT",Traditional web shop lacking an interactive custom gift tin builder and modern mobile checkout,IG: @westernnutcompa / FB: Western Nut Company,General Inquiries | sales@westernnut.com,Steve Western (President),"your freshly roasted cashews, almonds, and Utah gift tins deserve a modern, responsive digital storefront.",High
310,Cane River Pecan Company,USA,"New Iberia, LA","https://maps.google.com/?q=Cane+River+Pecan+Company+New+Iberia,+LA",Traditional web shop lacking an interactive custom gift tin builder and modern mobile checkout,IG: @caneriverpecanc / FB: Cane River Pecan Company,General Inquiries | info@caneriverpecan.com,Jady Regard (President),your Louisiana gourmet pecan tins and chocolate nuts would thrive with an interactive holiday gift configurator.,High
311,Golden Peanut and Tree Nuts,USA,"Alpharetta, GA","https://maps.google.com/?q=Golden+Peanut+and+Tree+Nuts+Alpharetta,+GA",Traditional web shop lacking an interactive custom gift tin builder and modern mobile checkout,IG: @goldenpeanutand / FB: Golden Peanut and Tree Nuts,General Inquiries | info@goldenpeanut.com,Arthur Peery (President),your premium peanut and pecan ingredients would benefit from our turnkey B2B ordering and consumer gift packaging modules.,High
312,Ellis Bros. Pecans,USA,"Vienna, GA","https://maps.google.com/?q=Ellis+Bros.+Pecans+Vienna,+GA",Traditional web shop lacking an interactive custom gift tin builder and modern mobile checkout,IG: @ellisbrospecans / FB: Ellis Bros. Pecans,General Inquiries | info@werenuts.com,Keith Ellis (Partner),your I-75 Georgia pecan store draws road-trippers nationwide; our turnkey store would turn visitors into repeat annual subscribers.,High
313,South Georgia Pecan Company,USA,"Valdosta, GA","https://maps.google.com/?q=South+Georgia+Pecan+Company+Valdosta,+GA",Traditional web shop lacking an interactive custom gift tin builder and modern mobile checkout,IG: @southgeorgiapec / FB: South Georgia Pecan Company,General Inquiries | info@georgiapecan.com,Jim Worn (President),"shelling pecans since 1913, your Georgia pecans deserve a modern, high-converting digital storefront.",High
314,Whaley Pecan Company,USA,"Troy, AL","https://maps.google.com/?q=Whaley+Pecan+Company+Troy,+AL",Traditional web shop lacking an interactive custom gift tin builder and modern mobile checkout,IG: @whaleypecancomp / FB: Whaley Pecan Company,General Inquiries | info@whaleypecan.com,Frank Whaley (President),your Alabama roasted pecans and seasonal nut gift samplers would convert higher with modern express payments.,High
315,Young Plantations,USA,"Florence, SC","https://maps.google.com/?q=Young+Plantations+Florence,+SC",Traditional web shop lacking an interactive custom gift tin builder and modern mobile checkout,IG: @youngplantation / FB: Young Plantations,General Inquiries | info@youngplantations.com,David Young (President),your famous Carolina pecan pralines and spiced nuts deserve an ultra-luxurious online gift tin experience.,High
316,Mascot Pecan Shelling Co.,USA,"Glennville, GA","https://maps.google.com/?q=Mascot+Pecan+Shelling+Co.+Glennville,+GA",Traditional web shop lacking an interactive custom gift tin builder and modern mobile checkout,IG: @mascotpecanshel / FB: Mascot Pecan Shelling Co.,General Inquiries | info@mascotpecan.com,Kenny Tarver (President),your handmade pecan clusters and Georgia roasted nuts would see higher cart sizes with custom gift tin packaging.,High
317,Royal Ridge Fruits,USA,"Royal City, WA","https://maps.google.com/?q=Royal+Ridge+Fruits+Royal+City,+WA",Traditional web shop lacking an interactive custom gift tin builder and modern mobile checkout,IG: @royalridgefruit / FB: Royal Ridge Fruits,General Inquiries | info@royalridgefruits.com,Kevin Dorsing (Managing Director),your Washington dried Montmorency tart cherries and blueberries deserve a premium digital boutique.,High
318,Meduri Farms,USA,"Dallas, OR","https://maps.google.com/?q=Meduri+Farms+Dallas,+OR",Traditional web shop lacking an interactive custom gift tin builder and modern mobile checkout,IG: @medurifarms / FB: Meduri Farms,General Inquiries | info@medurifarms.com,Joe Meduri (Founder),your infused dried cranberries and vineyard berries would convert higher with our turnkey luxury storefront.,High
319,Graceland Fruit,USA,"Frankfort, MI","https://maps.google.com/?q=Graceland+Fruit+Frankfort,+MI",Traditional web shop lacking an interactive custom gift tin builder and modern mobile checkout,IG: @gracelandfruit / FB: Graceland Fruit,General Inquiries | info@gracelandfruit.com,Al DeVore (CEO),"as a world pioneer in infused dried cranberries and cherries, your DTC store would benefit from modern subscription tools.",High
320,Shoreline Fruit,USA,"Traverse City, MI","https://maps.google.com/?q=Shoreline+Fruit+Traverse+City,+MI",Traditional web shop lacking an interactive custom gift tin builder and modern mobile checkout,IG: @shorelinefruit / FB: Shoreline Fruit,General Inquiries | info@shorelinefruit.com,Ken Wixson (Director),your Michigan Montmorency tart cherries and dried berries would drive higher margins with custom snack gift boxes.,High
321,Smeltzer Orchard Company,USA,"Frankfort, MI","https://maps.google.com/?q=Smeltzer+Orchard+Company+Frankfort,+MI",Traditional web shop lacking an interactive custom gift tin builder and modern mobile checkout,IG: @smeltzerorchard / FB: Smeltzer Orchard Company,General Inquiries | info@smeltzerorchards.com,Tim Smeltzer (President),"processing Michigan fruit since 1905, your dried cherries and blueberries deserve a modern consumer shop.",High
322,Cherry Central Cooperative,USA,"Traverse City, MI","https://maps.google.com/?q=Cherry+Central+Cooperative+Traverse+City,+MI",Traditional web shop lacking an interactive custom gift tin builder and modern mobile checkout,IG: @cherrycentralco / FB: Cherry Central Cooperative,General Inquiries | info@cherrycentral.com,Steve Cooper (President),your grower-owned dried fruit co-op would capture high retail margins with our turnkey direct cart.,High
323,Brownwood Acres / FruitFast,USA,"Central Lake, MI","https://maps.google.com/?q=Brownwood+Acres+/+FruitFast+Central+Lake,+MI",Traditional web shop lacking an interactive custom gift tin builder and modern mobile checkout,IG: @brownwoodacresf / FB: Brownwood Acres / FruitFast,General Inquiries | info@brownwoodacres.com,Stephen deTar (President),your tart cherry concentrates and dried fruit snack packs would drive stronger recurring subscriptions on a modern platform.,High
324,Traverse Bay Farms,USA,"Bellaire, MI","https://maps.google.com/?q=Traverse+Bay+Farms+Bellaire,+MI",Traditional web shop lacking an interactive custom gift tin builder and modern mobile checkout,IG: @traversebayfarm / FB: Traverse Bay Farms,General Inquiries | info@traversebayfarms.com,Andy LaPointe (Founder),your award-winning dried cherries and nut mixes would convert higher with an interactive corporate gift box builder.,High
325,King Orchards,USA,"Central Lake, MI","https://maps.google.com/?q=King+Orchards+Central+Lake,+MI",Traditional web shop lacking an interactive custom gift tin builder and modern mobile checkout,IG: @kingorchards / FB: King Orchards,General Inquiries | info@kingorchards.com,John King (Co-Owner),your farm-direct Michigan dried cherries and fruit gift boxes would thrive on our turnkey e-commerce store.,High
326,Friske Farm Market,USA,"Ellsworth, MI","https://maps.google.com/?q=Friske+Farm+Market+Ellsworth,+MI",Traditional web shop lacking an interactive custom gift tin builder and modern mobile checkout,IG: @friskefarmmarke / FB: Friske Farm Market,General Inquiries | info@friske.com,Richard Friske (Owner),your orchard dried fruits and handcrafted nut treats deserve an elevated digital storefront with nationwide shipping.,High
327,Golden State Fruit,USA,"Webster, NY","https://maps.google.com/?q=Golden+State+Fruit+Webster,+NY",Traditional web shop lacking an interactive custom gift tin builder and modern mobile checkout,IG: @goldenstatefrui / FB: Golden State Fruit,General Inquiries | info@goldenstatefruit.com,Dan O'Donnell (President),your fresh and dried fruit holiday towers would convert higher with our custom gift packaging configurator.,High
328,Manhattan Fruitier,USA,"Long Island City, NY","https://maps.google.com/?q=Manhattan+Fruitier+Long+Island+City,+NY",Traditional web shop lacking an interactive custom gift tin builder and modern mobile checkout,IG: @manhattanfruiti / FB: Manhattan Fruitier,General Inquiries | orders@manhattanfruitier.com,Lauren Elvers Collins (President),"your artistic dried fruit and nut gift arrangements deserve a high-converting, luxury digital showcase.",High
329,Frog Hollow Farm,USA,"Brentwood, CA","https://maps.google.com/?q=Frog+Hollow+Farm+Brentwood,+CA",Traditional web shop lacking an interactive custom gift tin builder and modern mobile checkout,IG: @froghollowfarm / FB: Frog Hollow Farm,General Inquiries | info@froghollow.com,Farmer Al Courchesne (Founder),your legendary California organic sun-dried peaches and nectarines deserve a luxury direct-to-consumer store.,High
330,Harry & David,USA,"Medford, OR","https://maps.google.com/?q=Harry+&+David+Medford,+OR",Traditional web shop lacking an interactive custom gift tin builder and modern mobile checkout,IG: @harrydavid / FB: Harry & David,General Inquiries | service@harryanddavid.com,Steven Lightman (President),your iconic Royal Riviera dried fruit baskets and gourmet nut towers could convert even higher with interactive custom box builders.,High
331,Wolferman's Gourmet Gifts,USA,"Medford, OR","https://maps.google.com/?q=Wolferman's+Gourmet+Gifts+Medford,+OR",Traditional web shop lacking an interactive custom gift tin builder and modern mobile checkout,IG: @wolfermansgourm / FB: Wolferman's Gourmet Gifts,General Inquiries | service@wolfermans.com,Gourmet Food Division,your breakfast gift baskets and dried fruit preserves would see higher average order values with custom bundle builders.,High
332,Cheryl's Gourmet Gifts,USA,"Westerville, OH","https://maps.google.com/?q=Cheryl's+Gourmet+Gifts+Westerville,+OH",Traditional web shop lacking an interactive custom gift tin builder and modern mobile checkout,IG: @cherylsgourmetg / FB: Cheryl's Gourmet Gifts,General Inquiries | service@cheryls.com,Cheryl Krueger (Founder),your gourmet holiday gift tins and roasted nut treats would convert higher with a streamlined mobile checkout.,High
333,Dancing Deer Gourmet Snacks,USA,"Boston, MA","https://maps.google.com/?q=Dancing+Deer+Gourmet+Snacks+Boston,+MA",Traditional web shop lacking an interactive custom gift tin builder and modern mobile checkout,IG: @dancingdeergour / FB: Dancing Deer Gourmet Snacks,General Inquiries | customerservice@dancingdeer.com,Frank Carpenito (CEO),"your scratch-baked snack cakes and artisan nut gift boxes deserve a modern, high-speed Next.js storefront.",High
334,Zingerman's Mail Order,USA,"Ann Arbor, MI","https://maps.google.com/?q=Zingerman's+Mail+Order+Ann+Arbor,+MI",Traditional web shop lacking an interactive custom gift tin builder and modern mobile checkout,IG: @zingermansmailo / FB: Zingerman's Mail Order,General Inquiries | service@zingermans.com,Mo Frechette (Managing Partner),your artisanal roasted nuts and estate dried fruits would convert higher with our turnkey luxury e-commerce platform.,High
335,Hickory Farms,USA,"Chicago, IL","https://maps.google.com/?q=Hickory+Farms+Chicago,+IL",Traditional web shop lacking an interactive custom gift tin builder and modern mobile checkout,IG: @hickoryfarms / FB: Hickory Farms,General Inquiries | service@hickoryfarms.com,Judy Ransford (CEO),your specialty nut samplers and dried fruit gift boxes would benefit from our interactive corporate gifting configurator.,High
336,Swiss Colony,USA,"Monroe, WI","https://maps.google.com/?q=Swiss+Colony+Monroe,+WI",Traditional web shop lacking an interactive custom gift tin builder and modern mobile checkout,IG: @swisscolony / FB: Swiss Colony,General Inquiries | service@swisscolony.com,Pat Ryan (President),your heritage holiday nut tins and dried fruit confections would see higher mobile conversions on a modern Next.js store.,High
337,Figis Gourmet Gifts,USA,"Marshfield, WI","https://maps.google.com/?q=Figis+Gourmet+Gifts+Marshfield,+WI",Traditional web shop lacking an interactive custom gift tin builder and modern mobile checkout,IG: @figisgourmetgif / FB: Figis Gourmet Gifts,General Inquiries | service@figis.com,Customer Care Team,your Wisconsin nut tins and dried fruit assortments would benefit from an automated corporate gift portal.,High
338,Wisconsin Cheese & Nut Mart,USA,"Milwaukee, WI","https://maps.google.com/?q=Wisconsin+Cheese+&+Nut+Mart+Milwaukee,+WI",Traditional web shop lacking an interactive custom gift tin builder and modern mobile checkout,IG: @wisconsincheese / FB: Wisconsin Cheese & Nut Mart,General Inquiries | info@wisconsincheesemart.com,Ken McNulty (President),your artisanal cheese and roasted nut pairing baskets would see higher average order values with custom gift box composers.,High
339,Wholesale Nuts And Dried Fruit,USA,"Clifton, NJ","https://maps.google.com/?q=Wholesale+Nuts+And+Dried+Fruit+Clifton,+NJ",Traditional web shop lacking an interactive custom gift tin builder and modern mobile checkout,IG: @wholesalenutsan / FB: Wholesale Nuts And Dried Fruit,General Inquiries | info@wholesalenutsanddriedfruit.com,David Mizrahi (Founder),your bulk dried fruit and nut selections would benefit from our turnkey high-converting e-commerce cart.,High
340,Inka Crops,USA,"Miami, FL","https://maps.google.com/?q=Inka+Crops+Miami,+FL",Traditional web shop lacking an interactive custom gift tin builder and modern mobile checkout,IG: @inkacrops / FB: Inka Crops,General Inquiries | info@inkacrops.com,Ignacio Garaycochea (Director),your giant roasted corn nuts and specialty seed snacks would drive higher direct sales with an interactive snack box builder.,High
341,Justin's Nut Butter & Snacks,USA,"Boulder, CO","https://maps.google.com/?q=Justin's+Nut+Butter+&+Snacks+Boulder,+CO",Traditional web shop lacking an interactive custom gift tin builder and modern mobile checkout,IG: @justinsnutbutte / FB: Justin's Nut Butter & Snacks,General Inquiries | info@justins.com,Justin Gold (Founder),your artisanal almond butter pouches and organic nut cups deserve an elevated digital storefront with subscription repeat orders.,High
342,Artisana Organics Nut Butters,USA,"Oakland, CA","https://maps.google.com/?q=Artisana+Organics+Nut+Butters+Oakland,+CA",Traditional web shop lacking an interactive custom gift tin builder and modern mobile checkout,IG: @artisanaorganic / FB: Artisana Organics Nut Butters,General Inquiries | info@artisanaorganics.com,Lorena Morales (Director),"your raw organic walnut, cashew, and tahini butter jars deserve a clean, modern direct-to-consumer store.",High
343,MaraNatha Foods,USA,"Lake Success, NY","https://maps.google.com/?q=MaraNatha+Foods+Lake+Success,+NY",Traditional web shop lacking an interactive custom gift tin builder and modern mobile checkout,IG: @maranathafoods / FB: MaraNatha Foods,General Inquiries | info@maranathafoods.com,Brand Management,your California roasted almond and creamy peanut butters would drive higher subscriptions on an ultra-fast digital storefront.,High
344,Woodstock Foods,USA,"Providence, RI","https://maps.google.com/?q=Woodstock+Foods+Providence,+RI",Traditional web shop lacking an interactive custom gift tin builder and modern mobile checkout,IG: @woodstockfoods / FB: Woodstock Foods,General Inquiries | info@woodstock-foods.com,Michael Funk (Founder),"your Non-GMO organic dried apricots, walnuts, and pumpkin seeds deserve an ultra-luxurious DTC boutique.",High
345,BulkFoods.com,USA,"Toledo, OH","https://maps.google.com/?q=BulkFoods.com+Toledo,+OH",Traditional web shop lacking an interactive custom gift tin builder and modern mobile checkout,IG: @bulkfoodscom / FB: BulkFoods.com,General Inquiries | info@bulkfoods.com,Brad Miller (General Manager),"your bulk dried fruits, nuts, and trail mixes would convert at higher order values with our turnkey custom mix composer.",High
346,Nuts in Bulk USA,USA,"New Rochelle, NY","https://maps.google.com/?q=Nuts+in+Bulk+USA+New+Rochelle,+NY",Traditional web shop lacking an interactive custom gift tin builder and modern mobile checkout,IG: @nutsinbulkusa / FB: Nuts in Bulk USA,General Inquiries | info@nutsinbulk.com,Mark Klein (President),your wholesale and retail raw nuts would benefit from our turnkey high-converting e-commerce cart.,High
347,Farm Fresh Nuts,USA,"Lakewood, NJ","https://maps.google.com/?q=Farm+Fresh+Nuts+Lakewood,+NJ",Traditional web shop lacking an interactive custom gift tin builder and modern mobile checkout,IG: @farmfreshnuts / FB: Farm Fresh Nuts,General Inquiries | info@farmfreshnuts.com,Solomon Gross (Owner),your hand-selected roasted nuts and dried fruit gift trays would convert higher during holidays with our modern gift box builder.,High
348,We Got Nuts,USA,"Brooklyn, NY","https://maps.google.com/?q=We+Got+Nuts+Brooklyn,+NY",Traditional web shop lacking an interactive custom gift tin builder and modern mobile checkout,IG: @wegotnuts / FB: We Got Nuts,General Inquiries | info@wegotnuts.com,Jack Dweck (Founder),your bulk dried fruits and roasted cashews would see higher average order values with an automated discount engine.,High
349,Jerry's Nut House,USA,"Denver, CO","https://maps.google.com/?q=Jerry's+Nut+House+Denver,+CO",Traditional web shop lacking an interactive custom gift tin builder and modern mobile checkout,IG: @jerrysnuthouse / FB: Jerry's Nut House,General Inquiries | info@jerrysnuthouse.com,Jerry Gross (Founder),"roasting savory nut mixes and dried fruit in Colorado, your store would benefit from our interactive custom tin builder.",High
350,Natursource,Canada,"Saint-Laurent, QC","https://maps.google.com/?q=Natursource+Saint-Laurent,+QC",Traditional web shop lacking an interactive custom gift tin builder and modern mobile checkout,IG: @natursource / FB: Natursource,General Inquiries | info@natursource.com,Garry Oberfield (CEO),"your premium salad toppers, tamari roasted almonds, and gourmet nut mixes would convert higher with custom snack subscriptions.",High
351,Organic Fair,Canada,"Cobble Hill, BC","https://maps.google.com/?q=Organic+Fair+Cobble+Hill,+BC",Traditional web shop lacking an interactive custom gift tin builder and modern mobile checkout,IG: @organicfair / FB: Organic Fair,General Inquiries | info@organicfair.com,Kent Goodwin (Co-Founder),your Vancouver Island organic nut snacks and dried fruit confections would shine on a modern luxury storefront.,High
352,Hornby Organic,Canada,"Hornby Island, BC","https://maps.google.com/?q=Hornby+Organic+Hornby+Island,+BC",Traditional web shop lacking an interactive custom gift tin builder and modern mobile checkout,IG: @hornbyorganic / FB: Hornby Organic,General Inquiries | info@hornbyorganic.com,Cayleigh Anderson (Co-Founder),"your organic seed bars and artisanal nut butter snacks deserve a high-speed, mobile-optimized online store.",High
353,Prana Bio Organic,Canada,"Montreal, QC","https://maps.google.com/?q=Prana+Bio+Organic+Montreal,+QC",Traditional web shop lacking an interactive custom gift tin builder and modern mobile checkout,IG: @pranabioorganic / FB: Prana Bio Organic,General Inquiries | info@pranabio.com,Alon Farber (President),"your organic Chia seeds, dried Turkish figs, and raw almonds would drive stronger repeat orders on a Next.js platform.",High
354,Fruit d'Or Ingredients,Canada,"Plessisville, QC","https://maps.google.com/?q=Fruit+d'Or+Ingredients+Plessisville,+QC",Traditional web shop lacking an interactive custom gift tin builder and modern mobile checkout,IG: @fruitdoringredi / FB: Fruit d'Or Ingredients,General Inquiries | sales@fruitdor.ca,Sales Directorate,your organic Canadian cranberries and wild blueberries would convert higher with our turnkey B2B portal.,High
355,Ritter Courivaud Specialty Foods,UK,"Leicester, UK","https://maps.google.com/?q=Ritter+Courivaud+Specialty+Foods+Leicester,+UK",Traditional web shop lacking an interactive custom gift tin builder and modern mobile checkout,IG: @rittercourivaud / FB: Ritter Courivaud Specialty Foods,General Inquiries | enquiries@rittercourivaud.co.uk,Alain Courivaud (Managing Director),"your fine French dried fruits, pine nuts, and pastry ingredients deserve an automated corporate ordering portal.",High
356,Forest Whole Foods,UK,"Swanage, Dorset","https://maps.google.com/?q=Forest+Whole+Foods+Swanage,+Dorset",Traditional web shop lacking an interactive custom gift tin builder and modern mobile checkout,IG: @forestwholefood / FB: Forest Whole Foods,General Inquiries | hello@forestwholefoods.co.uk,Chloe Phillips (Director),"your 100% certified organic dried mulberries, goji berries, and raw walnuts would convert higher with automated pantry subscriptions.",High
357,Grape Tree Natural Wholefoods,UK,"Kingswinford, UK","https://maps.google.com/?q=Grape+Tree+Natural+Wholefoods+Kingswinford,+UK",Traditional web shop lacking an interactive custom gift tin builder and modern mobile checkout,IG: @grapetreenatura / FB: Grape Tree Natural Wholefoods,General Inquiries | info@grapetree.co.uk,Nick Shutts (Founder),"with over 140 UK stores, your dried fruits and roasting nuts would see higher digital basket values with our custom gift tin builder.",High
358,Buy Whole Foods Online UK,UK,"Minster, Kent","https://maps.google.com/?q=Buy+Whole+Foods+Online+UK+Minster,+Kent",Traditional web shop lacking an interactive custom gift tin builder and modern mobile checkout,IG: @buywholefoodson / FB: Buy Whole Foods Online UK,General Inquiries | enquiries@buywholefoodsonline.co.uk,Arthur Martin (Director),"your vast collection of organic whole nuts, dried fruits, and baking seeds would convert higher with interactive mix composers.",High
359,Clearspring Organic Foods,UK,"London, UK","https://maps.google.com/?q=Clearspring+Organic+Foods+London,+UK",Traditional web shop lacking an interactive custom gift tin builder and modern mobile checkout,IG: @clearspringorga / FB: Clearspring Organic Foods,General Inquiries | info@clearspring.co.uk,Christopher Dawson (Founder),"your Japanese organic seed snacks and dried fruits deserve an ultra-luxurious, minimalist digital boutique.",High
360,Just Natural Organic Foods,UK,"Barnsley, UK","https://maps.google.com/?q=Just+Natural+Organic+Foods+Barnsley,+UK",Traditional web shop lacking an interactive custom gift tin builder and modern mobile checkout,IG: @justnaturalorga / FB: Just Natural Organic Foods,General Inquiries | info@justnatural.co.uk,Mark Armstrong (Director),your pre-packed organic dry fruits and raw nut kernels would benefit from our turnkey consumer e-commerce storefront.,High
361,Hodmedod's British Pulses & Seeds,UK,"Halesworth, Suffolk","https://maps.google.com/?q=Hodmedod's+British+Pulses+&+Seeds+Halesworth,+Suffolk",Traditional web shop lacking an interactive custom gift tin builder and modern mobile checkout,IG: @hodmedodsbritis / FB: Hodmedod's British Pulses & Seeds,General Inquiries | hello@hodmedods.co.uk,Nick Saltmarsh (Co-Founder),"your British-grown roasted fava beans, pumpkin seeds, and specialty grains deserve an elevated, storytelling-rich digital storefront.",High
362,Biona Organic / Windmill Organics,UK,"London, UK","https://maps.google.com/?q=Biona+Organic+/+Windmill+Organics+London,+UK",Traditional web shop lacking an interactive custom gift tin builder and modern mobile checkout,IG: @bionaorganicwin / FB: Biona Organic / Windmill Organics,General Inquiries | info@biona.co.uk,Donata Kingston (Director),"your organic dried mango, medjool dates, and roasted nut spreads would convert higher with our streamlined mobile checkout.",High
363,Tropical Wholefoods,UK,"Sunderland, UK","https://maps.google.com/?q=Tropical+Wholefoods+Sunderland,+UK",Traditional web shop lacking an interactive custom gift tin builder and modern mobile checkout,IG: @tropicalwholefo / FB: Tropical Wholefoods,General Inquiries | info@tropicalwholefoods.com,Adam Brett (Founder),"pioneering fair-trade dried bananas, mangoes, and cashews, your ethical story deserves a modern luxury web presence.",High
364,Sunmark Fine Foods,UK,"Greenford, UK","https://maps.google.com/?q=Sunmark+Fine+Foods+Greenford,+UK",Traditional web shop lacking an interactive custom gift tin builder and modern mobile checkout,IG: @sunmarkfinefood / FB: Sunmark Fine Foods,General Inquiries | info@sunmark.co.uk,Sunny Sharma (Chairman),your international distribution of premium dry fruits and roasted snacks would benefit from our automated corporate wholesale portal.,High
365,Artisan Hamper Company,UK,"Cotswolds, UK","https://maps.google.com/?q=Artisan+Hamper+Company+Cotswolds,+UK",Traditional web shop lacking an interactive custom gift tin builder and modern mobile checkout,IG: @artisanhamperco / FB: Artisan Hamper Company,General Inquiries | info@artisanhampers.co.uk,James Montgomery (Owner),your luxury Cotswolds food hampers and roasted nut selections deserve an interactive custom hamper configurator.,High
366,Highland Fayre Gourmet Gifts,UK,"Perth, Scotland","https://maps.google.com/?q=Highland+Fayre+Gourmet+Gifts+Perth,+Scotland",Traditional web shop lacking an interactive custom gift tin builder and modern mobile checkout,IG: @highlandfayrego / FB: Highland Fayre Gourmet Gifts,General Inquiries | sales@highlandfayre.co.uk,Kerri Ferguson (Director),Scotland's leading hamper company would achieve higher corporate gifting conversion with our interactive custom box composer.,High
367,Spicers of Hythe Hampers,UK,"Hythe, Kent","https://maps.google.com/?q=Spicers+of+Hythe+Hampers+Hythe,+Kent",Traditional web shop lacking an interactive custom gift tin builder and modern mobile checkout,IG: @spicersofhytheh / FB: Spicers of Hythe Hampers,General Inquiries | info@spicersofhythe.co.uk,Percy Spicer (Director),"curating luxury food hampers since 1926, your artisanal dry fruit and nut gifts deserve an ultra-modern digital storefront.",High
368,Virginia Hayward The Hamper Company,UK,"Shaftesbury, Dorset","https://maps.google.com/?q=Virginia+Hayward+The+Hamper+Company+Shaftesbury,+Dorset",Traditional web shop lacking an interactive custom gift tin builder and modern mobile checkout,IG: @virginiahayward / FB: Virginia Hayward The Hamper Company,General Inquiries | sales@virginiahayward.com,Sam Hayward (Managing Director),your premium holiday hampers and roasted nut selections would benefit from our multi-address corporate checkout portal.,High
369,Dukeshill Luxury Hampers,UK,"Telford, Shropshire","https://maps.google.com/?q=Dukeshill+Luxury+Hampers+Telford,+Shropshire",Traditional web shop lacking an interactive custom gift tin builder and modern mobile checkout,IG: @dukeshillluxury / FB: Dukeshill Luxury Hampers,General Inquiries | enquiries@dukeshill.co.uk,Mark Duske (Managing Director),"Royal Warrant holder for artisan meats and gourmet nut gifts, your luxury online presentation deserves a high-speed Next.js storefront.",High
370,Daylesford Organic Farm,UK,"Kingham, Gloucestershire","https://maps.google.com/?q=Daylesford+Organic+Farm+Kingham,+Gloucestershire",Traditional web shop lacking an interactive custom gift tin builder and modern mobile checkout,IG: @daylesfordorgan / FB: Daylesford Organic Farm,General Inquiries | guest.services@daylesford.com,Carole Bamford (Founder),"your organic seed mixes, roasted nuts, and dried orchard fruits deserve an ultra-luxurious e-commerce showcase.",High
371,Cartwright & Butler,UK,"Gilberdyke, East Yorkshire","https://maps.google.com/?q=Cartwright+&+Butler+Gilberdyke,+East+Yorkshire",Traditional web shop lacking an interactive custom gift tin builder and modern mobile checkout,IG: @cartwrightbutle / FB: Cartwright & Butler,General Inquiries | info@cartwrightandbutler.co.uk,Tony Arnett (Director),your iconic embossed tin gift boxes and salted caramel nuts would see higher conversion with custom gift box composers.,High
372,Lunya Catalan Deli & Nuts,UK,"Liverpool, UK","https://maps.google.com/?q=Lunya+Catalan+Deli+&+Nuts+Liverpool,+UK",Traditional web shop lacking an interactive custom gift tin builder and modern mobile checkout,IG: @lunyacatalandel / FB: Lunya Catalan Deli & Nuts,General Inquiries | info@lunya.co.uk,Peter Kinsella (Co-Founder),your artisan Spanish Marcona almonds and Catalan dried figs would convert at a premium with our luxury digital storefront.,High
373,Brindisa Spanish Gourmet Nuts,UK,"Borough Market, London","https://maps.google.com/?q=Brindisa+Spanish+Gourmet+Nuts+Borough+Market,+London",Traditional web shop lacking an interactive custom gift tin builder and modern mobile checkout,IG: @brindisaspanish / FB: Brindisa Spanish Gourmet Nuts,General Inquiries | homedelivery@brindisa.com,Monika Linton (Founder),"your salted Marcona almonds, toasted hazelnuts, and dried persimmons deserve an ultra-luxurious direct-to-consumer store.",High
374,Mevalia Gourmet Foods,UK,"Birmingham, UK","https://maps.google.com/?q=Mevalia+Gourmet+Foods+Birmingham,+UK",Traditional web shop lacking an interactive custom gift tin builder and modern mobile checkout,IG: @mevaliagourmetf / FB: Mevalia Gourmet Foods,General Inquiries | info@mevalia.co.uk,Paul Richardson (Director),your specialty diet dried fruits and seed crackers would drive higher recurring subscriptions on a modern Next.js platform.,High
375,Planet Organic UK,UK,"London, UK","https://maps.google.com/?q=Planet+Organic+UK+London,+UK",Traditional web shop lacking an interactive custom gift tin builder and modern mobile checkout,IG: @planetorganicuk / FB: Planet Organic UK,General Inquiries | info@planetorganic.com,Renée Elliott (Founder),the UK's first organic supermarket could capture higher margins on raw bulk nuts and dried fruits with our turnkey subscription portal.,High
376,Whole Foods Market UK,UK,"Kensington, London","https://maps.google.com/?q=Whole+Foods+Market+UK+Kensington,+London",Traditional web shop lacking an interactive custom gift tin builder and modern mobile checkout,IG: @wholefoodsmarke / FB: Whole Foods Market UK,General Inquiries | uk.customerservice@wholefoods.com,UK Executive Team,your flagship Kensington store draws gourmet shoppers; our interactive custom gift box builder would supercharge corporate orders.,High
377,Neal's Yard Remedies Superfoods,UK,"Covent Garden, London","https://maps.google.com/?q=Neal's+Yard+Remedies+Superfoods+Covent+Garden,+London",Traditional web shop lacking an interactive custom gift tin builder and modern mobile checkout,IG: @nealsyardremedi / FB: Neal's Yard Remedies Superfoods,General Inquiries | advice@nealsyardremedies.com,Anabel Kindersley (Co-Owner),"your organic pumpkin seeds, flax seeds, and functional dried berries deserve a modern, high-converting digital storefront.",High
378,Pukka Herbs Functional Seeds,UK,"Keynsham, Bristol","https://maps.google.com/?q=Pukka+Herbs+Functional+Seeds+Keynsham,+Bristol",Traditional web shop lacking an interactive custom gift tin builder and modern mobile checkout,IG: @pukkaherbsfunct / FB: Pukka Herbs Functional Seeds,General Inquiries | info@pukkaherbs.com,Sebastian Pole (Co-Founder),your organic wellness blends and seed preparations would benefit from an automated monthly recurring subscription engine.,High
379,Bumbles Gourmet Hampers,UK,"Dundee, Scotland","https://maps.google.com/?q=Bumbles+Gourmet+Hampers+Dundee,+Scotland",Traditional web shop lacking an interactive custom gift tin builder and modern mobile checkout,IG: @bumblesgourmeth / FB: Bumbles Gourmet Hampers,General Inquiries | info@bumblesonline.co.uk,David Stewart (Owner),your Scottish artisan food hampers and dried berry selections would achieve higher corporate sales with our custom box builder.,High
380,Ballycross Apple Farm & Dried Fruit,Ireland,"Bridgetown, Wexford","https://maps.google.com/?q=Ballycross+Apple+Farm+&+Dried+Fruit+Bridgetown,+Wexford",Traditional web shop lacking an interactive custom gift tin builder and modern mobile checkout,IG: @ballycrossapple / FB: Ballycross Apple Farm & Dried Fruit,General Inquiries | info@ballycross.com,Arnold Von Engelbrechten (Owner),your orchard dried fruits and artisanal farm juices deserve an elevated digital storefront with nationwide shipping.,High
381,The Scullery Gourmet Hampers,Ireland,"Nenagh, Tipperary","https://maps.google.com/?q=The+Scullery+Gourmet+Hampers+Nenagh,+Tipperary",Traditional web shop lacking an interactive custom gift tin builder and modern mobile checkout,IG: @thescullerygour / FB: The Scullery Gourmet Hampers,General Inquiries | info@thescullery.ie,Florrie Purcell (Founder),"your handmade Irish preserves, spiced nuts, and holiday hampers would convert higher with an automated gift customizer.",High
382,Sheridans Cheesemongers & Nut Hampers,Ireland,"Kells, Meath","https://maps.google.com/?q=Sheridans+Cheesemongers+&+Nut+Hampers+Kells,+Meath",Traditional web shop lacking an interactive custom gift tin builder and modern mobile checkout,IG: @sheridanscheese / FB: Sheridans Cheesemongers & Nut Hampers,General Inquiries | info@sheridanscheesemongers.com,Kevin Sheridan (Co-Founder),Ireland's premier cheesemongers would see higher festive cart values with an interactive dried fruit and nut pairing configurator.,High
383,Alnatura Bio,Germany,"Darmstadt, Germany","https://maps.google.com/?q=Alnatura+Bio+Darmstadt,+Germany",Traditional web shop lacking an interactive custom gift tin builder and modern mobile checkout,IG: @alnaturabio / FB: Alnatura Bio,General Inquiries | kontakt@alnatura.de,Götz Rehn (Founder),"your organic Medjool dates, dried cranberries, and nut mixes deserve an ultra-luxurious DTC storefront.",High
384,dmBio Snacks & Nuts,Germany,"Karlsruhe, Germany","https://maps.google.com/?q=dmBio+Snacks+&+Nuts+Karlsruhe,+Germany",Traditional web shop lacking an interactive custom gift tin builder and modern mobile checkout,IG: @dmbiosnacksnuts / FB: dmBio Snacks & Nuts,General Inquiries | servicecenter@dm.de,Christoph Werner (CEO),your organic snack seeds and dried fruit selections would convert higher with an automated gift box builder.,High
385,Byodo Naturkost,Germany,"Mühldorf, Germany","https://maps.google.com/?q=Byodo+Naturkost+Mühldorf,+Germany",Traditional web shop lacking an interactive custom gift tin builder and modern mobile checkout,IG: @byodonaturkost / FB: Byodo Naturkost,General Inquiries | info@byodo.de,Michael Moßbacher (Founder),"your 100% organic snack wafers, seeds, and oils deserve an elevated direct-to-consumer store.",High
386,Dr. Goerg Premium Coconut & Nuts,Germany,"Montabaur, Germany","https://maps.google.com/?q=Dr.+Goerg+Premium+Coconut+&+Nuts+Montabaur,+Germany",Traditional web shop lacking an interactive custom gift tin builder and modern mobile checkout,IG: @drgoergpremiumc / FB: Dr. Goerg Premium Coconut & Nuts,General Inquiries | info@drgoerg.com,Manfred Görg (Founder),your organic raw coconut flakes and roasted snack treats would drive higher subscriptions on an ultra-fast store.,High
387,Govinda Natur,Germany,"Neustadt, Germany","https://maps.google.com/?q=Govinda+Natur+Neustadt,+Germany",Traditional web shop lacking an interactive custom gift tin builder and modern mobile checkout,IG: @govindanatur / FB: Govinda Natur,General Inquiries | info@govinda-natur.de,Doris Maiwald (Founder),"your sun-dried fruit balls, organic tiger nuts, and raw seeds deserve a modern, high-converting digital storefront.",High
388,Arche Naturküche,Germany,"Hilden, Germany","https://maps.google.com/?q=Arche+Naturküche+Hilden,+Germany",Traditional web shop lacking an interactive custom gift tin builder and modern mobile checkout,IG: @archenaturkche / FB: Arche Naturküche,General Inquiries | info@arche-naturkueche.de,Stefan Hipp (Managing Director),your organic macrobiotic dried fruits and specialty seeds would shine on our turnkey luxury storefront.,High
389,Bohlsener Mühle,Germany,"Bohlsen, Germany","https://maps.google.com/?q=Bohlsener+Mühle+Bohlsen,+Germany",Traditional web shop lacking an interactive custom gift tin builder and modern mobile checkout,IG: @bohlsenermhle / FB: Bohlsener Mühle,General Inquiries | info@bohlsener-muehle.de,Mathias Krause (Managing Director),your organic ancient grain and dried fruit snack biscuits would see higher conversion with custom gift bundling.,High
390,Zotter Schokolade & Nüsse,Austria,"Riegersburg, Austria","https://maps.google.com/?q=Zotter+Schokolade+&+Nüsse+Riegersburg,+Austria",Traditional web shop lacking an interactive custom gift tin builder and modern mobile checkout,IG: @zotterschokolad / FB: Zotter Schokolade & Nüsse,General Inquiries | schokolade@zotter.at,Josef Zotter (Founder),your hand-scooped chocolate-coated nuts and dried fruit confectionery deserve an editorial luxury e-commerce experience.,High
391,Bio Zentrale,Germany,"Ulfen, Germany","https://maps.google.com/?q=Bio+Zentrale+Ulfen,+Germany",Traditional web shop lacking an interactive custom gift tin builder and modern mobile checkout,IG: @biozentrale / FB: Bio Zentrale,General Inquiries | info@biozentrale.de,Dirk Woywod (Managing Director),"your organic dried apricots, walnuts, and snack mixes would benefit from our turnkey B2B and DTC ordering portal.",High
392,Allos Hof-Manufaktur,Germany,"Bremen, Germany","https://maps.google.com/?q=Allos+Hof-Manufaktur+Bremen,+Germany",Traditional web shop lacking an interactive custom gift tin builder and modern mobile checkout,IG: @alloshofmanufak / FB: Allos Hof-Manufaktur,General Inquiries | info@allos.de,Evert Vermeer (Managing Director),"your organic Amaranth seed bars, dried fruit bars, and nut spreads deserve a clean, modern digital boutique.",High
393,Sonnentor Kräuter & Früchte,Austria,"Zwettl, Austria","https://maps.google.com/?q=Sonnentor+Kräuter+&+Früchte+Zwettl,+Austria",Traditional web shop lacking an interactive custom gift tin builder and modern mobile checkout,IG: @sonnentorkruter / FB: Sonnentor Kräuter & Früchte,General Inquiries | office@sonnentor.at,Johannes Gutmann (Founder),"your organic dried fruit teas, crunchy snack berries, and seeds deserve an ultra-luxurious e-commerce showcase.",High
394,Vivani Bio Schokolade & Nüsse,Germany,"Herford, Germany","https://maps.google.com/?q=Vivani+Bio+Schokolade+&+Nüsse+Herford,+Germany",Traditional web shop lacking an interactive custom gift tin builder and modern mobile checkout,IG: @vivanibioschoko / FB: Vivani Bio Schokolade & Nüsse,General Inquiries | info@vivani.de,Gerrit Wesselink (Managing Director),your organic dark chocolate roasted almonds and dried fruit bars would convert higher with custom gift packaging.,High
395,Davert Bio,Germany,"Ascheberg, Germany","https://maps.google.com/?q=Davert+Bio+Ascheberg,+Germany",Traditional web shop lacking an interactive custom gift tin builder and modern mobile checkout,IG: @davertbio / FB: Davert Bio,General Inquiries | info@davert.de,Erk Schuchhardt (Managing Director),"your organic superfood chia seeds, goji berries, and roasted nuts would achieve higher retention with automated monthly pantry replenishment.",High
396,Venchi 1878,Italy,"Castelletto Stura, Cuneo","https://maps.google.com/?q=Venchi+1878+Castelletto+Stura,+Cuneo",Traditional web shop lacking an interactive custom gift tin builder and modern mobile checkout,IG: @venchi1878 / FB: Venchi 1878,General Inquiries | customercare@venchi.com,Daniele Ferrero (CEO),"your world-famous Chocoviar, Piedmont hazelnut nougat, and pistachio gift tins deserve a high-speed Next.js digital boutique.",High
397,Domori Fine Cacao & Nuts,Italy,"None, Turin, Italy","https://maps.google.com/?q=Domori+Fine+Cacao+&+Nuts+None,+Turin,+Italy",Traditional web shop lacking an interactive custom gift tin builder and modern mobile checkout,IG: @domorifinecacao / FB: Domori Fine Cacao & Nuts,General Inquiries | info@domori.com,Andrea Macchione (CEO),your single-origin chocolates with Bronte pistachios and Piedmont hazelnuts deserve an editorial luxury storefront.,High
398,Guido Gobino Artisanal Hazelnuts,Italy,"Turin, Italy","https://maps.google.com/?q=Guido+Gobino+Artisanal+Hazelnuts+Turin,+Italy",Traditional web shop lacking an interactive custom gift tin builder and modern mobile checkout,IG: @guidogobinoarti / FB: Guido Gobino Artisanal Hazelnuts,General Inquiries | info@guidogobino.it,Guido Gobino (Founder),your Turin Giandujotto and sea-salt roasted Piedmont hazelnut treats would convert higher with an interactive custom tin builder.,High
399,Caffarel Piemonte Hazelnuts,Italy,"Luserna San Giovanni, Italy","https://maps.google.com/?q=Caffarel+Piemonte+Hazelnuts+Luserna+San+Giovanni,+Italy",Traditional web shop lacking an interactive custom gift tin builder and modern mobile checkout,IG: @caffarelpiemont / FB: Caffarel Piemonte Hazelnuts,General Inquiries | info@caffarel.com,Benedetto Vigna (Director),"inventor of Gianduja using IGP Piedmont Hazelnuts, your heritage deserves a high-converting digital storefront.",High
400,Pastiglie Leone 1857,Italy,"Collegno, Turin, Italy","https://maps.google.com/?q=Pastiglie+Leone+1857+Collegno,+Turin,+Italy",Traditional web shop lacking an interactive custom gift tin builder and modern mobile checkout,IG: @pastiglieleone1 / FB: Pastiglie Leone 1857,General Inquiries | info@pastiglieleone.com,Michela Petronio (President),your vintage-designed tin boxes with chocolate-coated nuts and dried fruit pastilles would excel with custom gift box composers.,High
401,Bodrato Cioccolato,Italy,"Capriata d'Orba, Italy","https://maps.google.com/?q=Bodrato+Cioccolato+Capriata+d'Orba,+Italy",Traditional web shop lacking an interactive custom gift tin builder and modern mobile checkout,IG: @bodratocioccola / FB: Bodrato Cioccolato,General Inquiries | info@bodratocioccolato.it,Fabio Bergaglio (Owner),your hand-dipped Piedmont hazelnuts and boeri cherry chocolates deserve an ultra-luxurious direct-to-consumer store.,High
402,Giraudi Cioccolato Artigianale,Italy,"Castellazzo Bormida, Italy","https://maps.google.com/?q=Giraudi+Cioccolato+Artigianale+Castellazzo+Bormida,+Italy",Traditional web shop lacking an interactive custom gift tin builder and modern mobile checkout,IG: @giraudicioccola / FB: Giraudi Cioccolato Artigianale,General Inquiries | info@giraudi.it,Giacomo Boidi (Master Chocolatier),your hand-crafted hazelnut spreads and roasted almond dragées would thrive on our high-converting luxury storefront.,High
403,Torrons Vicens,Spain,"Agramunt, Lleida, Spain","https://maps.google.com/?q=Torrons+Vicens+Agramunt,+Lleida,+Spain",Traditional web shop lacking an interactive custom gift tin builder and modern mobile checkout,IG: @torronsvicens / FB: Torrons Vicens,General Inquiries | info@vicens.com,Ángel Velasco (Owner),"crafting artisanal Marcona almond turrón since 1775, your festive hampers would see higher average order values with custom tin builders.",High
404,El Almendro,Spain,"Madrid, Spain","https://maps.google.com/?q=El+Almendro+Madrid,+Spain",Traditional web shop lacking an interactive custom gift tin builder and modern mobile checkout,IG: @elalmendro / FB: El Almendro,General Inquiries | info@elalmendro.com,María Sánchez (Brand Director),"synonymous with Spanish holiday almonds, an interactive custom gift tin builder would supercharge international corporate gifting.",High
405,Turrones Picó,Spain,"Jijona, Alicante, Spain","https://maps.google.com/?q=Turrones+Picó+Jijona,+Alicante,+Spain",Traditional web shop lacking an interactive custom gift tin builder and modern mobile checkout,IG: @turronespic / FB: Turrones Picó,General Inquiries | pico@turronpico.com,Antonio Picó (Managing Director),your handcrafted Jijona and Alicante Marcona almond turrón would convert higher with express one-click international checkout.,High
406,Casa Mira Turrones,Madrid,"Madrid, Spain","https://maps.google.com/?q=Casa+Mira+Turrones+Madrid,+Spain",Traditional web shop lacking an interactive custom gift tin builder and modern mobile checkout,IG: @casamiraturrone / FB: Casa Mira Turrones,General Inquiries | info@casamira.es,Carlos Méndez (Owner),Madrid's oldest artisan turrón maker (est. 1842) deserves a museum-grade digital boutique with year-round gourmet gifting options.,High
407,Frutos Secos Medina,Spain,"Móstoles, Madrid, Spain","https://maps.google.com/?q=Frutos+Secos+Medina+Móstoles,+Madrid,+Spain",Traditional web shop lacking an interactive custom gift tin builder and modern mobile checkout,IG: @frutossecosmedi / FB: Frutos Secos Medina,General Inquiries | info@frutossecosmedina.com,Antonio Medina (CEO),"your raw and roasted nuts, dried fruits, and organic seeds would capture higher retail margins with our turnkey direct cart.",High
408,Finca La Rosala,Spain,"Calzada de Calatrava, Spain","https://maps.google.com/?q=Finca+La+Rosala+Calzada+de+Calatrava,+Spain",Traditional web shop lacking an interactive custom gift tin builder and modern mobile checkout,IG: @fincalarosala / FB: Finca La Rosala,General Inquiries | info@fincalarosala.com,Pedro Ciudad (Founder),"your wood-roasted artisanal nuts with truffle, rosemary, and lime would convert at a premium with customized gift boxes.",High
409,Maison Cruzilles,France,"Clermont-Ferrand, France","https://maps.google.com/?q=Maison+Cruzilles+Clermont-Ferrand,+France",Traditional web shop lacking an interactive custom gift tin builder and modern mobile checkout,IG: @maisoncruzilles / FB: Maison Cruzilles,General Inquiries | info@cruzilles.fr,Jean-Marie Cruzilles (President),"master confiseur of glazed fruits, citrus peels, and fruit pastes since 1880, your online store would thrive on our luxury platform.",High
410,Lilamand Confiseur,France,"Saint-Rémy-de-Provence, France","https://maps.google.com/?q=Lilamand+Confiseur+Saint-Rémy-de-Provence,+France",Traditional web shop lacking an interactive custom gift tin builder and modern mobile checkout,IG: @lilamandconfise / FB: Lilamand Confiseur,General Inquiries | info@lilamand.com,Pierre Lilamand (5th Gen Owner),"your five generations of candied melons, figs, and Provencal fruit delicacies deserve an ultra-luxurious digital boutique.",High
411,Maison du Pruneau,France,"Lafitte-sur-Lot, France","https://maps.google.com/?q=Maison+du+Pruneau+Lafitte-sur-Lot,+France",Traditional web shop lacking an interactive custom gift tin builder and modern mobile checkout,IG: @maisondupruneau / FB: Maison du Pruneau,General Inquiries | contact@maisondupruneau.com,Patrick Vigneau (Owner),your hand-selected Agen prunes stuffed with prune cream and coated in dark chocolate would achieve higher orders with custom hampers.,High
412,Lou Prunel Bio,France,"Sainte-Livrade-sur-Lot, France","https://maps.google.com/?q=Lou+Prunel+Bio+Sainte-Livrade-sur-Lot,+France",Traditional web shop lacking an interactive custom gift tin builder and modern mobile checkout,IG: @louprunelbio / FB: Lou Prunel Bio,General Inquiries | contact@louprunel.com,Thierry Herbeaux (Director),"your 100% organic IGP Agen dried prunes and fruit compotes deserve a modern, high-speed French and English digital storefront.",High
413,Askada Farm Organic Kimi Figs,Greece,"Kimi, Evia, Greece","https://maps.google.com/?q=Askada+Farm+Organic+Kimi+Figs+Kimi,+Evia,+Greece",Traditional web shop lacking an interactive custom gift tin builder and modern mobile checkout,IG: @askadafarmorgan / FB: Askada Farm Organic Kimi Figs,General Inquiries | info@askada.gr,Stathis Papanastasiou (Founder),"your PDO sun-dried organic Kimi figs and fig spreads deserve an editorial, Greek-island-inspired luxury web store.",High
414,Chocodate by Notions Group,UAE,"Dubai, UAE","https://maps.google.com/?q=Chocodate+by+Notions+Group+Dubai,+UAE",Traditional web shop lacking an interactive custom gift tin builder and modern mobile checkout,IG: @chocodatebynoti / FB: Chocodate by Notions Group,General Inquiries | info@notionsgroup.com,Fawaz Masri (CEO),the original Arabian date stuffed with golden almond and draped in European chocolate deserves an ultra-luxurious e-commerce showcase.,High
415,Hunter Foods Gourmet Snacks,UAE,"JAFZA, Dubai, UAE","https://maps.google.com/?q=Hunter+Foods+Gourmet+Snacks+JAFZA,+Dubai,+UAE",Traditional web shop lacking an interactive custom gift tin builder and modern mobile checkout,IG: @hunterfoodsgour / FB: Hunter Foods Gourmet Snacks,General Inquiries | info@hunterfoods.com,Ananya Narayan (Managing Director),your hand-cooked superfood seed snacks and roasted nut pouches would see higher conversion with automated subscription delivery.,High
416,Al Douri Food Industries,UAE,"Sharjah, UAE","https://maps.google.com/?q=Al+Douri+Food+Industries+Sharjah,+UAE",Traditional web shop lacking an interactive custom gift tin builder and modern mobile checkout,IG: @aldourifoodindu / FB: Al Douri Food Industries,General Inquiries | info@aldouri.com,Ziad Al-Douri (Chairman),"your premium roasted nuts, Syrian dried fruits, and festive gifting baskets deserve a high-speed, modern Next.js store.",High
417,House of Pops Healthy Snacks,UAE,"Dubai, UAE","https://maps.google.com/?q=House+of+Pops+Healthy+Snacks+Dubai,+UAE",Traditional web shop lacking an interactive custom gift tin builder and modern mobile checkout,IG: @houseofpopsheal / FB: House of Pops Healthy Snacks,General Inquiries | info@houseofpops.ae,Mazen Kanaan (Co-Founder),"your 100% natural, fruit & nut plant-based snacking line would achieve higher customer retention with automated recurring subscriptions.",High
418,Munchbox Healthy Snacks,UAE,"Dubai, UAE","https://maps.google.com/?q=Munchbox+Healthy+Snacks+Dubai,+UAE",Traditional web shop lacking an interactive custom gift tin builder and modern mobile checkout,IG: @munchboxhealthy / FB: Munchbox Healthy Snacks,General Inquiries | info@munchbox.ae,Mahmoud Adham (Founder),your roasted nut snack packs and dried berries would drive higher corporate pantry orders with our turnkey multi-user ordering portal.,High
419,Freakin' Healthy,UAE,"Dubai, UAE","https://maps.google.com/?q=Freakin'+Healthy+Dubai,+UAE",Traditional web shop lacking an interactive custom gift tin builder and modern mobile checkout,IG: @freakinhealthy / FB: Freakin' Healthy,General Inquiries | info@freakinhealthy.com,Roy Koyess (Founder),"your clean-label raw nut bars, almond butter bites, and dried fruit snacks deserve an elevated, instant-checkout digital storefront.",High
420,Royal Roastery Jordan,Jordan,"Amman, Jordan","https://maps.google.com/?q=Royal+Roastery+Jordan+Amman,+Jordan",Traditional web shop lacking an interactive custom gift tin builder and modern mobile checkout,IG: @royalroasteryjo / FB: Royal Roastery Jordan,General Inquiries | info@royalroastery.com,Hani Al-Qawasmi (General Manager),"your freshly roasted Jordanian nuts, salted pistachios, and dried figs deserve an ultra-luxurious digital boutique with international checkout.",High
421,Al Ameed Roasted Nuts,Jordan,"Amman, Jordan","https://maps.google.com/?q=Al+Ameed+Roasted+Nuts+Amman,+Jordan",Traditional web shop lacking an interactive custom gift tin builder and modern mobile checkout,IG: @alameedroastedn / FB: Al Ameed Roasted Nuts,General Inquiries | info@alameedcoffee.com,Basel Al-Dahleh (Managing Director),your premium roasted nuts and artisan blends would see higher international sales with our turnkey multilingual e-commerce store.,High
422,Abu Auf Gourmet Nuts & Fruits,Egypt,"Cairo, Egypt","https://maps.google.com/?q=Abu+Auf+Gourmet+Nuts+&+Fruits+Cairo,+Egypt",Traditional web shop lacking an interactive custom gift tin builder and modern mobile checkout,IG: @abuaufgourmetnu / FB: Abu Auf Gourmet Nuts & Fruits,General Inquiries | customercare@abu-auf.com,Ahmed Auf (CEO),Egypt's premier healthy food and gourmet nut boutique chain would achieve higher online reach with custom corporate gift tin builders.,High
423,Linah Farms Organic Dates,Egypt,"Bahariya Oasis, Egypt","https://maps.google.com/?q=Linah+Farms+Organic+Dates+Bahariya+Oasis,+Egypt",Traditional web shop lacking an interactive custom gift tin builder and modern mobile checkout,IG: @linahfarmsorgan / FB: Linah Farms Organic Dates,General Inquiries | info@linahfarms.com,Amr Radwan (Managing Director),your organic Bahariya Oasis Medjool dates would command higher margins with our turnkey direct-to-consumer luxury store.,High
424,Barari Organic Dates & Nuts,UAE,"Sharjah, UAE","https://maps.google.com/?q=Barari+Organic+Dates+&+Nuts+Sharjah,+UAE",Traditional web shop lacking an interactive custom gift tin builder and modern mobile checkout,IG: @barariorganicda / FB: Barari Organic Dates & Nuts,General Inquiries | info@bararigroup.com,Seyed Mohammad (Director),"your extensive distribution of Persian saffron, Iranian pistachios, and Medjool dates would benefit from our automated corporate gifting builder.",High
425,Torere Macadamias NZ,New Zealand,"Opotiki, Bay of Plenty","https://maps.google.com/?q=Torere+Macadamias+NZ+Opotiki,+Bay+of+Plenty",Traditional web shop lacking an interactive custom gift tin builder and modern mobile checkout,IG: @toreremacadamia / FB: Torere Macadamias NZ,General Inquiries | info@toreremacadamias.co.nz,Vanessa Hayes (Founder),"your organically certified, New Zealand-grown macadamias and roasted nut oils deserve an ultra-luxurious digital boutique.",High
426,Mother Earth New Zealand,New Zealand,"Auckland, New Zealand","https://maps.google.com/?q=Mother+Earth+New+Zealand+Auckland,+New+Zealand",Traditional web shop lacking an interactive custom gift tin builder and modern mobile checkout,IG: @motherearthnewz / FB: Mother Earth New Zealand,General Inquiries | info@motherearth.co.nz,Mike Cullen (Managing Director),"your roasted whole nuts, peanut butters, and dried fruit trail mixes would thrive on our high-speed Next.js digital storefront.",High
427,Tasti Products,New Zealand,"Te Atatu Peninsula, Auckland","https://maps.google.com/?q=Tasti+Products+Te+Atatu+Peninsula,+Auckland",Traditional web shop lacking an interactive custom gift tin builder and modern mobile checkout,IG: @tastiproducts / FB: Tasti Products,General Inquiries | info@tasti.co.nz,Simon Hall (Executive Chairman),"crafting nut bars and dried fruit snacks since 1932, your DTC consumer store would convert higher with automated snack subscriptions.",High
428,Healtheries Superfood Seeds,New Zealand,"Auckland, New Zealand","https://maps.google.com/?q=Healtheries+Superfood+Seeds+Auckland,+New+Zealand",Traditional web shop lacking an interactive custom gift tin builder and modern mobile checkout,IG: @healtheriessupe / FB: Healtheries Superfood Seeds,General Inquiries | info@healtheries.co.nz,Rachel Morrison (Brand Director),"your functional chia seeds, flax seeds, and dried fruit snacks would drive higher recurring consumer revenue with our subscription engine.",High
429,Ceres Organics,New Zealand,"Mount Wellington, Auckland","https://maps.google.com/?q=Ceres+Organics+Mount+Wellington,+Auckland",Traditional web shop lacking an interactive custom gift tin builder and modern mobile checkout,IG: @ceresorganics / FB: Ceres Organics,General Inquiries | info@ceres.co.nz,Noel Josephson (Director),Australasia's first certified organic distributor would see higher DTC margins on raw nuts and dried fruits with our turnkey store.,High
430,Chantal Organics,New Zealand,"Napier, Hawke's Bay","https://maps.google.com/?q=Chantal+Organics+Napier,+Hawke's+Bay",Traditional web shop lacking an interactive custom gift tin builder and modern mobile checkout,IG: @chantalorganics / FB: Chantal Organics,General Inquiries | info@chantalorganics.co.nz,Florian Leuschner (CEO),"your Hawke's Bay organic nut spreads and dried orchard fruits deserve an ultra-luxurious, minimalist digital storefront.",High
431,Kakadu Plum Co,Australia,"Melbourne, VIC","https://maps.google.com/?q=Kakadu+Plum+Co+Melbourne,+VIC",Traditional web shop lacking an interactive custom gift tin builder and modern mobile checkout,IG: @kakaduplumco / FB: Kakadu Plum Co,General Inquiries | hello@kakaduplumco.com,Tali Brash (Founder),"celebrating native Australian wild-harvested Kakadu plums, dried berries, and seeds, your cultural story deserves an editorial luxury storefront.",High
432,Byron Bay Macadamia Muesli,Australia,"Byron Bay, NSW","https://maps.google.com/?q=Byron+Bay+Macadamia+Muesli+Byron+Bay,+NSW",Traditional web shop lacking an interactive custom gift tin builder and modern mobile checkout,IG: @byronbaymacadam / FB: Byron Bay Macadamia Muesli,General Inquiries | info@byronbaymuesli.com.au,Garry Wall (Founder),your handcrafted macadamia nut mueslis and roasted seed clusters would convert higher with our build-a-breakfast box composer.,High
433,Nutty Gritties,India,"New Delhi, India","https://maps.google.com/?q=Nutty+Gritties+New+Delhi,+India",Traditional web shop lacking an interactive custom gift tin builder and modern mobile checkout,IG: @nuttygritties / FB: Nutty Gritties,General Inquiries | care@nuttygritties.com,Dinika Bhatia (Founder),"your artisanal flavored nuts and corporate festive dry fruit gift hampers deserve a high-converting, lightning-fast storefront with instant UPI checkout.",High
434,Open Secret,India,"Mumbai, India","https://maps.google.com/?q=Open+Secret+Mumbai,+India",Traditional web shop lacking an interactive custom gift tin builder and modern mobile checkout,IG: @opensecret / FB: Open Secret,General Inquiries | care@opensecret.in,Ahana Gautam (Co-Founder),your un-junked nut snacks and holiday dry fruit gift boxes would thrive on a custom luxury storefront designed for high conversion.,High
435,Chitale Bandhu Mithai & Dry Fruits,India,"Pune, Maharashtra","https://maps.google.com/?q=Chitale+Bandhu+Mithai+&+Dry+Fruits+Pune,+Maharashtra",Traditional web shop lacking an interactive custom gift tin builder and modern mobile checkout,IG: @chitalebandhumi / FB: Chitale Bandhu Mithai & Dry Fruits,General Inquiries | care@chitalebandhu.in,Indraneel Chitale (Partner),"your iconic Pune confectionery, roasted dry fruits, and festive gift boxes would see higher nationwide reach with custom box builders.",High
436,Eat Anytime Healthy Snacks,India,"Mumbai, Maharashtra","https://maps.google.com/?q=Eat+Anytime+Healthy+Snacks+Mumbai,+Maharashtra",Traditional web shop lacking an interactive custom gift tin builder and modern mobile checkout,IG: @eatanytimehealt / FB: Eat Anytime Healthy Snacks,General Inquiries | support@eatanytime.in,Rishit Sanghvi (Founder),"your energy nut bars, trail mixes, and dried berry pouches would drive higher repeat orders with automated monthly subscriptions.",High
437,Greenbrrew Gourmet Snacks,India,"New Delhi, India","https://maps.google.com/?q=Greenbrrew+Gourmet+Snacks+New+Delhi,+India",Traditional web shop lacking an interactive custom gift tin builder and modern mobile checkout,IG: @greenbrrewgourm / FB: Greenbrrew Gourmet Snacks,General Inquiries | support@greenbrrew.com,Aditya Goel (Founder),your roasted seed mixes and gourmet wellness snacks would achieve higher average order value with custom corporate gift bundles.,High
438,To Be Honest (TBH) Crunch,India,"Noida, Uttar Pradesh","https://maps.google.com/?q=To+Be+Honest+(TBH)+Crunch+Noida,+Uttar+Pradesh",Traditional web shop lacking an interactive custom gift tin builder and modern mobile checkout,IG: @tobehonesttbhcr / FB: To Be Honest (TBH) Crunch,General Inquiries | hello@tobehonest.in,Mayank Gupta (Founder),"your vacuum-cooked dried fruit chips and spiced nuts deserve an ultra-modern, high-speed Next.js storefront.",High
439,The Whole Truth Foods,India,"Mumbai, Maharashtra","https://maps.google.com/?q=The+Whole+Truth+Foods+Mumbai,+Maharashtra",Traditional web shop lacking an interactive custom gift tin builder and modern mobile checkout,IG: @thewholetruthfo / FB: The Whole Truth Foods,General Inquiries | help@thewholetruthfoods.com,Shashank Mehta (Founder),"your 100% clean-label date & nut snack bars and raw nut butters deserve a transparent, high-converting digital storefront.",High
440,Beyond Snack,India,"Kochi, Kerala","https://maps.google.com/?q=Beyond+Snack+Kochi,+Kerala",Traditional web shop lacking an interactive custom gift tin builder and modern mobile checkout,IG: @beyondsnack / FB: Beyond Snack,General Inquiries | support@beyondsnack.in,Manas Madhu (Founder),your gourmet Kerala plantain and roasted nut crisps would drive higher basket sizes on a dedicated modern storefront.,High
441,Raw Pressery Healthy Snacks,India,"Lower Parel, Mumbai","https://maps.google.com/?q=Raw+Pressery+Healthy+Snacks+Lower+Parel,+Mumbai",Traditional web shop lacking an interactive custom gift tin builder and modern mobile checkout,IG: @rawpresseryheal / FB: Raw Pressery Healthy Snacks,General Inquiries | getin@rawpressery.com,Anuj Rakyan (Founder),your cold-pressed nut beverages and organic seed blends deserve an ultra-luxurious direct-to-consumer store.,High
442,Urban Platter Superfoods,India,"Mahim, Mumbai","https://maps.google.com/?q=Urban+Platter+Superfoods+Mahim,+Mumbai",Traditional web shop lacking an interactive custom gift tin builder and modern mobile checkout,IG: @urbanplattersup / FB: Urban Platter Superfoods,General Inquiries | support@urbanplatter.in,Chirag Kenia (Founder),India's leading gourmet ingredients portal would see higher gifting conversion with our interactive custom dry fruit box builder.,High
443,Bikaji Foods International,India,"Bikaner, Rajasthan","https://maps.google.com/?q=Bikaji+Foods+International+Bikaner,+Rajasthan",Traditional web shop lacking an interactive custom gift tin builder and modern mobile checkout,IG: @bikajifoodsinte / FB: Bikaji Foods International,General Inquiries | customercare@bikaji.com,Deepak Agarwal (Managing Director),"Bikaji's royal Rajasthani dry fruit hampers and cashew treats deserve an ultra-fast, modern digital gifting boutique.",High
444,Karachi Bakery Dry Fruits,India,"Hyderabad, Telangana","https://maps.google.com/?q=Karachi+Bakery+Dry+Fruits+Hyderabad,+Telangana",Traditional web shop lacking an interactive custom gift tin builder and modern mobile checkout,IG: @karachibakerydr / FB: Karachi Bakery Dry Fruits,General Inquiries | info@karachibakery.com,Rajesh Ramnani (Partner),"your iconic Hyderabad fruit biscuits, roasted cashew tins, and festive dry fruit boxes deserve an elevated e-commerce store.",High
445,Clif Bar & Company,USA,"Emeryville, CA","https://maps.google.com/?q=Clif+Bar+&+Company+Emeryville,+CA",Traditional web shop lacking an interactive custom gift tin builder and modern mobile checkout,IG: @clifbarcompany / FB: Clif Bar & Company,General Inquiries | info@clifbar.com,Sally Grimes (CEO),"your iconic whole nut and fruit energy bars deserve an elevated, high-converting direct-to-consumer digital storefront.",High
446,KIND Snacks,USA,"New York, NY","https://maps.google.com/?q=KIND+Snacks+New+York,+NY",Traditional web shop lacking an interactive custom gift tin builder and modern mobile checkout,IG: @kindsnacks / FB: KIND Snacks,General Inquiries | customerservice@kindsnacks.com,Daniel Lubetzky (Founder),the pioneer of whole nut & fruit snacking would achieve higher average order values with custom gift packaging modules.,High
447,LÄRABAR Whole Food Snacks,USA,"Minneapolis, MN","https://maps.google.com/?q=LÄRABAR+Whole+Food+Snacks+Minneapolis,+MN",Traditional web shop lacking an interactive custom gift tin builder and modern mobile checkout,IG: @lrabarwholefood / FB: LÄRABAR Whole Food Snacks,General Inquiries | info@larabar.com,Lara Merriken (Founder),your 2-to-9 ingredient real food bars with Medjool dates and whole almonds deserve an ultra-luxurious e-commerce showcase.,High
448,Nature's Bakery,USA,"Reno, NV","https://maps.google.com/?q=Nature's+Bakery+Reno,+NV",Traditional web shop lacking an interactive custom gift tin builder and modern mobile checkout,IG: @naturesbakery / FB: Nature's Bakery,General Inquiries | info@naturesbakery.com,Dave Marson (Founder),your real fruit & whole wheat fig bars and date bars would convert higher with automated recurring household subscriptions.,High
449,RXBAR / Insurgent Brands,USA,"Chicago, IL","https://maps.google.com/?q=RXBAR+/+Insurgent+Brands+Chicago,+IL",Traditional web shop lacking an interactive custom gift tin builder and modern mobile checkout,IG: @rxbarinsurgentb / FB: RXBAR / Insurgent Brands,General Inquiries | info@rxbar.com,Peter Rahal (Co-Founder),"your minimalist egg white, date, and almond bars deserve a high-converting, lightning-fast digital storefront.",High
450,GoMacro,USA,"Viola, WI","https://maps.google.com/?q=GoMacro+Viola,+WI",Traditional web shop lacking an interactive custom gift tin builder and modern mobile checkout,IG: @gomacro / FB: GoMacro,General Inquiries | info@gomacro.com,Jola Sonkin (CEO),"your certified organic, vegan nut butter bars would drive stronger recurring subscriptions on a modern Next.js platform.",High
451,NuGo Nutrition,USA,"Oakmont, PA","https://maps.google.com/?q=NuGo+Nutrition+Oakmont,+PA",Traditional web shop lacking an interactive custom gift tin builder and modern mobile checkout,IG: @nugonutrition / FB: NuGo Nutrition,General Inquiries | info@nugonutrition.com,David Levine (CEO),your real dark chocolate coated almond and cashew bars would see higher conversion with custom variety pack builders.,High
452,Think! Protein & Nut Snacks,USA,"Downers Grove, IL","https://maps.google.com/?q=Think!+Protein+&+Nut+Snacks+Downers+Grove,+IL",Traditional web shop lacking an interactive custom gift tin builder and modern mobile checkout,IG: @thinkproteinnut / FB: Think! Protein & Nut Snacks,General Inquiries | info@thinkproducts.com,Brand Management,your high-protein roasted nut bars and keto snack treats would thrive with our turnkey consumer e-commerce cart.,High
453,Purely Elizabeth,USA,"Boulder, CO","https://maps.google.com/?q=Purely+Elizabeth+Boulder,+CO",Traditional web shop lacking an interactive custom gift tin builder and modern mobile checkout,IG: @purelyelizabeth / FB: Purely Elizabeth,General Inquiries | info@purelyelizabeth.com,Elizabeth Stein (Founder),your ancient grain and superfood seed granolas with dried coconut and cashews deserve an elevated luxury digital storefront.,High
454,Bear Naked Granola,USA,"Solon, OH","https://maps.google.com/?q=Bear+Naked+Granola+Solon,+OH",Traditional web shop lacking an interactive custom gift tin builder and modern mobile checkout,IG: @bearnakedgranol / FB: Bear Naked Granola,General Inquiries | info@bearnaked.com,Brand Team,your custom nut and dried fruit trail mixes would achieve higher order values with our interactive build-a-tin composer.,High
455,One Degree Organic Foods,Canada,"Abbotsford, BC","https://maps.google.com/?q=One+Degree+Organic+Foods+Abbotsford,+BC",Traditional web shop lacking an interactive custom gift tin builder and modern mobile checkout,IG: @onedegreeorgani / FB: One Degree Organic Foods,General Inquiries | info@onedegreeorganics.com,Stan Smith (Co-Founder),"your sprouted organic seeds, grains, and dried fruit granolas with 100% farm transparency deserve a flagship digital boutique.",High
456,Grandy Organics,USA,"Hiram, ME","https://maps.google.com/?q=Grandy+Organics+Hiram,+ME",Traditional web shop lacking an interactive custom gift tin builder and modern mobile checkout,IG: @grandyorganics / FB: Grandy Organics,General Inquiries | info@grandyorganics.com,Aaron Anker (Chief Granola Officer),your organic roasted nuts and small-batch trail mixes powered by solar energy deserve an ultra-luxurious DTC store.,High
457,Michele's Granola,USA,"Timonium, MD","https://maps.google.com/?q=Michele's+Granola+Timonium,+MD",Traditional web shop lacking an interactive custom gift tin builder and modern mobile checkout,IG: @michelesgranola / FB: Michele's Granola,General Inquiries | info@michelesgranola.com,Michele Tsucalas (Founder),"your scratch-made artisanal granolas with whole almonds, pecans, and pumpkin seeds deserve an ultra-fast modern web store.",High
458,Bakery On Main,USA,"East Hartford, CT","https://maps.google.com/?q=Bakery+On+Main+East+Hartford,+CT",Traditional web shop lacking an interactive custom gift tin builder and modern mobile checkout,IG: @bakeryonmain / FB: Bakery On Main,General Inquiries | info@bakeryonmain.com,Michael Smulders (Founder),your certified gluten-free roasted nut granolas and sprouted seed snacks would convert higher with our express mobile checkout.,High
459,Safe + Fair Food Company,USA,"Chicago, IL","https://maps.google.com/?q=Safe+++Fair+Food+Company+Chicago,+IL",Traditional web shop lacking an interactive custom gift tin builder and modern mobile checkout,IG: @safefairfoodcom / FB: Safe + Fair Food Company,General Inquiries | info@safeandfair.com,Will Sloss (CEO),your allergen-friendly roasted seed snack mixes and dried fruit granolas deserve an elevated digital direct-to-consumer store.,High
460,MadeGood Foods,Canada,"Concord, ON","https://maps.google.com/?q=MadeGood+Foods+Concord,+ON",Traditional web shop lacking an interactive custom gift tin builder and modern mobile checkout,IG: @madegoodfoods / FB: MadeGood Foods,General Inquiries | info@madegoodfoods.com,Nima Mirpourian (Founder),your organic dried fruit granola minis with vegetable extracts would drive higher basket sizes with customized multipack composers.,High
461,Heavenly Organics,USA,"Fairfield, IA","https://maps.google.com/?q=Heavenly+Organics+Fairfield,+IA",Traditional web shop lacking an interactive custom gift tin builder and modern mobile checkout,IG: @heavenlyorganic / FB: Heavenly Organics,General Inquiries | info@heavenlyorganics.com,Amit Hooda (CEO),your 100% organic raw white honey patties and roasted almond clusters deserve an ultra-luxurious direct-to-consumer showcase.,High
462,YumEarth Organic,USA,"Stamford, CT","https://maps.google.com/?q=YumEarth+Organic+Stamford,+CT",Traditional web shop lacking an interactive custom gift tin builder and modern mobile checkout,IG: @yumearthorganic / FB: YumEarth Organic,General Inquiries | info@yumearth.com,Jonah Smith (CEO),your allergy-friendly fruit snacks and organic treats would see higher conversion with custom holiday gift packaging.,High
463,Unreal Snacks,USA,"Boston, MA","https://maps.google.com/?q=Unreal+Snacks+Boston,+MA",Traditional web shop lacking an interactive custom gift tin builder and modern mobile checkout,IG: @unrealsnacks / FB: Unreal Snacks,General Inquiries | info@unrealsnacks.com,Nicky Bronner (Co-Founder),"your fair trade dark chocolate covered almonds and peanut butter cups deserve a vibrant, high-speed direct storefront.",High
464,Hu Kitchen,USA,"New York, NY","https://maps.google.com/?q=Hu+Kitchen+New+York,+NY",Traditional web shop lacking an interactive custom gift tin builder and modern mobile checkout,IG: @hukitchen / FB: Hu Kitchen,General Inquiries | info@hukitchen.com,Jason Karp (Co-Founder),"your organic paleo dark chocolate with almonds, hazelnuts, and cashew butter deserve an editorial luxury e-commerce experience.",High
465,TCHO Chocolate & Nuts,USA,"Berkeley, CA","https://maps.google.com/?q=TCHO+Chocolate+&+Nuts+Berkeley,+CA",Traditional web shop lacking an interactive custom gift tin builder and modern mobile checkout,IG: @tchochocolatenu / FB: TCHO Chocolate & Nuts,General Inquiries | info@tcho.com,Brad Kintzer (Chief Chocolate Maker),your single-origin plant-based chocolates with roasted almonds and sea-salt hazelnuts deserve an ultra-luxurious web boutique.,High
466,Theo Chocolate,USA,"Seattle, WA","https://maps.google.com/?q=Theo+Chocolate+Seattle,+WA",Traditional web shop lacking an interactive custom gift tin builder and modern mobile checkout,IG: @theochocolate / FB: Theo Chocolate,General Inquiries | info@theochocolate.com,Etienne Patout (CEO),organic fair-trade chocolate bars with salted almond and cherry would achieve higher gifting conversion with our custom box composer.,High
467,Alter Eco Organic Foods,USA,"San Francisco, CA","https://maps.google.com/?q=Alter+Eco+Organic+Foods+San+Francisco,+CA",Traditional web shop lacking an interactive custom gift tin builder and modern mobile checkout,IG: @alterecoorganic / FB: Alter Eco Organic Foods,General Inquiries | info@alterecofoods.com,Antoine Ambert (General Manager),"your organic regeneratively farmed dried fruit, nut truffles, and superfood snacks deserve a flagship digital storefront.",High
468,Endangered Species Chocolate,USA,"Indianapolis, IN","https://maps.google.com/?q=Endangered+Species+Chocolate+Indianapolis,+IN",Traditional web shop lacking an interactive custom gift tin builder and modern mobile checkout,IG: @endangeredspeci / FB: Endangered Species Chocolate,General Inquiries | info@chocolatebar.com,Curt Vander Meer (CEO),"your ethically traded dark chocolate with blueberries, almonds, and hazelnuts would convert higher with curated gift set builders.",High
469,Once Again Nut Butter,USA,"Nunda, NY","https://maps.google.com/?q=Once+Again+Nut+Butter+Nunda,+NY",Traditional web shop lacking an interactive custom gift tin builder and modern mobile checkout,IG: @onceagainnutbut / FB: Once Again Nut Butter,General Inquiries | info@onceagainnutbutter.com,Bob Rossi (General Manager),"employee-owned since 1976, your organic almond, cashew, and sunflower seed butters deserve a modern high-speed DTC store.",High
470,Georgia Grinders,USA,"Atlanta, GA","https://maps.google.com/?q=Georgia+Grinders+Atlanta,+GA",Traditional web shop lacking an interactive custom gift tin builder and modern mobile checkout,IG: @georgiagrinders / FB: Georgia Grinders,General Inquiries | info@georgiagrinders.com,Jaime Foster (Founder),"your small-batch handcrafted cashew, almond, and pecan butters would see higher average order values with custom gift box composers.",High
471,Big Spoon Roasters,USA,"Durham, NC","https://maps.google.com/?q=Big+Spoon+Roasters+Durham,+NC",Traditional web shop lacking an interactive custom gift tin builder and modern mobile checkout,IG: @bigspoonroaster / FB: Big Spoon Roasters,General Inquiries | info@bigspoonroasters.com,Mark Overbay (Founder),your small-batch nut butters and handcrafted snack bars made with heirloom nuts deserve an ultra-luxurious digital boutique.,High
472,Ground Up PDX,USA,"Portland, OR","https://maps.google.com/?q=Ground+Up+PDX+Portland,+OR",Traditional web shop lacking an interactive custom gift tin builder and modern mobile checkout,IG: @grounduppdx / FB: Ground Up PDX,General Inquiries | info@grounduppdx.com,Julie Sullivan (Co-Founder),your palm-free sweet and savory nut butters with roasted cashews and coconut would drive higher repeat subscriptions on Next.js.,High
473,Fix & Fogg,New Zealand,"Wellington, New Zealand","https://maps.google.com/?q=Fix+&+Fogg+Wellington,+New+Zealand",Traditional web shop lacking an interactive custom gift tin builder and modern mobile checkout,IG: @fixfogg / FB: Fix & Fogg,General Inquiries | info@fixandfogg.com,Roman Jewell (Founder),"your award-winning gourmet peanut, almond, and cashew nut butters from Wellington would convert higher with our turnkey store.",High
474,Pic's Peanut Butter,New Zealand,"Nelson, New Zealand","https://maps.google.com/?q=Pic's+Peanut+Butter+Nelson,+New+Zealand",Traditional web shop lacking an interactive custom gift tin builder and modern mobile checkout,IG: @picspeanutbutte / FB: Pic's Peanut Butter,General Inquiries | info@picspeanutbutter.com,Pic Picot (Founder),"Nelson's iconic all-natural roasted nut butters and snack packs deserve a modern, international multi-currency web store.",High
475,Mayver's Pure Health,Australia,"Melbourne, VIC","https://maps.google.com/?q=Mayver's+Pure+Health+Melbourne,+VIC",Traditional web shop lacking an interactive custom gift tin builder and modern mobile checkout,IG: @mayverspureheal / FB: Mayver's Pure Health,General Inquiries | info@mayvers.com.au,Paul Raff (Managing Director),Australia's family-owned natural roasted peanut and almond spread leader would benefit from automated pantry subscriptions.,High
476,Melrose Health,Australia,"Melbourne, VIC","https://maps.google.com/?q=Melrose+Health+Melbourne,+VIC",Traditional web shop lacking an interactive custom gift tin builder and modern mobile checkout,IG: @melrosehealth / FB: Melrose Health,General Inquiries | info@melrosehealth.com.au,Geoff Newing (CEO),"your cold-pressed organic nut oils, flax seeds, and almond butter spreads deserve an ultra-luxurious direct-to-consumer store.",High
477,Carman's Kitchen,Australia,"Melbourne, VIC","https://maps.google.com/?q=Carman's+Kitchen+Melbourne,+VIC",Traditional web shop lacking an interactive custom gift tin builder and modern mobile checkout,IG: @carmanskitchen / FB: Carman's Kitchen,General Inquiries | info@carmanskitchen.com.au,Carolyn Creswell (Founder),"your roasted nut & fruit muesli bars, nut clusters, and protein seed mixes would achieve higher basket sizes on Next.js.",High
478,Sanitarium Health Food Co,Australia,"Berkeley Vale, NSW","https://maps.google.com/?q=Sanitarium+Health+Food+Co+Berkeley+Vale,+NSW",Traditional web shop lacking an interactive custom gift tin builder and modern mobile checkout,IG: @sanitariumhealt / FB: Sanitarium Health Food Co,General Inquiries | info@sanitarium.com.au,Kevin Jackson (CEO),"as a household Australian breakfast and roasted peanut butter brand, your direct consumer gifting store would thrive with our turnkey stack.",High
479,Rude Health Organic Snacks,UK,"London, UK","https://maps.google.com/?q=Rude+Health+Organic+Snacks+London,+UK",Traditional web shop lacking an interactive custom gift tin builder and modern mobile checkout,IG: @rudehealthorgan / FB: Rude Health Organic Snacks,General Inquiries | hello@rudehealth.com,Nick Barnard (Co-Founder),"your organic sprouted seed snacks, roasted almond drinks, and fruit granolas deserve an editorial luxury digital storefront.",High
480,Plenish Clean Snacks,UK,"London, UK","https://maps.google.com/?q=Plenish+Clean+Snacks+London,+UK",Traditional web shop lacking an interactive custom gift tin builder and modern mobile checkout,IG: @plenishcleansna / FB: Plenish Clean Snacks,General Inquiries | support@plenishdrinks.com,Kara Rosen (Founder),"your organic almond, cashew, and hazelnut beverages and seed blends deserve a modern, high-converting digital boutique.",High
481,Pip & Nut All-Natural Butters,UK,"London, UK","https://maps.google.com/?q=Pip+&+Nut+All-Natural+Butters+London,+UK",Traditional web shop lacking an interactive custom gift tin builder and modern mobile checkout,IG: @pipnutallnatura / FB: Pip & Nut All-Natural Butters,General Inquiries | thekernel@pipandnut.com,Pippa Murray (Founder),your palm-oil free roasted peanut and almond butters and nut cups would drive higher recurring consumer revenue on Next.js.,High
482,Meridian Foods,UK,"Glan Conwy, Wales","https://maps.google.com/?q=Meridian+Foods+Glan+Conwy,+Wales",Traditional web shop lacking an interactive custom gift tin builder and modern mobile checkout,IG: @meridianfoods / FB: Meridian Foods,General Inquiries | info@meridianfoods.co.uk,Mark Breen (Managing Director),"roasting 100% pure nuts with no added palm oil since 1989, your consumer web store would convert higher with automated subscriptions.",High
483,Deliciously Ella Gourmet Snacks,UK,"London, UK","https://maps.google.com/?q=Deliciously+Ella+Gourmet+Snacks+London,+UK",Traditional web shop lacking an interactive custom gift tin builder and modern mobile checkout,IG: @deliciouslyella / FB: Deliciously Ella Gourmet Snacks,General Inquiries | hello@deliciouslyella.com,Ella Mills (Founder),"your natural date & nut energy balls, oat bars, and roasted seed snacks deserve an ultra-luxurious direct-to-consumer store.",High
484,Perkier Superfood Bars & Nuts,UK,"Slough, Berkshire","https://maps.google.com/?q=Perkier+Superfood+Bars+&+Nuts+Slough,+Berkshire",Traditional web shop lacking an interactive custom gift tin builder and modern mobile checkout,IG: @perkiersuperfoo / FB: Perkier Superfood Bars & Nuts,General Inquiries | hello@perkier.co.uk,Ann Perkins (Founder),"your sprouted quinoa, chia seed, and whole nut snack bars would drive higher repeat subscriptions with our turnkey platform.",High
485,Trek High Protein Nut Bars,UK,"London, UK","https://maps.google.com/?q=Trek+High+Protein+Nut+Bars+London,+UK",Traditional web shop lacking an interactive custom gift tin builder and modern mobile checkout,IG: @trekhighprotein / FB: Trek High Protein Nut Bars,General Inquiries | info@trekbaruk.com,Brand Team,your 100% plant-based whole nut flapjacks and date-sweetened protein bars deserve an elevated digital direct-to-consumer store.,High
486,The Protein Ball Co,UK,"Worthing, West Sussex","https://maps.google.com/?q=The+Protein+Ball+Co+Worthing,+West+Sussex",Traditional web shop lacking an interactive custom gift tin builder and modern mobile checkout,IG: @theproteinballc / FB: The Protein Ball Co,General Inquiries | info@theproteinballco.com,Matt Hunt (Co-Founder),"your all-natural date, nut, and seed snack balls would see higher average order values with custom subscription box composers.",High
487,Rollagranola Artisanal Nuts,UK,"Hitchin, Hertfordshire","https://maps.google.com/?q=Rollagranola+Artisanal+Nuts+Hitchin,+Hertfordshire",Traditional web shop lacking an interactive custom gift tin builder and modern mobile checkout,IG: @rollagranolaart / FB: Rollagranola Artisanal Nuts,General Inquiries | info@rollagranola.com,Robin Longden (Founder),your small-batch handmade granolas packed with up to 40% whole nuts and seeds deserve an ultra-luxurious digital boutique.,High
488,Natural Balance Foods (Nākd),UK,"St Albans, Hertfordshire","https://maps.google.com/?q=Natural+Balance+Foods+(Nākd)+St+Albans,+Hertfordshire",Traditional web shop lacking an interactive custom gift tin builder and modern mobile checkout,IG: @naturalbalancef / FB: Natural Balance Foods (Nākd),General Inquiries | info@naturalbalancefoods.co.uk,Jamie Combs (Co-Founder),your 100% whole fruit & nut raw snack bars would see higher customer lifetime value with automated pantry subscriptions.,High
489,Nairn's Oatcakes & Fruit,UK,"Edinburgh, Scotland","https://maps.google.com/?q=Nairn's+Oatcakes+&+Fruit+Edinburgh,+Scotland",Traditional web shop lacking an interactive custom gift tin builder and modern mobile checkout,IG: @nairnsoatcakesf / FB: Nairn's Oatcakes & Fruit,General Inquiries | info@nairns-oatcakes.com,Mark Laing (Managing Director),"your whole grain oatcakes, dark chocolate berry biscuits, and snack crackers would convert higher with our turnkey e-commerce store.",High
490,Paterson Arran Gourmet Shortbread,UK,"Livingston, Scotland","https://maps.google.com/?q=Paterson+Arran+Gourmet+Shortbread+Livingston,+Scotland",Traditional web shop lacking an interactive custom gift tin builder and modern mobile checkout,IG: @patersonarrango / FB: Paterson Arran Gourmet Shortbread,General Inquiries | info@paterson-arran.com,Alan Paterson (Director),"baking traditional Scottish shortbread and oatcakes since 1895, your holiday gift tins deserve an interactive custom tin builder.",High
491,Island Bakery Organic,UK,"Isle of Mull, Scotland","https://maps.google.com/?q=Island+Bakery+Organic+Isle+of+Mull,+Scotland",Traditional web shop lacking an interactive custom gift tin builder and modern mobile checkout,IG: @islandbakeryorg / FB: Island Bakery Organic,General Inquiries | info@islandbakery.scot,Joe Reade (Founder),"powered by renewable wind and water on the Isle of Mull, your organic lemon melts and oat & nut biscuits deserve a luxury digital showcase.",High
492,Elmhurst 1925 Milked Nuts,USA,"Elma, NY","https://maps.google.com/?q=Elmhurst+1925+Milked+Nuts+Elma,+NY",Traditional web shop lacking an interactive custom gift tin builder and modern mobile checkout,IG: @elmhurst1925mil / FB: Elmhurst 1925 Milked Nuts,General Inquiries | info@elmhurst1925.com,Henry Schwartz (CEO),"your HydroRelease cold-milled walnut, almond, and cashew milks deserve an elevated digital direct-to-consumer store.",High
493,MALK Organics,USA,"Austin, TX","https://maps.google.com/?q=MALK+Organics+Austin,+TX",Traditional web shop lacking an interactive custom gift tin builder and modern mobile checkout,IG: @malkorganics / FB: MALK Organics,General Inquiries | info@malkorganics.com,August Vega (Co-Founder),your 100% organic sprouted almond and cashew milks without gums or oils would convert higher with flexible subscription ordering.,High
494,Califia Farms,USA,"Los Angeles, CA","https://maps.google.com/?q=Califia+Farms+Los+Angeles,+CA",Traditional web shop lacking an interactive custom gift tin builder and modern mobile checkout,IG: @califiafarms / FB: Califia Farms,General Inquiries | info@califiafarms.com,Dave Ritterbush (CEO),"your plant-based almond milks, toasted coconut, and cold brew coffees would drive higher subscriber retention with our turnkey platform.",High
495,Forager Project,USA,"San Francisco, CA","https://maps.google.com/?q=Forager+Project+San+Francisco,+CA",Traditional web shop lacking an interactive custom gift tin builder and modern mobile checkout,IG: @foragerproject / FB: Forager Project,General Inquiries | info@foragerproject.com,Stephen Williamson (Co-Founder),"your organic creamy cashew milk yogurts, cheeses, and nut-based smoothies deserve a flagship direct-to-consumer digital boutique.",High
496,Kite Hill Artisan Nut Milk,USA,"Hayward, CA","https://maps.google.com/?q=Kite+Hill+Artisan+Nut+Milk+Hayward,+CA",Traditional web shop lacking an interactive custom gift tin builder and modern mobile checkout,IG: @kitehillartisan / FB: Kite Hill Artisan Nut Milk,General Inquiries | info@kite-hill.com,Tal Ronnen (Co-Founder),"your chef-crafted almond milk ricotta, cream cheeses, and tortellini deserve an ultra-luxurious e-commerce showcase.",High
497,Harmless Harvest,USA,"San Francisco, CA","https://maps.google.com/?q=Harmless+Harvest+San+Francisco,+CA",Traditional web shop lacking an interactive custom gift tin builder and modern mobile checkout,IG: @harmlessharvest / FB: Harmless Harvest,General Inquiries | info@harmlessharvest.com,Ben Mand (CEO),your organic Nam Hom coconut water and creamy coconut yogurt cups would see higher recurring subscription orders on Next.js.,High
498,Tate's Bake Shop & Nut Cookies,USA,"Southampton, NY","https://maps.google.com/?q=Tate's+Bake+Shop+&+Nut+Cookies+Southampton,+NY",Traditional web shop lacking an interactive custom gift tin builder and modern mobile checkout,IG: @tatesbakeshopnu / FB: Tate's Bake Shop & Nut Cookies,General Inquiries | info@tatesbakeshop.com,Kathleen King (Founder),"your world-famous thin, crispy walnut and chocolate chip cookies from the Hamptons deserve an interactive corporate gift tin builder.",High
499,Levain Bakery Gourmet Gift Tins,USA,"New York, NY","https://maps.google.com/?q=Levain+Bakery+Gourmet+Gift+Tins+New+York,+NY",Traditional web shop lacking an interactive custom gift tin builder and modern mobile checkout,IG: @levainbakerygou / FB: Levain Bakery Gourmet Gift Tins,General Inquiries | orders@levainbakery.com,Pam Weekes (Co-Founder),your legendary NYC chocolate walnut cookies and holiday gift boxes would convert even higher with our luxury custom gift box builder.,High
500,Jacques Torres Chocolate & Nuts,USA,"Brooklyn, NY","https://maps.google.com/?q=Jacques+Torres+Chocolate+&+Nuts+Brooklyn,+NY",Traditional web shop lacking an interactive custom gift tin builder and modern mobile checkout,IG: @jacquestorresch / FB: Jacques Torres Chocolate & Nuts,General Inquiries | customerservice@mrchocolate.com,Jacques Torres (Master Chocolatier),"known as Mr. Chocolate, your chocolate-covered almonds, hazelnuts, and dried cherries deserve an ultra-luxurious digital boutique.",High
501,Compartés Chocolatier & Artisan Nuts,USA,"Los Angeles, CA",https://maps.google.com/?q=Compartes+Chocolatier+Los+Angeles+CA,Traditional web shop lacking an interactive custom dry fruit and nut gift box builder,Instagram: @compartes / Facebook: Compartes Chocolatier,General Inquiries | support@compartes.com,Jonathan Grahm (Chocolatier & CEO),"Renowned for luxury chocolate-dipped Californian apricots, candied dates, and spiced nut gift boxes; could significantly increase corporate and holiday average order value with an interactive custom box builder and recurring subscription portal.",High
502,Vosges Haut-Chocolat & Exotic Nuts,USA,"Chicago, IL",https://maps.google.com/?q=Vosges+Haut+Chocolat+Chicago+IL,"Traditional web shop lacking an interactive custom dry fruit, date & nut gift box builder",Instagram: @vosgeshautchocolat / Facebook: Vosges Haut-Chocolat,General Inquiries | support@vosgeschocolate.com,Katrina Markoff (Founder & Chocolatier),"Renowned for sensory collections featuring Sicilian pistachios, organic walnuts, and exotic dates; could significantly boost holiday and corporate gift revenues with an interactive custom luxury box builder and concierge curation.",High
503,Golden Kernel Pecan Co,USA,"Cameron, SC",https://maps.google.com/?q=Golden%20Kernel%20Pecan%20Co+Cameron%2C%20SC,Traditional web shop lacking an interactive custom dry fruit and nut gift box builder,Instagram: @goldenkernelpec / Facebook: Golden Kernel Pecan Co,General Inquiries | pecans@goldenkernel.com,David Summers (Owner),Specializes in high-oil content South Carolina pecans and chocolate-dipped pecan clusters; needs a recurring seasonal subscription box service.,High
504,Durham-Ellis Pecan Co,USA,"Comanche, TX",https://maps.google.com/?q=Durham-Ellis%20Pecan%20Co+Comanche%2C%20TX,Traditional web shop lacking an interactive custom dry fruit and nut gift box builder,Instagram: @durhamellispeca / Facebook: Durham-Ellis Pecan Co,General Inquiries | orders@durhampecan.com,Kenneth Durham (President),Large-scale Texas pecan processor with high-end retail gift packs; needs a streamlined B2B wholesale portal and consumer holiday gifting portal.,High
505,Millican Pecan Company,USA,"San Saba, TX",https://maps.google.com/?q=Millican%20Pecan%20Company+San%20Saba%2C%20TX,Traditional web shop lacking an interactive custom dry fruit and nut gift box builder,Instagram: @millicanpecanco / Facebook: Millican Pecan Company,General Inquiries | support@pecan.com,Winston Millican (Owner),Operating in the Pecan Capital of the World since 1888; requires an updated headless luxury storefront to match their historical premium legacy.,High
506,Cane River Pecan Company,USA,"New Iberia, LA",https://maps.google.com/?q=Cane%20River%20Pecan%20Company+New%20Iberia%2C%20LA,Traditional web shop lacking an interactive custom dry fruit and nut gift box builder,Instagram: @caneriverpecanc / Facebook: Cane River Pecan Company,General Inquiries | service@caneriverpecan.com,Jady Regard (Chief Nut Officer),Specializes in executive corporate gifting with custom tin embossing and Louisiana roasted pecans; would benefit from real-time corporate branding preview.,High
507,Green Valley Pecan Company,USA,"Sahuarita, AZ",https://maps.google.com/?q=Green%20Valley%20Pecan%20Company+Sahuarita%2C%20AZ,Traditional web shop lacking an interactive custom dry fruit and nut gift box builder,Instagram: @greenvalleypeca / Facebook: Green Valley Pecan Company,General Inquiries | info@greenvalleypecan.com,Dick Walden (President),World's largest irrigated pecan orchard; needs direct-to-consumer gourmet brand storefront to showcase organic certified and Kosher pecan halves.,High
508,Whaley Pecan Company,USA,"Troy, AL",https://maps.google.com/?q=Whaley%20Pecan%20Company+Troy%2C%20AL,Traditional web shop lacking an interactive custom dry fruit and nut gift box builder,Instagram: @whaleypecancomp / Facebook: Whaley Pecan Company,General Inquiries | customerservice@whaleypecan.com,Jimmy Whaley (Owner),Family-owned since 1937 supplying premium mammoth halves and pieces; missing interactive customer reviews and mobile 1-click Apple Pay checkout.,High
509,Holmquist Hazelnut Orchards,USA,"Lynden, WA",https://maps.google.com/?q=Holmquist%20Hazelnut%20Orchards+Lynden%2C%20WA,Traditional web shop lacking an interactive custom dry fruit and nut gift box builder,Instagram: @holmquisthazeln / Facebook: Holmquist Hazelnut Orchards,General Inquiries | info@holmquisthazelnuts.com,Richard Holmquist (Owner),Family orchard dry-roasting Washington DuChilly hazelnuts without added oils; needs modern direct-to-consumer store with wholesale tiers.,High
510,Freddy Guys Hazelnuts,USA,"Monmouth, OR",https://maps.google.com/?q=Freddy%20Guys%20Hazelnuts+Monmouth%2C%20OR,Traditional web shop lacking an interactive custom dry fruit and nut gift box builder,Instagram: @freddyguyshazel / Facebook: Freddy Guys Hazelnuts,General Inquiries | hazelnuts@freddyguys.com,Barb Gehrett (Co-Owner),"Certified sustainable Oregon hazelnut grower known for fresh-roasted, diced, and hazelnut pancake flour; lacks automated subscription deliveries.",High
511,Ken & June's Hazelnuts,USA,"St. Paul, OR",https://maps.google.com/?q=Ken%20%26%20June's%20Hazelnuts+St.%20Paul%2C%20OR,Traditional web shop lacking an interactive custom dry fruit and nut gift box builder,Instagram: @kenjuneshazelnu / Facebook: Ken & June's Hazelnuts,General Inquiries | info@kjhazelnuts.com,Ken Iverson (Owner),"Willamette Valley orchard producing milk chocolate, dark chocolate, and marionberry hazelnuts; needs an interactive Build-A-Box feature.",High
512,Glenda's Farmhouse,USA,"Vina, CA",https://maps.google.com/?q=Glenda's%20Farmhouse+Vina%2C%20CA,Traditional web shop lacking an interactive custom dry fruit and nut gift box builder,Instagram: @glendasfarmhous / Facebook: Glenda's Farmhouse,General Inquiries | hello@glendasfarmhouse.com,Mike Evans (COO),Northern California regenerative walnut and almond orchard; needs custom nut butter and snack subscription management portal.,High
513,Andersen & Sons Shelling,USA,"Vina, CA",https://maps.google.com/?q=Andersen%20%26%20Sons%20Shelling+Vina%2C%20CA,Traditional web shop lacking an interactive custom dry fruit and nut gift box builder,Instagram: @andersensonsshe / Facebook: Andersen & Sons Shelling,General Inquiries | info@andersenshelling.com,Ryan Andersen (Vice President),Processors of organic certified California walnuts and cold-pressed walnut oil; needs premium retail brand showcase for health-conscious foodies.,High
514,Crain Walnut Shelling,USA,"Los Molinos, CA",https://maps.google.com/?q=Crain%20Walnut%20Shelling+Los%20Molinos%2C%20CA,Traditional web shop lacking an interactive custom dry fruit and nut gift box builder,Instagram: @crainwalnutshel / Facebook: Crain Walnut Shelling,General Inquiries | info@crainwalnut.com,Charles Crain (President),Pioneer English walnut processor in Tehama County; needs a dedicated gourmet consumer line website with recipes and gift boxes.,High
515,Carriere Family Farms,USA,"Glenn, CA",https://maps.google.com/?q=Carriere%20Family%20Farms+Glenn%2C%20CA,Traditional web shop lacking an interactive custom dry fruit and nut gift box builder,Instagram: @carrierefamilyf / Facebook: Carriere Family Farms,General Inquiries | info@carrierefarms.com,Bill Carriere (President),Fifth-generation Sacramento Valley rice and walnut grower; needs modern digital storefront for direct sales of farm-fresh in-shell and halves.,High
516,Dixon Ridge Farms,USA,"Winters, CA",https://maps.google.com/?q=Dixon%20Ridge%20Farms+Winters%2C%20CA,Traditional web shop lacking an interactive custom dry fruit and nut gift box builder,Instagram: @dixonridgefarms / Facebook: Dixon Ridge Farms,General Inquiries | info@dixonridgefarms.com,Russ Lester (Founder),"Pioneering 100% organic, solar and biomass-powered walnut grower; needs luxury sustainability-focused branding and e-commerce checkout.",High
517,Stewart & Jasper Orchards,USA,"Newman, CA",https://maps.google.com/?q=Stewart%20%26%20Jasper%20Orchards+Newman%2C%20CA,Traditional web shop lacking an interactive custom dry fruit and nut gift box builder,Instagram: @stewartjasperor / Facebook: Stewart & Jasper Orchards,General Inquiries | orders@stewartandjasper.com,Jason Jasper (President),"California almond growers known for gourmet almond butter, roasted glazed nuts, and fruit baskets; needs responsive gift builder.",High
518,Sierra Nut House,USA,"Fresno, CA",https://maps.google.com/?q=Sierra%20Nut%20House+Fresno%2C%20CA,Traditional web shop lacking an interactive custom dry fruit and nut gift box builder,Instagram: @sierranuthouse / Facebook: Sierra Nut House,General Inquiries | info@sierranuthouse.com,Joann Sollimo (General Manager),"San Joaquin Valley institution curating fresh dried fruits, raw nuts, and regional wine pairings; needs updated online gift basket builder.",High
519,Fiddyment Farms Pistachios,USA,"Lincoln, CA",https://maps.google.com/?q=Fiddyment%20Farms%20Pistachios+Lincoln%2C%20CA,Traditional web shop lacking an interactive custom dry fruit and nut gift box builder,Instagram: @fiddymentfarmsp / Facebook: Fiddyment Farms Pistachios,General Inquiries | sales@fiddymentfarms.com,Diane Peterson (President),Grown and roasted pistachios in California since 1958 with 12 gourmet flavors; needs modern mobile commerce and subscription club.,High
520,Nichols Farms Pistachios & Almonds,USA,"Hanford, CA",https://maps.google.com/?q=Nichols%20Farms%20Pistachios%20%26%20Almonds+Hanford%2C%20CA,Traditional web shop lacking an interactive custom dry fruit and nut gift box builder,Instagram: @nicholsfarmspis / Facebook: Nichols Farms Pistachios & Almonds,General Inquiries | info@nicholsfarms.com,Chuck Nichols (President),San Joaquin Valley grower producing nonpareil almonds and colossal pistachios; needs consumer retail storefront highlighting farm-to-table traceability.,High
521,Heart of the Desert Pistachios & Wine,USA,"Alamogordo, NM",https://maps.google.com/?q=Heart%20of%20the%20Desert%20Pistachios%20%26%20Wine+Alamogordo%2C%20NM,Traditional web shop lacking an interactive custom dry fruit and nut gift box builder,Instagram: @heartofthedeser / Facebook: Heart of the Desert Pistachios & Wine,General Inquiries | orders@heartofthedesert.com,Marianne Schweers (Owner),Home to New Mexico's premier pistachio groves and vineyards; needs an integrated wine and gourmet nut gift basket checkout system.,High
522,Traina Dried Fruit,USA,"Patterson, CA",https://maps.google.com/?q=Traina%20Dried%20Fruit+Patterson%2C%20CA,Traditional web shop lacking an interactive custom dry fruit and nut gift box builder,Instagram: @trainadriedfrui / Facebook: Traina Dried Fruit,General Inquiries | info@traina.com,Willie Traina (CEO),"Specializes in California sun-dried plums, apricots, and California Sun Dried Tomato Ketchup; needs direct-to-consumer store with custom recipe pairings.",High
523,B&R Farms Blenheim Apricots,USA,"Hollister, CA",https://maps.google.com/?q=B%26R%20Farms%20Blenheim%20Apricots+Hollister%2C%20CA,Traditional web shop lacking an interactive custom dry fruit and nut gift box builder,Instagram: @brfarmsblenheim / Facebook: B&R Farms Blenheim Apricots,General Inquiries | info@brfarms.com,Jim Rossi (Co-Owner),"Specializes exclusively in California Blenheim apricots, preserves, and dried fruit gift trays; needs custom gift box builder for corporate gifting.",High
524,Mariani Nut Company,USA,"Winters, CA",https://maps.google.com/?q=Mariani%20Nut%20Company+Winters%2C%20CA,Traditional web shop lacking an interactive custom dry fruit and nut gift box builder,Instagram: @marianinutcompa / Facebook: Mariani Nut Company,General Inquiries | info@marianinut.com,Matt Mariani (Sales Director),Global supplier of California premium almonds and walnuts; needs a direct retail customer store showcasing premium reserve selections.,High
525,Superior Nut Company,USA,"Cambridge, MA",https://maps.google.com/?q=Superior%20Nut%20Company+Cambridge%2C%20MA,Traditional web shop lacking an interactive custom dry fruit and nut gift box builder,Instagram: @superiornutcomp / Facebook: Superior Nut Company,General Inquiries | customerservice@superiornut.com,Mark Singer (President),"Roasting high-grade cashews, macadamias, and fruit nut mixes in Boston since 1929; needs modern mobile navigation and tiered subscriptions.",High
526,Fastachi Artisanal Nut Roasters,USA,"Watertown, MA",https://maps.google.com/?q=Fastachi%20Artisanal%20Nut%20Roasters+Watertown%2C%20MA,Traditional web shop lacking an interactive custom dry fruit and nut gift box builder,Instagram: @fastachiartisan / Facebook: Fastachi Artisanal Nut Roasters,General Inquiries | orders@fastachi.com,Souren Etyemezian (Master Roaster),"Hand-roasts small-batch nuts in steel drums, known for gourmet gift tins; needs a digital custom tin builder for holiday wedding favors.",High
527,Nuts On Clark,USA,"Chicago, IL",https://maps.google.com/?q=Nuts%20On%20Clark+Chicago%2C%20IL,Traditional web shop lacking an interactive custom dry fruit and nut gift box builder,Instagram: @nutsonclark / Facebook: Nuts On Clark,General Inquiries | info@nutsonclark.com,Estelle Kenney (Owner),Chicago institution famous for fresh warm roasted nuts and gourmet popcorn tins; needs multi-address corporate gift shipping tool.,High
528,Bazzini Gourmet Nuts & Confections,USA,"Allentown, PA",https://maps.google.com/?q=Bazzini%20Gourmet%20Nuts%20%26%20Confections+Allentown%2C%20PA,Traditional web shop lacking an interactive custom dry fruit and nut gift box builder,Instagram: @bazzinigourmetn / Facebook: Bazzini Gourmet Nuts & Confections,General Inquiries | sales@bazzininuts.com,Rocco Gangemi (President),Supplying gourmet roasted nuts and chocolate fruits to premier venues since 1886; needs a modern B2C direct storefront.,High
529,Traverse Bay Farms,USA,"Bellaire, MI",https://maps.google.com/?q=Traverse%20Bay%20Farms+Bellaire%2C%20MI,Traditional web shop lacking an interactive custom dry fruit and nut gift box builder,Instagram: @traversebayfarm / Facebook: Traverse Bay Farms,General Inquiries | contact@traversebayfarms.com,Andy LaPointe (Marketing Director),"Specializes in dried Montmorency tart cherries, fruit salsas, and natural wellness snacks; needs modern subscription management.",High
530,Meduri Farms,USA,"Dallas, OR",https://maps.google.com/?q=Meduri%20Farms+Dallas%2C%20OR,Traditional web shop lacking an interactive custom dry fruit and nut gift box builder,Instagram: @medurifarms / Facebook: Meduri Farms,General Inquiries | customerservice@medurifarms.com,Joe Meduri (President),"Small-batch Oregon dried berries, cranberries, and artisanal chocolate fruits; needs custom corporate gifting basket tool.",High
531,Stoneridge Orchards,USA,"Royal City, WA",https://maps.google.com/?q=Stoneridge%20Orchards+Royal%20City%2C%20WA,Traditional web shop lacking an interactive custom dry fruit and nut gift box builder,Instagram: @stoneridgeorcha / Facebook: Stoneridge Orchards,General Inquiries | info@stoneridgeorchards.com,Patrick Dorsing (Brand Director),Whole Montmorency cherries and berries dipped in 70% dark chocolate; needs modern luxury confectionery aesthetic.,High
532,Fruit d'Or Organic,Canada,"Villeroy, QC",https://maps.google.com/?q=Fruit%20d'Or%20Organic+Villeroy%2C%20QC,Traditional web shop lacking an interactive custom dry fruit and nut gift box builder,Instagram: @fruitdororganic / Facebook: Fruit d'Or Organic,General Inquiries | info@fruit-dor.ca,Martin Le Moine (President),Global leader in organic cranberry and wild blueberry drying; needs modern brand showcase for gourmet consumer lines.,High
533,Terra Beata Cranberries,Canada,"Lunenburg, NS",https://maps.google.com/?q=Terra%20Beata%20Cranberries+Lunenburg%2C%20NS,Traditional web shop lacking an interactive custom dry fruit and nut gift box builder,Instagram: @terrabeatacranb / Facebook: Terra Beata Cranberries,General Inquiries | sales@terrabeata.com,David Ernst (Owner),Nova Scotia coastal cranberry and blueberry farm crafting dried berries and preserves; needs modern online gift crate order tool.,High
534,Oasis Date Gardens,USA,"Thermal, CA",https://maps.google.com/?q=Oasis%20Date%20Gardens+Thermal%2C%20CA,Traditional web shop lacking an interactive custom dry fruit and nut gift box builder,Instagram: @oasisdategarden / Facebook: Oasis Date Gardens,General Inquiries | info@oasisdate.com,Don O'Dell (General Manager),Organic date grower operating in the Coachella Valley since 1912 with 15+ heirloom varieties; needs custom date flight sampler box.,High
535,Sam Cobb Date Farms,USA,"Desert Hot Springs, CA",https://maps.google.com/?q=Sam%20Cobb%20Date%20Farms+Desert%20Hot%20Springs%2C%20CA,Traditional web shop lacking an interactive custom dry fruit and nut gift box builder,Instagram: @samcobbdatefarm / Facebook: Sam Cobb Date Farms,General Inquiries | samcobbdatefarms@gmail.com,Sam Cobb (Owner),Specializes in exclusive Black Gold and Cobb Gem date cultivars; needs high-end direct-to-consumer farm-to-table subscription.,High
536,Bautista Family Organic Date Ranch,USA,"Mecca, CA",https://maps.google.com/?q=Bautista%20Family%20Organic%20Date%20Ranch+Mecca%2C%20CA,Traditional web shop lacking an interactive custom dry fruit and nut gift box builder,Instagram: @bautistafamilyo / Facebook: Bautista Family Organic Date Ranch,General Inquiries | bautistadates@gmail.com,Alicia Bautista (Co-Owner),"Permaculture organic date farm famous for creamy Barhi, Halawi, and Khadrawi dates; needs modern online ordering interface.",High
537,Joolies Organic Medjool Dates,USA,"Venice, CA",https://maps.google.com/?q=Joolies%20Organic%20Medjool%20Dates+Venice%2C%20CA,Traditional web shop lacking an interactive custom dry fruit and nut gift box builder,Instagram: @jooliesorganicm / Facebook: Joolies Organic Medjool Dates,General Inquiries | hi@joolies.com,David Kranz (Co-Founder),Playful modern brand bringing organic California Medjool dates to young shoppers; needs custom bundle discount checkout.,High
538,SunDate California,USA,"Coachella, CA",https://maps.google.com/?q=SunDate%20California+Coachella%2C%20CA,Traditional web shop lacking an interactive custom dry fruit and nut gift box builder,Instagram: @sundatecaliforn / Facebook: SunDate California,General Inquiries | info@sundateusa.com,DJ Ryan (Sales Director),Major grower-shipper of fresh Californian Medjool and Deglet Noor dates; needs direct retail consumer storefront.,High
539,Desert Valley Date,USA,"Coachella, CA",https://maps.google.com/?q=Desert%20Valley%20Date+Coachella%2C%20CA,Traditional web shop lacking an interactive custom dry fruit and nut gift box builder,Instagram: @desertvalleydat / Facebook: Desert Valley Date,General Inquiries | info@desertvalleydate.com,Anthony Bianco (Managing Partner),"Supplying pitted, chopped, and whole Coachella dates to food manufacturers; needs automated sample request and retail packaging shop.",High
540,Q's Nuts Artisanal Roasters,USA,"Somerville, MA",https://maps.google.com/?q=Q's%20Nuts%20Artisanal%20Roasters+Somerville%2C%20MA,Traditional web shop lacking an interactive custom dry fruit and nut gift box builder,Instagram: @qsnutsartisanal / Facebook: Q's Nuts Artisanal Roasters,General Inquiries | orders@qsnuts.com,Beth Quinn (Co-Founder),"Small-batch roast house known for Cayenne Mango, Rosemary Sea Salt, and Chocolate Lavender almonds; needs custom tin builder.",High
541,City Peanut Nutrition & Roasters,USA,"Boise, ID",https://maps.google.com/?q=City%20Peanut%20Nutrition%20%26%20Roasters+Boise%2C%20ID,Traditional web shop lacking an interactive custom dry fruit and nut gift box builder,Instagram: @citypeanutnutri / Facebook: City Peanut Nutrition & Roasters,General Inquiries | info@citypeanut.com,Dan Balluff (Owner),"Handcrafted nut brittles, candied wild berries, and spiced craft beer peanuts; needs holiday corporate gift box customization.",High
542,P-Nut Processors & Nut Co,USA,"Houston, TX",https://maps.google.com/?q=P-Nut%20Processors%20%26%20Nut%20Co+Houston%2C%20TX,Traditional web shop lacking an interactive custom dry fruit and nut gift box builder,Instagram: @pnutprocessorsn / Facebook: P-Nut Processors & Nut Co,General Inquiries | sales@pnut.com,Robert Perez (Owner),"Southern Texas nut roaster specializing in giant cashews, smoked almonds, and praline pecans; needs sleek mobile checkout.",High
543,The Peanut Shop of Williamsburg,USA,"Williamsburg, VA",https://maps.google.com/?q=The%20Peanut%20Shop%20of%20Williamsburg+Williamsburg%2C%20VA,Traditional web shop lacking an interactive custom dry fruit and nut gift box builder,Instagram: @thepeanutshopof / Facebook: The Peanut Shop of Williamsburg,General Inquiries | customerservice@thepeanutshop.com,Michael Valentine (President),Virginia hand-cooked jumbo peanuts and specialty nut gift samplers; needs corporate gifting multi-ship address manager.,High
544,Feridies Virginia Peanuts,USA,"Courtland, VA",https://maps.google.com/?q=Feridies%20Virginia%20Peanuts+Courtland%2C%20VA,Traditional web shop lacking an interactive custom dry fruit and nut gift box builder,Instagram: @feridiesvirgini / Facebook: Feridies Virginia Peanuts,General Inquiries | customerservice@feridies.com,Jane Riddick-Fries (Co-Owner),"Specialty gourmet peanuts, cashews, dried fruit snack mixes, and tower gifts; needs interactive custom gift tower builder.",High
545,Virginia Diner Specialty Nuts,USA,"Wakefield, VA",https://maps.google.com/?q=Virginia%20Diner%20Specialty%20Nuts+Wakefield%2C%20VA,Traditional web shop lacking an interactive custom dry fruit and nut gift box builder,Instagram: @virginiadinersp / Facebook: Virginia Diner Specialty Nuts,General Inquiries | customerservice@vadiner.com,Andrew Bauer (President),"Legendary diner brand producing gourmet seasoned peanuts, butter toffee nuts, and gift boxes; needs modern e-commerce platform.",High
546,Hope & Harmony Farms Peanuts,USA,"Drewryville, VA",https://maps.google.com/?q=Hope%20%26%20Harmony%20Farms%20Peanuts+Drewryville%2C%20VA,Traditional web shop lacking an interactive custom dry fruit and nut gift box builder,Instagram: @hopeharmonyfarm / Facebook: Hope & Harmony Farms Peanuts,General Inquiries | info@hopeandharmonyfarms.com,Stephanie Pope (Co-Founder),Fourth-generation peanut farmers offering fresh-roasted jumbo Virginia peanuts in vintage burlap sacks; needs gift set customizer.,High
547,Koeze Company Gourmet Nuts,USA,"Grand Rapids, MI",https://maps.google.com/?q=Koeze%20Company%20Gourmet%20Nuts+Grand%20Rapids%2C%20MI,Traditional web shop lacking an interactive custom dry fruit and nut gift box builder,Instagram: @koezecompanygou / Facebook: Koeze Company Gourmet Nuts,General Inquiries | service@koeze.com,Jeff Koeze (President),Famed for Cream-Nut peanut butter and glass decanter gift jars of colossal cashews; needs luxury editorial redesign and corporate portal.,High
548,GNS Foods Gourmet Nut Shoppe,USA,"Arlington, TX",https://maps.google.com/?q=GNS%20Foods%20Gourmet%20Nut%20Shoppe+Arlington%2C%20TX,Traditional web shop lacking an interactive custom dry fruit and nut gift box builder,Instagram: @gnsfoodsgourmet / Facebook: GNS Foods Gourmet Nut Shoppe,General Inquiries | sales@gnsfoods.com,Kim Peacock (President),"Woman-owned nut processor manufacturing roasted nuts, praline pecans, and fruit nut clusters; needs responsive B2B/B2C store.",High
549,Nutstop Gourmet Bulk & Retail,USA,"North Hollywood, CA",https://maps.google.com/?q=Nutstop%20Gourmet%20Bulk%20%26%20Retail+North%20Hollywood%2C%20CA,Traditional web shop lacking an interactive custom dry fruit and nut gift box builder,Instagram: @nutstopgourmetb / Facebook: Nutstop Gourmet Bulk & Retail,General Inquiries | support@nutstop.com,Albert Varkoni (Owner),"Extensive range of imported dried fruits, raw nuts, and superfood seeds; needs interactive custom trail mix designer.",High
550,We Got Nuts,USA,"Brooklyn, NY",https://maps.google.com/?q=We%20Got%20Nuts+Brooklyn%2C%20NY,Traditional web shop lacking an interactive custom dry fruit and nut gift box builder,Instagram: @wegotnuts / Facebook: We Got Nuts,General Inquiries | support@wegotnuts.com,Isaac Mizrahi (Co-Founder),"Brooklyn roaster offering colossal nuts, dried ginger, and exotic fruit trays; needs modern mobile-first cart and loyalty rewards.",High
551,Oh! Nuts Confections & Dried Fruit,USA,"Brooklyn, NY",https://maps.google.com/?q=Oh!%20Nuts%20Confections%20%26%20Dried%20Fruit+Brooklyn%2C%20NY,Traditional web shop lacking an interactive custom dry fruit and nut gift box builder,Instagram: @ohnutsconfectio / Facebook: Oh! Nuts Confections & Dried Fruit,General Inquiries | orders@ohnuts.com,David Klein (Operations Director),"High-end Kosher certified dried fruit platters, nut gift baskets, and holiday trays; needs corporate bulk order spreadsheet uploader.",High
552,Sincerely Nuts,USA,"Marlboro, NJ",https://maps.google.com/?q=Sincerely%20Nuts+Marlboro%2C%20NJ,Traditional web shop lacking an interactive custom dry fruit and nut gift box builder,Instagram: @sincerelynuts / Facebook: Sincerely Nuts,General Inquiries | support@sincerelynuts.com,Michael Cohen (Founder),"Supplying dried tropical fruits, organic nuts, and chia seeds; needs dynamic bulk discounts and recurring subscription delivery.",High
553,Living Tree Community Foods,USA,"Berkeley, CA",https://maps.google.com/?q=Living%20Tree%20Community%20Foods+Berkeley%2C%20CA,Traditional web shop lacking an interactive custom dry fruit and nut gift box builder,Instagram: @livingtreecommu / Facebook: Living Tree Community Foods,General Inquiries | info@livingtreecommunity.com,Jesse Schwartz (Founder),Specializes in organic raw sprouted California almond butters and sun-dried olives/figs; needs clean organic storefront upgrade.,High
554,Sunfood Superfoods,USA,"El Cajon, CA",https://maps.google.com/?q=Sunfood%20Superfoods+El%20Cajon%2C%20CA,Traditional web shop lacking an interactive custom dry fruit and nut gift box builder,Instagram: @sunfoodsuperfoo / Facebook: Sunfood Superfoods,General Inquiries | support@sunfood.com,David Wolfe (Co-Founder),"Wildcrafted and organic raw cacao, golden berries, and sun-dried white mulberries; needs interactive wellness bundle builder.",High
555,Wildway Grain-Free Snacks,USA,"San Antonio, TX",https://maps.google.com/?q=Wildway%20Grain-Free%20Snacks+San%20Antonio%2C%20TX,Traditional web shop lacking an interactive custom dry fruit and nut gift box builder,Instagram: @wildwaygrainfre / Facebook: Wildway Grain-Free Snacks,General Inquiries | info@wildwayoflife.com,Kyler Phillips (Co-Founder),"Grain-free granolas made purely of dates, nuts, seeds, and dried fruit; needs custom snack box subscription builder.",High
556,Prana Organic Snacks,Canada,"Montreal, QC",https://maps.google.com/?q=Prana%20Organic%20Snacks+Montreal%2C%20QC,Traditional web shop lacking an interactive custom dry fruit and nut gift box builder,Instagram: @pranaorganicsna / Facebook: Prana Organic Snacks,General Inquiries | info@pranaorganic.ca,Marie-Josée Richer (Co-Founder),"Organic trail mixes, sprouted chia seeds, and chocolate covered nuts; needs US/Canada bilingual storefront and gift builder.",High
557,Yupik Dried Fruits & Nuts,Canada,"Montreal, QC",https://maps.google.com/?q=Yupik%20Dried%20Fruits%20%26%20Nuts+Montreal%2C%20QC,Traditional web shop lacking an interactive custom dry fruit and nut gift box builder,Instagram: @yupikdriedfruit / Facebook: Yupik Dried Fruits & Nuts,General Inquiries | info@yupik.com,Tony Tedeschi (VP Retail),"Broad selection of raw nuts, sun-dried dates, and organic seeds; needs modern responsive storefront with wholesale inquiry.",High
558,Whitworths Dried Fruits & Seeds,United Kingdom,Irthlingborough,https://maps.google.com/?q=Whitworths%20Dried%20Fruits%20%26%20Seeds+Irthlingborough,Traditional web shop lacking an interactive custom dry fruit and nut gift box builder,Instagram: @whitworthsdried / Facebook: Whitworths Dried Fruits & Seeds,General Inquiries | consumer.care@whitworths.co.uk,Peter Gardner (Managing Director),"UK's historic leader in premium dried baking fruits, snacking nuts, and exotic dates; needs a bespoke direct-to-door luxury subscription club.",High
559,Grape Tree Wholefoods & Nuts,United Kingdom,Kingswinford,https://maps.google.com/?q=Grape%20Tree%20Wholefoods%20%26%20Nuts+Kingswinford,Traditional web shop lacking an interactive custom dry fruit and nut gift box builder,Instagram: @grapetreewholef / Facebook: Grape Tree Wholefoods & Nuts,General Inquiries | online@grapetree.co.uk,Nick Shutts (Founder),Fast-growing high-street wholefoods retailer with extensive nut & dried fruit offerings; needs modernized online click-and-collect and subscription.,High
560,Community Foods Organic,United Kingdom,"Witham, Essex",https://maps.google.com/?q=Community%20Foods%20Organic+Witham%2C%20Essex,Traditional web shop lacking an interactive custom dry fruit and nut gift box builder,Instagram: @communityfoodso / Facebook: Community Foods Organic,General Inquiries | sales@communityfoods.co.uk,David Neal (Managing Director),"Specialist importer of organic dried vines, nuts, and organic seeds; needs direct-to-consumer artisanal marketplace experience.",High
561,Good4U Super-sprouts & Seeds,Ireland,Sligo,https://maps.google.com/?q=Good4U%20Super-sprouts%20%26%20Seeds+Sligo,Traditional web shop lacking an interactive custom dry fruit and nut gift box builder,Instagram: @good4usuperspro / Facebook: Good4U Super-sprouts & Seeds,General Inquiries | hello@good4u.co,Bernie Butler (Founder),Family business creating functional salad toppers and roasted seed snacks; needs interactive salad recipe and snack box builder.,High
562,Munchy Seeds Roasted Seeds,United Kingdom,"Leiston, Suffolk",https://maps.google.com/?q=Munchy%20Seeds%20Roasted%20Seeds+Leiston%2C%20Suffolk,Traditional web shop lacking an interactive custom dry fruit and nut gift box builder,Instagram: @munchyseedsroas / Facebook: Munchy Seeds Roasted Seeds,General Inquiries | hello@munchyseeds.co.uk,Lucinda Clay (Co-Founder),"Crunchy dry-roasted pumpkin, sunflower, and sesame seed blends; needs modern mobile checkout and gift tin packaging.",High
563,Hatton Hill Organic Nuts,United Kingdom,London,https://maps.google.com/?q=Hatton%20Hill%20Organic%20Nuts+London,Traditional web shop lacking an interactive custom dry fruit and nut gift box builder,Instagram: @hattonhillorgan / Facebook: Hatton Hill Organic Nuts,General Inquiries | support@hattonhill.com,Naveen Sharma (Founder),"Curates certified organic cashews, walnuts, dates, and superfood spices; needs interactive corporate gifting portal.",High
564,Wholefood Earth Organics,United Kingdom,"Broadstairs, Kent",https://maps.google.com/?q=Wholefood%20Earth%20Organics+Broadstairs%2C%20Kent,Traditional web shop lacking an interactive custom dry fruit and nut gift box builder,Instagram: @wholefoodeartho / Facebook: Wholefood Earth Organics,General Inquiries | info@wholefoodearth.com,Constantin Tudor (Managing Director),"Sustainable organic dried fruits, chia seeds, and raw nuts in 100% biodegradable bags; needs loyalty points and bundle savings.",High
565,Real Foods Scotland,United Kingdom,Edinburgh,https://maps.google.com/?q=Real%20Foods%20Scotland+Edinburgh,Traditional web shop lacking an interactive custom dry fruit and nut gift box builder,Instagram: @realfoodsscotla / Facebook: Real Foods Scotland,General Inquiries | web@realfoods.co.uk,Richard Howard (Director),Edinburgh's natural food pioneer since 1963 stocking heirloom nuts and organic dried fruits; needs responsive online shopping UI.,High
566,Highland Wholefoods,United Kingdom,Inverness,https://maps.google.com/?q=Highland%20Wholefoods+Inverness,Traditional web shop lacking an interactive custom dry fruit and nut gift box builder,Instagram: @highlandwholefo / Facebook: Highland Wholefoods,General Inquiries | sales@highlandwholefoods.co.uk,Ewan Campbell (Manager),Worker co-operative supplying fair trade dried fruits and nuts to the Scottish Highlands; needs modern digital B2B catalog.,High
567,Suma Wholefoods Co-operative,United Kingdom,"Elland, West Yorkshire",https://maps.google.com/?q=Suma%20Wholefoods%20Co-operative+Elland%2C%20West%20Yorkshire,Traditional web shop lacking an interactive custom dry fruit and nut gift box builder,Instagram: @sumawholefoodsc / Facebook: Suma Wholefoods Co-operative,General Inquiries | orders@suma.coop,Nigel Smith (Procurement),"Renowned worker co-operative supplying organic dried fruits, nuts, and fair trade seeds; needs consumer-facing gift box showcase.",High
568,Essential Trading Co-operative,United Kingdom,Bristol,https://maps.google.com/?q=Essential%20Trading%20Co-operative+Bristol,Traditional web shop lacking an interactive custom dry fruit and nut gift box builder,Instagram: @essentialtradin / Facebook: Essential Trading Co-operative,General Inquiries | sales@essential-trading.coop,Eliot Brown (Sales Manager),"Ethical wholesaler of organic dried mango, mulberries, and almonds; needs modernized digital sample and gift box portal.",High
569,Boundless Activated Snacking,United Kingdom,Bristol,https://maps.google.com/?q=Boundless%20Activated%20Snacking+Bristol,Traditional web shop lacking an interactive custom dry fruit and nut gift box builder,Instagram: @boundlessactiva / Facebook: Boundless Activated Snacking,General Inquiries | hello@weareboundless.co.uk,Cathy Moseley (Founder),Activated gut-friendly chips and nuts using ancestral water-soaking and baking techniques; needs modern snack subscription.,High
570,Mister Freed Healthy Snacks,United Kingdom,London,https://maps.google.com/?q=Mister%20Freed%20Healthy%20Snacks+London,Traditional web shop lacking an interactive custom dry fruit and nut gift box builder,Instagram: @misterfreedheal / Facebook: Mister Freed Healthy Snacks,General Inquiries | info@misterfreed.com,Tomas Rovira (Co-Founder),Guilt-free artisanal seed snacks and nut treats; needs dynamic bundle configurator for fitness consumers.,High
571,Raw Gorilla Organic Nuts,United Kingdom,London,https://maps.google.com/?q=Raw%20Gorilla%20Organic%20Nuts+London,Traditional web shop lacking an interactive custom dry fruit and nut gift box builder,Instagram: @rawgorillaorgan / Facebook: Raw Gorilla Organic Nuts,General Inquiries | info@rawgorilla.co.uk,Fraser Doherty (Director),Grain-free activated raw nut and seed granolas; needs dynamic mobile storefront and health-focused content blog.,High
572,Ferme de la Noix du Périgord,France,Sarlat-la-Canéda,https://maps.google.com/?q=Ferme%20de%20la%20Noix%20du%20P%C3%A9rigord+Sarlat-la-Can%C3%A9da,Traditional web shop lacking an interactive custom dry fruit and nut gift box builder,Instagram: @fermedelanoixdu / Facebook: Ferme de la Noix du Périgord,General Inquiries | contact@noixduperigord.com,Philippe Maneyrol (Proprietor),"Generations-old walnut groves crafting AOC walnut cakes, chocolate walnuts, and liqueurs; needs international express shipping checkout.",High
573,Huilerie Beaujolaise & Fruits Secs,France,Beaujeu,https://maps.google.com/?q=Huilerie%20Beaujolaise%20%26%20Fruits%20Secs+Beaujeu,Traditional web shop lacking an interactive custom dry fruit and nut gift box builder,Instagram: @huileriebeaujol / Facebook: Huilerie Beaujolaise & Fruits Secs,General Inquiries | contact@huilerie-beaujolaise.fr,Jean-Marc Montegottero (Founder),"Crafts cold-pressed virgin hazelnut, pecan, and pine nut oils paired with roasted nut aperitifs; needs luxury culinary shop.",High
574,Huilerie J. Leblanc 1878,France,Iguerande,https://maps.google.com/?q=Huilerie%20J.%20Leblanc%201878+Iguerande,Traditional web shop lacking an interactive custom dry fruit and nut gift box builder,Instagram: @huileriejleblan / Facebook: Huilerie J. Leblanc 1878,General Inquiries | contact@huile-leblanc.com,Jean-Charles Leblanc (Artisan),"Mill running since 1878 stone-grinding French walnuts, pistachios, and almonds; needs high-end gastronomic storefront.",High
575,François Doucet Confiseur,France,"Oraison, Provence",https://maps.google.com/?q=Fran%C3%A7ois%20Doucet%20Confiseur+Oraison%2C%20Provence,Traditional web shop lacking an interactive custom dry fruit and nut gift box builder,Instagram: @franoisdoucetco / Facebook: François Doucet Confiseur,General Inquiries | contact@francois-doucet.com,François Doucet (Master Confectioner),Provence master confectioner coating almonds in nougatine and crafting real fruit pastes; needs bespoke gift box builder.,High
576,Confiserie du Roy René,France,Aix-en-Provence,https://maps.google.com/?q=Confiserie%20du%20Roy%20Ren%C3%A9+Aix-en-Provence,Traditional web shop lacking an interactive custom dry fruit and nut gift box builder,Instagram: @confiserieduroy / Facebook: Confiserie du Roy René,General Inquiries | contact@calisson.com,Olivier Baussan (President),Historic maker of Calissons d'Aix made of ground sweet almonds and candied melon; needs digital VIP gifting salon.,High
577,Confiserie Florian Nice,France,"Nice, Côte d'Azur",https://maps.google.com/?q=Confiserie%20Florian%20Nice+Nice%2C%20C%C3%B4te%20d'Azur,Traditional web shop lacking an interactive custom dry fruit and nut gift box builder,Instagram: @confiserieflori / Facebook: Confiserie Florian Nice,General Inquiries | contact@confiserieflorian.com,Frédéric de Groeve (Director),"French Riviera confectioner crystalizing edible flower petals, clementines, and chocolate almonds; needs interactive gift hamper tool.",High
578,Maison Jougla Confitures & Noisettes,France,Saint-Girons,https://maps.google.com/?q=Maison%20Jougla%20Confitures%20%26%20Noisettes+Saint-Girons,Traditional web shop lacking an interactive custom dry fruit and nut gift box builder,Instagram: @maisonjouglacon / Facebook: Maison Jougla Confitures & Noisettes,General Inquiries | contact@maisonjougla.com,Bernard Jougla (Master Confiturier),"Pyrenees artisan pairing organic dried fruits, prunes, and roasted hazelnuts; needs multi-lingual international e-commerce.",High
579,Favols Fruits & Délices,France,Villeneuve-sur-Lot,https://maps.google.com/?q=Favols%20Fruits%20%26%20D%C3%A9lices+Villeneuve-sur-Lot,Traditional web shop lacking an interactive custom dry fruit and nut gift box builder,Instagram: @favolsfruitsdli / Facebook: Favols Fruits & Délices,General Inquiries | contact@favols.fr,Laurent Cherchi (General Manager),Located in the heart of Lot-et-Garonne crafting stuffed Agen prunes and fruit compotes; needs corporate holiday gift shop.,High
580,Lucien Georgelin Gourmandises,France,Virazeil,https://maps.google.com/?q=Lucien%20Georgelin%20Gourmandises+Virazeil,Traditional web shop lacking an interactive custom dry fruit and nut gift box builder,Instagram: @luciengeorgelin / Facebook: Lucien Georgelin Gourmandises,General Inquiries | contact@lucien-georgelin.com,Lucien Georgelin (Founder),"Southwest France specialty producer of slow-cooked fruit spreads, dried figs, and hazelnut pastes; needs responsive direct store.",High
581,Andros Gourmet Fruits,France,Biars-sur-Cère,https://maps.google.com/?q=Andros%20Gourmet%20Fruits+Biars-sur-C%C3%A8re,Traditional web shop lacking an interactive custom dry fruit and nut gift box builder,Instagram: @androsgourmetfr / Facebook: Andros Gourmet Fruits,General Inquiries | service.consommateur@andros.fr,Frédéric Gervoson (CEO),French fruit expert supplying premium dried fruits and compotes; needs a dedicated gourmet consumer line website.,High
582,Madi Ventura Frutta Secca,Italy,Genoa,https://maps.google.com/?q=Madi%20Ventura%20Frutta%20Secca+Genoa,Traditional web shop lacking an interactive custom dry fruit and nut gift box builder,Instagram: @madiventurafrut / Facebook: Madi Ventura Frutta Secca,General Inquiries | info@madiventura.it,Fabio Calvini (Commercial Director),"Major Italian brand specializing in raw dried fruit mixes, shelled almonds, and bio-nuts; needs responsive digital storefront.",High
583,Besana Group Specialty Nuts,Italy,"San Gennaro Vesuviano, Naples",https://maps.google.com/?q=Besana%20Group%20Specialty%20Nuts+San%20Gennaro%20Vesuviano%2C%20Naples,Traditional web shop lacking an interactive custom dry fruit and nut gift box builder,Instagram: @besanagroupspec / Facebook: Besana Group Specialty Nuts,General Inquiries | info@besanagroup.com,Pino Calcagni (President),"Supplying global fine food houses with premium hazelnuts, pine nuts, and dried berries; needs consumer brand boutique.",High
584,Pariani Pistacchio di Bronte,Italy,"Bronte, Sicily",https://maps.google.com/?q=Pariani%20Pistacchio%20di%20Bronte+Bronte%2C%20Sicily,Traditional web shop lacking an interactive custom dry fruit and nut gift box builder,Instagram: @parianipistacch / Facebook: Pariani Pistacchio di Bronte,General Inquiries | commerciale@pariani.org,Emanuele Pariani (Director),Specializes in DOP Green Pistachio of Bronte and Avola almonds for Michelin star chefs; needs direct-to-consumer gourmet boutique.,High
585,Antica Dolceria Bonajuto,Italy,"Modica, Sicily",https://maps.google.com/?q=Antica%20Dolceria%20Bonajuto+Modica%2C%20Sicily,Traditional web shop lacking an interactive custom dry fruit and nut gift box builder,Instagram: @anticadolceriab / Facebook: Antica Dolceria Bonajuto,General Inquiries | info@bonajuto.it,Pierpaolo Ruta (Proprietor),Oldest chocolate factory in Sicily cold-processing cocoa with toasted pistachios and almonds; needs custom tasting box builder.,High
586,Caffè Sicilia Noto,Italy,"Noto, Sicily",https://maps.google.com/?q=Caff%C3%A8%20Sicilia%20Noto+Noto%2C%20Sicily,Traditional web shop lacking an interactive custom dry fruit and nut gift box builder,Instagram: @caffsicilianoto / Facebook: Caffè Sicilia Noto,General Inquiries | info@caffesicilia.it,Corrado Assenza (Master Pastry Chef),"Legendary Sicilian cafe celebrated globally for artisanal almond granita, Torrone, and candied citrus; needs global shipping portal.",High
587,Brontedolci Dolci & Pistacchio,Italy,"Bronte, Sicily",https://maps.google.com/?q=Brontedolci%20Dolci%20%26%20Pistacchio+Bronte%2C%20Sicily,Traditional web shop lacking an interactive custom dry fruit and nut gift box builder,Instagram: @brontedolcidolc / Facebook: Brontedolci Dolci & Pistacchio,General Inquiries | info@brontedolci.it,Vincenzo Longhitano (Director),Traditional Sicilian producer of pistachio and almond torrone and gourmet spreads; needs international customer checkout.,High
588,Sperlari Torrone & Mandorle,Italy,Cremona,https://maps.google.com/?q=Sperlari%20Torrone%20%26%20Mandorle+Cremona,Traditional web shop lacking an interactive custom dry fruit and nut gift box builder,Instagram: @sperlaritorrone / Facebook: Sperlari Torrone & Mandorle,General Inquiries | contatti@sperlari.it,Piergiorgio Rossi (CEO),"Historic Italian confectioner celebrated for Cremona almond torrone, mostarda, and nut pralines; needs online holiday gifting portal.",High
589,Fabbri 1905 Gourmet Specialties,Italy,Bologna,https://maps.google.com/?q=Fabbri%201905%20Gourmet%20Specialties+Bologna,Traditional web shop lacking an interactive custom dry fruit and nut gift box builder,Instagram: @fabbri1905gourm / Facebook: Fabbri 1905 Gourmet Specialties,General Inquiries | info@fabbri1905.com,Nicola Fabbri (President),"Historic house famed for Amarena cherries in ceramic jars, dried fruits, and fruit syrups; needs luxury gift set configurator.",High
590,Agrimontana Confit Fruit & Marrons,Italy,"Borgo San Dalmazzo, Cuneo",https://maps.google.com/?q=Agrimontana%20Confit%20Fruit%20%26%20Marrons+Borgo%20San%20Dalmazzo%2C%20Cuneo,Traditional web shop lacking an interactive custom dry fruit and nut gift box builder,Instagram: @agrimontanaconf / Facebook: Agrimontana Confit Fruit & Marrons,General Inquiries | info@agrimontana.it,Enrico Bardini (CEO),"Specializes in pure candied chestnuts (marrons glacés), wild berry preserves, and candied peels; needs luxury brand boutique.",High
591,Corsini Biscotti & Dried Fruit,Italy,"Castel del Piano, Tuscany",https://maps.google.com/?q=Corsini%20Biscotti%20%26%20Dried%20Fruit+Castel%20del%20Piano%2C%20Tuscany,Traditional web shop lacking an interactive custom dry fruit and nut gift box builder,Instagram: @corsinibiscotti / Facebook: Corsini Biscotti & Dried Fruit,General Inquiries | info@corsinibiscotti.com,Ubaldo Corsini (Owner),Tuscan heritage bakery baking cantuccini with whole toasted almonds and dried fruit panforte; needs modern direct-to-consumer store.,High
592,Borges Agricultural & Industrial Nuts,Spain,"Reus, Tarragona",https://maps.google.com/?q=Borges%20Agricultural%20%26%20Industrial%20Nuts+Reus%2C%20Tarragona,Traditional web shop lacking an interactive custom dry fruit and nut gift box builder,Instagram: @borgesagricultu / Facebook: Borges Agricultural & Industrial Nuts,General Inquiries | info@borges.es,Josep Pont (Executive Director),"Spain's premier nut processor specializing in Mediterranean walnuts, pistachios, and hazelnut oils; needs consumer gifting storefront.",High
593,Aperitivos Medina Frutos Secos,Spain,"Móstoles, Madrid",https://maps.google.com/?q=Aperitivos%20Medina%20Frutos%20Secos+M%C3%B3stoles%2C%20Madrid,Traditional web shop lacking an interactive custom dry fruit and nut gift box builder,Instagram: @aperitivosmedin / Facebook: Aperitivos Medina Frutos Secos,General Inquiries | info@aperitivosmedina.com,Antonio Medina (General Manager),"Roaster of premium Iberian nuts, raw dried fruit blends, and roasted seeds; needs modern responsive shopping cart.",High
594,Frit Ravich Frutos Secos,Spain,"Maçanet de la Selva, Girona",https://maps.google.com/?q=Frit%20Ravich%20Frutos%20Secos+Ma%C3%A7anet%20de%20la%20Selva%2C%20Girona,Traditional web shop lacking an interactive custom dry fruit and nut gift box builder,Instagram: @fritravichfruto / Facebook: Frit Ravich Frutos Secos,General Inquiries | info@fritravich.com,Judit Viader (General Director),"Catalan manufacturer of artisanal roasted almonds, cashews, and Mediterranean aperitifs; needs custom snack crate builder.",High
595,Turrones Pablo Garrigós Ibáñez,Spain,"Jijona, Alicante",https://maps.google.com/?q=Turrones%20Pablo%20Garrig%C3%B3s%20Ib%C3%A1%C3%B1ez+Jijona%2C%20Alicante,Traditional web shop lacking an interactive custom dry fruit and nut gift box builder,Instagram: @turronespabloga / Facebook: Turrones Pablo Garrigós Ibáñez,General Inquiries | info@pablogarrigos.com,Pablo Garrigós (Proprietor),Haute confectionery creating gourmet wooden gift boxes of supreme quality Marcona almond turrón; needs digital VIP concierge.,High
596,Almendras de la Mancha,Spain,"Hellín, Albacete",https://maps.google.com/?q=Almendras%20de%20la%20Mancha+Hell%C3%ADn%2C%20Albacete,Traditional web shop lacking an interactive custom dry fruit and nut gift box builder,Instagram: @almendrasdelama / Facebook: Almendras de la Mancha,General Inquiries | info@almendrasdelamancha.com,Javier López (Managing Partner),Specializes in high-altitude organic Guara and Ferragnes almonds; needs modern online ordering and recipe integration.,High
597,Unió Nuts Catalonia,Spain,"Reus, Tarragona",https://maps.google.com/?q=Uni%C3%B3%20Nuts%20Catalonia+Reus%2C%20Tarragona,Traditional web shop lacking an interactive custom dry fruit and nut gift box builder,Instagram: @uninutscataloni / Facebook: Unió Nuts Catalonia,General Inquiries | info@unio.coop,Ferran Huguet (Director General),Agricultural cooperative producing DOP Reus hazelnuts and Arbequina olive oil gift sets; needs an interactive gourmet box customizer.,High
598,Frutos Secos El Rincón,Spain,Zaragoza,https://maps.google.com/?q=Frutos%20Secos%20El%20Rinc%C3%B3n+Zaragoza,Traditional web shop lacking an interactive custom dry fruit and nut gift box builder,Instagram: @frutossecoselri / Facebook: Frutos Secos El Rincón,General Inquiries | info@elrincon.net,Antonio Flórez (Managing Director),"Aragonese chain known for freshly roasted sunflower seeds, dried fruits, and holiday sweets; needs mobile ordering app.",High
599,Quinta de Jugais Frutos & Cestas,Portugal,Oliveira do Hospital,https://maps.google.com/?q=Quinta%20de%20Jugais%20Frutos%20%26%20Cestas+Oliveira%20do%20Hospital,Traditional web shop lacking an interactive custom dry fruit and nut gift box builder,Instagram: @quintadejugaisf / Facebook: Quinta de Jugais Frutos & Cestas,General Inquiries | geral@jugais.com,António Jugais (Founder),"Portuguese artisan crafting premium holiday gift hampers filled with dried figs, walnuts, and Serra da Estrela honey; needs digital builder.",High
600,Flores Farm Bio-Nüsse,Germany,Stuttgart,https://maps.google.com/?q=Flores%20Farm%20Bio-N%C3%BCsse+Stuttgart,Traditional web shop lacking an interactive custom dry fruit and nut gift box builder,Instagram: @floresfarmbions / Facebook: Flores Farm Bio-Nüsse,General Inquiries | info@floresfarm.de,Jochen Flores (Founder),"Fair-trade organic cashew nuts, sun-dried physalis, and sprouted nut snacks; needs modern zero-waste bulk subscription checkout.",High
601,Landgarten Bio-Snacks & Nuts,Austria,Bruck an der Leitha,https://maps.google.com/?q=Landgarten%20Bio-Snacks%20%26%20Nuts+Bruck%20an%20der%20Leitha,Traditional web shop lacking an interactive custom dry fruit and nut gift box builder,Instagram: @landgartenbiosn / Facebook: Landgarten Bio-Snacks & Nuts,General Inquiries | office@landgarten.at,Herbert Stava (Founder),Austrian snack company coating organic roasted pumpkin seeds and soy nuts in Fairtrade chocolate; needs interactive snack box.,High
602,Nectaflor Gourmet Honey & Dried Fruit,Switzerland,Biel/Bienne,https://maps.google.com/?q=Nectaflor%20Gourmet%20Honey%20%26%20Dried%20Fruit+Biel%2FBienne,Traditional web shop lacking an interactive custom dry fruit and nut gift box builder,Instagram: @nectaflorgourme / Facebook: Nectaflor Gourmet Honey & Dried Fruit,General Inquiries | info@narimpex.ch,Stefan Portmann (Director),"Swiss heritage brand creating soft dried prunes, apricots, and roasted luxury nuts; needs multi-lingual Swiss/EU boutique.",High
603,Max Felchlin Pralines & Fine Nuts,Switzerland,"Ibach, Schwyz",https://maps.google.com/?q=Max%20Felchlin%20Pralines%20%26%20Fine%20Nuts+Ibach%2C%20Schwyz,Traditional web shop lacking an interactive custom dry fruit and nut gift box builder,Instagram: @maxfelchlinpral / Facebook: Max Felchlin Pralines & Fine Nuts,General Inquiries | info@felchlin.com,Christian Aschwanden (CEO),Swiss grand cru couverture maker pairing rare cocoa with roasted Piedmont hazelnuts and almonds; needs B2C tasting box portal.,High
604,Chocolats Camille Bloch (Ragusa),Switzerland,"Courtelary, Bern",https://maps.google.com/?q=Chocolats%20Camille%20Bloch%20(Ragusa)+Courtelary%2C%20Bern,Traditional web shop lacking an interactive custom dry fruit and nut gift box builder,Instagram: @chocolatscamill / Facebook: Chocolats Camille Bloch (Ragusa),General Inquiries | info@camillebloch.ch,Daniel Bloch (CEO),Swiss family confectioner celebrated for whole roasted hazelnut chocolate bars (Ragusa & Torino); needs interactive gift boutique.,High
605,Tadım Roasted Nuts & Seeds,Turkey,"Gebze, Kocaeli",https://maps.google.com/?q=Tad%C4%B1m%20Roasted%20Nuts%20%26%20Seeds+Gebze%2C%20Kocaeli,Traditional web shop lacking an interactive custom dry fruit and nut gift box builder,Instagram: @tadmroastednuts / Facebook: Tadım Roasted Nuts & Seeds,General Inquiries | info@tadim.com.tr,İsmet Tekinalp (President),"Turkey's premier roasted sunflower seed, hazelnut, and almond roaster; needs international retail gift tin ordering.",High
606,Hacı Bekir 1777 Turkish Delights,Turkey,"Fatih, Istanbul",https://maps.google.com/?q=Hac%C4%B1%20Bekir%201777%20Turkish%20Delights+Fatih%2C%20Istanbul,Traditional web shop lacking an interactive custom dry fruit and nut gift box builder,Instagram: @hacbekir1777tur / Facebook: Hacı Bekir 1777 Turkish Delights,General Inquiries | info@hacibekir.com,Leyla Celalyan (Managing Director),"World's oldest continuous confectionery, creators of Turkish Delight infused with hazelnuts and pistachios; needs heritage luxury shop.",High
607,Tuğba Kuruyemiş,Turkey,Aydın,https://maps.google.com/?q=Tu%C4%9Fba%20Kuruyemi%C5%9F+Ayd%C4%B1n,Traditional web shop lacking an interactive custom dry fruit and nut gift box builder,Instagram: @tubakuruyemi / Facebook: Tuğba Kuruyemiş,General Inquiries | info@tugbakuruyemis.com.tr,Ahmet Tonkul (Owner),"Aydın-based roaster celebrated for dried Aegean figs, roasted chestnuts, and Turkish coffee nuts; needs modern e-commerce checkout.",High
608,Nakheel Alya Organic Dates,Saudi Arabia,Madinah,https://maps.google.com/?q=Nakheel%20Alya%20Organic%20Dates+Madinah,Traditional web shop lacking an interactive custom dry fruit and nut gift box builder,Instagram: @nakheelalyaorga / Facebook: Nakheel Alya Organic Dates,General Inquiries | sales@nakheelalya.com,Fahad Al-Harbi (General Manager),"Specializes in authentic certified Madinah Ajwa, Safawi, and Mabroom dates; needs international express shipping checkout.",High
609,The Date Room Abu Dhabi,UAE,Abu Dhabi,https://maps.google.com/?q=The%20Date%20Room%20Abu%20Dhabi+Abu%20Dhabi,Traditional web shop lacking an interactive custom dry fruit and nut gift box builder,Instagram: @thedateroomabud / Facebook: The Date Room Abu Dhabi,General Inquiries | hello@thedateroom.com,Reem Al-Dhaheri (Founder),"Emirati luxury boutique pairing organic local dates with saffron, rose water, and roasted pistachios; needs bespoke VIP concierge checkout.",High
610,Barari Gourmet Dates & Nuts,UAE,Dubai,https://maps.google.com/?q=Barari%20Gourmet%20Dates%20%26%20Nuts+Dubai,Traditional web shop lacking an interactive custom dry fruit and nut gift box builder,Instagram: @bararigourmetda / Facebook: Barari Gourmet Dates & Nuts,General Inquiries | sales@bararidates.com,Mohammad Aslam (Director),"Supplier of Iranian Mazafati dates, Medjool dates, and jumbo roasted pistachios; needs responsive direct-to-consumer store.",High
611,Al Rifai Roastery,Lebanon,Beirut,https://maps.google.com/?q=Al%20Rifai%20Roastery+Beirut,Traditional web shop lacking an interactive custom dry fruit and nut gift box builder,Instagram: @alrifairoastery / Facebook: Al Rifai Roastery,General Inquiries | info@alrifai.com,Moussa Rifai (Managing Director),"Pioneering Lebanese nut roastery celebrated for signature nut blends, dried fruits, and Lebanese kernels; needs modern mobile app.",High
612,Al Seedawi Confectionery & Halwa,Kuwait,"Shuwaikh, Kuwait City",https://maps.google.com/?q=Al%20Seedawi%20Confectionery%20%26%20Halwa+Shuwaikh%2C%20Kuwait%20City,Traditional web shop lacking an interactive custom dry fruit and nut gift box builder,Instagram: @alseedawiconfec / Facebook: Al Seedawi Confectionery & Halwa,General Inquiries | info@seedawi.com,Tariq Al-Seedawi (President),"Kuwait's leading manufacturer of sesame tahini halwa, pistachio delights, and nut confections; needs modern e-commerce storefront.",High
613,Horchani Dattes Deglet Noor,Tunisia,Tunis,https://maps.google.com/?q=Horchani%20Dattes%20Deglet%20Noor+Tunis,Traditional web shop lacking an interactive custom dry fruit and nut gift box builder,Instagram: @horchanidattesd / Facebook: Horchani Dattes Deglet Noor,General Inquiries | commercial@horchani.com,Rached Horchani (CEO),"Tunisia's oldest private date plantation dating back to 1930, exporting branched Deglet Noor dates; needs luxury B2B/B2C storefront.",High
614,Medjool Village Dates,Jordan,"Jordan Valley, Amman",https://maps.google.com/?q=Medjool%20Village%20Dates+Jordan%20Valley%2C%20Amman,Traditional web shop lacking an interactive custom dry fruit and nut gift box builder,Instagram: @medjoolvillaged / Facebook: Medjool Village Dates,General Inquiries | info@medjoolvillage.com,Amer Hijazi (Managing Director),State-of-the-art climate-controlled Medjool date plantations along the Jordan River; needs high-end export ordering portal.,High
615,Rostaa Gourmet Superfoods,India,"Mumbai, Maharashtra",https://maps.google.com/?q=Rostaa%20Gourmet%20Superfoods+Mumbai%2C%20Maharashtra,Traditional web shop lacking an interactive custom dry fruit and nut gift box builder,Instagram: @rostaagourmetsu / Facebook: Rostaa Gourmet Superfoods,General Inquiries | support@rostaa.com,Sourav Agarwal (Brand Head),"Gourmet brand curating Chilean walnuts, Turkish apricots, and hazelnut trail mixes; needs modern subscription snack box checkout.",High
616,Nutraj (VKC Nuts),India,"Jammu, Jammu & Kashmir",https://maps.google.com/?q=Nutraj%20(VKC%20Nuts)+Jammu%2C%20Jammu%20%26%20Kashmir,Traditional web shop lacking an interactive custom dry fruit and nut gift box builder,Instagram: @nutrajvkcnuts / Facebook: Nutraj (VKC Nuts),General Inquiries | care@nutraj.com,Gunjan Jain (Managing Director),India's oldest walnut processor and dry fruit giant based in J&K; needs an interactive high-end Mamra almond and saffron gifting portal.,High
617,Happilo International Superfoods,India,"Bengaluru, Karnataka",https://maps.google.com/?q=Happilo%20International%20Superfoods+Bengaluru%2C%20Karnataka,Traditional web shop lacking an interactive custom dry fruit and nut gift box builder,Instagram: @happilointernat / Facebook: Happilo International Superfoods,General Inquiries | care@happilo.com,Vikas Nahar (Founder & CEO),"Fast-growing dry fruit and health snack company offering California almonds, berries, and nut brittle; needs fast mobile-first UI.",High
618,Farmley (Connought Plaza),India,New Delhi,https://maps.google.com/?q=Farmley%20(Connought%20Plaza)+New%20Delhi,Traditional web shop lacking an interactive custom dry fruit and nut gift box builder,Instagram: @farmleyconnough / Facebook: Farmley (Connought Plaza),General Inquiries | support@farmley.com,Akash Sharma (Co-Founder),Farm-to-fork dry fruits and roasted makhanas brand sourcing directly from farmers; needs custom healthy snacking bundle builder.,High
619,True Elements Clean Superfoods,India,"Pune, Maharashtra",https://maps.google.com/?q=True%20Elements%20Clean%20Superfoods+Pune%2C%20Maharashtra,Traditional web shop lacking an interactive custom dry fruit and nut gift box builder,Instagram: @trueelementscle / Facebook: True Elements Clean Superfoods,General Inquiries | care@true-elements.com,Puru Gupta (Co-Founder),"100% whole grain and seed mixes, raw pumpkin seeds, and dried fruit granolas; needs personalized diet recommendation tool.",High
620,Go Nuts Specialty Nuts,India,"Mumbai, Maharashtra",https://maps.google.com/?q=Go%20Nuts%20Specialty%20Nuts+Mumbai%2C%20Maharashtra,Traditional web shop lacking an interactive custom dry fruit and nut gift box builder,Instagram: @gonutsspecialty / Facebook: Go Nuts Specialty Nuts,General Inquiries | orders@gonuts.in,Deepak Panjwani (Founder),Mumbai 4-star roaster crafting 42 flavors of premium nuts including 4 O'clock Nut Munch; needs bespoke corporate gifting portal.,High
621,Pro Nature Organic Foods,India,"Bengaluru, Karnataka",https://maps.google.com/?q=Pro%20Nature%20Organic%20Foods+Bengaluru%2C%20Karnataka,Traditional web shop lacking an interactive custom dry fruit and nut gift box builder,Instagram: @pronatureorgani / Facebook: Pro Nature Organic Foods,General Inquiries | support@pronatureorganic.com,Varun Gupta (Founder),"Certified organic cold-climate walnuts, sun-dried raisins, and raw sunflower seeds; needs clean organic pantry subscription store.",High
622,Bolas Dry Fruits & Sweets,India,"Mangalore, Karnataka",https://maps.google.com/?q=Bolas%20Dry%20Fruits%20%26%20Sweets+Mangalore%2C%20Karnataka,Traditional web shop lacking an interactive custom dry fruit and nut gift box builder,Instagram: @bolasdryfruitss / Facebook: Bolas Dry Fruits & Sweets,General Inquiries | care@bolas.co.in,Rajat Kamath Bola (Director),Operating 80+ retail stores in South India processing raw cashew nuts and artisanal sweets; needs unified omni-channel web portal.,High
623,Anand Sweets & Royal Dry Fruits,India,"Bengaluru, Karnataka",https://maps.google.com/?q=Anand%20Sweets%20%26%20Royal%20Dry%20Fruits+Bengaluru%2C%20Karnataka,Traditional web shop lacking an interactive custom dry fruit and nut gift box builder,Instagram: @anandsweetsroya / Facebook: Anand Sweets & Royal Dry Fruits,General Inquiries | care@anandsweets.in,Arvind Dadu (Managing Director),"Bangalore's royal sweet maker famed for Badam Halwa, Kaju Katli, and silver-foiled dry fruit hampers; needs wedding gift configurator.",High
624,Bikanervala Royal Gifting,India,New Delhi,https://maps.google.com/?q=Bikanervala%20Royal%20Gifting+New%20Delhi,Traditional web shop lacking an interactive custom dry fruit and nut gift box builder,Instagram: @bikanervalaroya / Facebook: Bikanervala Royal Gifting,General Inquiries | customercare@bikanervala.com,Shyam Sunder Aggarwal (Managing Director),Heritage Indian confectionery crafting elaborate dry fruit wooden boxes and tin platters; needs luxury festive hamper customizer.,High
625,Kanti Sweets & Nuts,India,"Bengaluru, Karnataka",https://maps.google.com/?q=Kanti%20Sweets%20%26%20Nuts+Bengaluru%2C%20Karnataka,Traditional web shop lacking an interactive custom dry fruit and nut gift box builder,Instagram: @kantisweetsnuts / Facebook: Kanti Sweets & Nuts,General Inquiries | info@kantisweets.com,Shailendra Sharma (Owner),"Popular Karnataka sweet institution offering roasted cashews, dry fruit sweets, and festive boxes; needs streamlined mobile checkout.",High
626,Chhappan Bhog Royal Confections,India,"Lucknow, Uttar Pradesh",https://maps.google.com/?q=Chhappan%20Bhog%20Royal%20Confections+Lucknow%2C%20Uttar%20Pradesh,Traditional web shop lacking an interactive custom dry fruit and nut gift box builder,Instagram: @chhappanbhogroy / Facebook: Chhappan Bhog Royal Confections,General Inquiries | info@chhappanbhog.com,Kshitij Gupta (Director),"Legendary Awadhi confectionery celebrated for dry fruit roll, pista paan, and ornate gifting trays; needs national express shipping store.",High
627,Sunbeam Foods Australian Dried Fruit,Australia,"Mildura, Victoria",https://maps.google.com/?q=Sunbeam%20Foods%20Australian%20Dried%20Fruit+Mildura%2C%20Victoria,Traditional web shop lacking an interactive custom dry fruit and nut gift box builder,Instagram: @sunbeamfoodsaus / Facebook: Sunbeam Foods Australian Dried Fruit,General Inquiries | consumer@sunbeamfoods.com.au,Andrew Reeves (CEO),"Over a century of drying Sunraysia grapes, sultanas, currants, and dried apricots; needs modern baking & snacking web store.",High
628,The Australian Superfood Co,Australia,"Melbourne, Victoria",https://maps.google.com/?q=The%20Australian%20Superfood%20Co+Melbourne%2C%20Victoria,Traditional web shop lacking an interactive custom dry fruit and nut gift box builder,Instagram: @theaustraliansu / Facebook: The Australian Superfood Co,General Inquiries | info@austsuperfoods.com.au,Hayley Blieden (Founder),"Freeze-dried native Australian fruits, Kakadu plum, quandong, and roasted wattleseed; needs interactive superfood recipe builder.",High
629,Nougat Limar Australian Almonds,Australia,"Ourimbah, NSW",https://maps.google.com/?q=Nougat%20Limar%20Australian%20Almonds+Ourimbah%2C%20NSW,Traditional web shop lacking an interactive custom dry fruit and nut gift box builder,Instagram: @nougatlimaraust / Facebook: Nougat Limar Australian Almonds,General Inquiries | info@nougatlimar.com.au,Frank Limar (Master Confectioner),French-style soft nougat made with 100% Australian honey and roasted almonds and pistachios; needs bespoke wedding favor builder.,High
630,Kuranda Wholefoods Gluten-Free,Australia,"Sydney, NSW",https://maps.google.com/?q=Kuranda%20Wholefoods%20Gluten-Free+Sydney%2C%20NSW,Traditional web shop lacking an interactive custom dry fruit and nut gift box builder,Instagram: @kurandawholefoo / Facebook: Kuranda Wholefoods Gluten-Free,General Inquiries | info@kurandawholefoods.com.au,Andy Buntin (Founder),"Nut and seed bars made with sunflower, sesame, and chia seeds without added sugar; needs custom box subscription service.",High
631,Springhill Farm Nut & Fruit Slices,Australia,"Ballarat, Victoria",https://maps.google.com/?q=Springhill%20Farm%20Nut%20%26%20Fruit%20Slices+Ballarat%2C%20Victoria,Traditional web shop lacking an interactive custom dry fruit and nut gift box builder,Instagram: @springhillfarmn / Facebook: Springhill Farm Nut & Fruit Slices,General Inquiries | info@springhillfarm.com.au,Fiona Whatley (CEO),"Boutique bakery handcrafting bite-sized rocky road, roasted nut slices, and fruit loaves; needs modern direct-to-consumer cart.",High
632,Justin's Nut Butters & Confections,USA,"Boulder, CO",https://maps.google.com/?q=Justin's%20Nut%20Butters%20%26%20Confections+Boulder%2C%20CO,Traditional web shop lacking an interactive custom dry fruit and nut gift box builder,Instagram: @justinsnutbutte / Facebook: Justin's Nut Butters & Confections,General Inquiries | customercare@justins.com,Justin Gold (Founder),Artisanal organic peanut and almond butter squeeze packs and dark chocolate nut butter cups; needs custom flavor bundle builder.,High
633,Fix & Fogg Nut Butter Ateliers,USA,"Houston, TX",https://maps.google.com/?q=Fix%20%26%20Fogg%20Nut%20Butter%20Ateliers+Houston%2C%20TX,Traditional web shop lacking an interactive custom dry fruit and nut gift box builder,Instagram: @fixfoggnutbutte / Facebook: Fix & Fogg Nut Butter Ateliers,General Inquiries | usa@fixandfogg.com,Roman Jewell (Founder),B-Corp certified craft nut butter maker famous for Everything Butter and Smoke & Fire peanut butter; needs custom bundle box configurator.,High
634,Pic's Peanut Butter USA,USA,"San Francisco, CA",https://maps.google.com/?q=Pic's%20Peanut%20Butter%20USA+San%20Francisco%2C%20CA,Traditional web shop lacking an interactive custom dry fruit and nut gift box builder,Instagram: @picspeanutbutte / Facebook: Pic's Peanut Butter USA,General Inquiries | usasupport@picspeanutbutter.com,Pic Picot (Founder),Crafts 100% Hi-Oleic roasted peanuts stone-ground with sea salt; needs automated subscription box and gift packs.,High
635,Once Again Nut Butter Collective,USA,"Nunda, NY",https://maps.google.com/?q=Once%20Again%20Nut%20Butter%20Collective+Nunda%2C%20NY,Traditional web shop lacking an interactive custom dry fruit and nut gift box builder,Instagram: @onceagainnutbut / Facebook: Once Again Nut Butter Collective,General Inquiries | orders@onceagainnutbutter.com,Bob Rossi (General Manager),"100% employee-owned cooperative producing organic cashew, tahini, and almond butters; needs modern mobile shopping.",High
636,Ground Up PDX Nut Butters,USA,"Portland, OR",https://maps.google.com/?q=Ground%20Up%20PDX%20Nut%20Butters+Portland%2C%20OR,Traditional web shop lacking an interactive custom dry fruit and nut gift box builder,Instagram: @grounduppdxnutb / Facebook: Ground Up PDX Nut Butters,General Inquiries | contact@grounduppdx.com,Carolyn Cesario (Co-Founder),Social-enterprise nut butter company offering Cinnamon Snickerdoodle and Coconut Cardamom nut spreads; needs corporate gift tin customizer.,High
637,Regalis Foods Exotic Nuts & Truffles,USA,"Long Island City, NY",https://maps.google.com/?q=Regalis%20Foods%20Exotic%20Nuts%20%26%20Truffles+Long%20Island%20City%2C%20NY,Traditional web shop lacking an interactive custom dry fruit and nut gift box builder,Instagram: @regalisfoodsexo / Facebook: Regalis Foods Exotic Nuts & Truffles,General Inquiries | orders@regalisfoods.com,Ian Purkayastha (Founder),"Purveyor of rare wild Italian pine nuts, Iranian pistachios, and fresh Périgord truffles; needs VIP client concierge shop.",High
638,Zabar's Dried Fruits & Nuts,USA,"New York, NY",https://maps.google.com/?q=Zabar's%20Dried%20Fruits%20%26%20Nuts+New%20York%2C%20NY,Traditional web shop lacking an interactive custom dry fruit and nut gift box builder,Instagram: @zabarsdriedfrui / Facebook: Zabar's Dried Fruits & Nuts,General Inquiries | orders@zabars.com,Saul Zabar (Co-Owner),"Upper West Side culinary institution renowned for roasted Turkish pistachios, dried figs, and rugelach; needs custom gift basket designer.",High
639,Citarella Gourmet Nuts & Fruit,USA,"New York, NY",https://maps.google.com/?q=Citarella%20Gourmet%20Nuts%20%26%20Fruit+New%20York%2C%20NY,Traditional web shop lacking an interactive custom dry fruit and nut gift box builder,Instagram: @citarellagourme / Facebook: Citarella Gourmet Nuts & Fruit,General Inquiries | help@citarella.com,Joe Gurrera (Owner),"NYC fine food market offering colossal roasted cashews, jumbo Medjool dates, and glacé fruits; needs online gourmet gift ordering.",High
640,Eataly USA Artisanal Nuts & Dolci,USA,"New York, NY",https://maps.google.com/?q=Eataly%20USA%20Artisanal%20Nuts%20%26%20Dolci+New%20York%2C%20NY,Traditional web shop lacking an interactive custom dry fruit and nut gift box builder,Instagram: @eatalyusaartisa / Facebook: Eataly USA Artisanal Nuts & Dolci,General Inquiries | customerservice@eataly.com,Nicola Farinetti (CEO),"Italian marketplace curating DOP Bronte pistachios, Piemonte hazelnuts, and Modena balsamic figs; needs high-conversion digital shop.",High
641,Murray's Cheese Dried Fruit & Nuts,USA,"New York, NY",https://maps.google.com/?q=Murray's%20Cheese%20Dried%20Fruit%20%26%20Nuts+New%20York%2C%20NY,Traditional web shop lacking an interactive custom dry fruit and nut gift box builder,Instagram: @murrayscheesedr / Facebook: Murray's Cheese Dried Fruit & Nuts,General Inquiries | customerservice@murrayscheese.com,Nick Tranchina (President),"Greenwich Village icon curating Marcona almonds, dried Bing cherries, and fig spreads for charcuterie; needs board builder.",High
642,Formaggio Kitchen Artisan Nuts,USA,"Cambridge, MA",https://maps.google.com/?q=Formaggio%20Kitchen%20Artisan%20Nuts+Cambridge%2C%20MA,Traditional web shop lacking an interactive custom dry fruit and nut gift box builder,Instagram: @formaggiokitche / Facebook: Formaggio Kitchen Artisan Nuts,General Inquiries | orders@formaggiokitchen.com,Ihsan Gurdal (Owner),"World-renowned specialty food importer stocking rare Mediterranean nuts, prunes, and candied fruit peels; needs luxury storefront.",High
643,Di Bruno Bros Specialty Nuts,USA,"Philadelphia, PA",https://maps.google.com/?q=Di%20Bruno%20Bros%20Specialty%20Nuts+Philadelphia%2C%20PA,Traditional web shop lacking an interactive custom dry fruit and nut gift box builder,Instagram: @dibrunobrosspec / Facebook: Di Bruno Bros Specialty Nuts,General Inquiries | customerservice@dibruno.com,Bill Mignucci Jr. (President),"Philadelphia culinary pioneer offering Black Lava cashews, sweet toffee pecans, and dried apricots; needs corporate gifting customizer.",High
644,Bi-Rite Market Dried Fruits,USA,"San Francisco, CA",https://maps.google.com/?q=Bi-Rite%20Market%20Dried%20Fruits+San%20Francisco%2C%20CA,Traditional web shop lacking an interactive custom dry fruit and nut gift box builder,Instagram: @biritemarketdri / Facebook: Bi-Rite Market Dried Fruits,General Inquiries | info@biritemarket.com,Sam Mogannam (Founding Partner),San Francisco community market stocking farm-direct organic dried Blenheim apricots and roasted almonds; needs click-and-collect portal.,High
645,Wegmans Organic Dried Fruit,USA,"Rochester, NY",https://maps.google.com/?q=Wegmans%20Organic%20Dried%20Fruit+Rochester%2C%20NY,Traditional web shop lacking an interactive custom dry fruit and nut gift box builder,Instagram: @wegmansorganicd / Facebook: Wegmans Organic Dried Fruit,General Inquiries | consumer.affairs@wegmans.com,Colleen Wegman (CEO),"Beloved grocery chain offering organic dried berries, roasted raw nuts, and holiday fruit platters; needs digital catering tray portal.",High
646,Erewhon Organic Nuts & Dried Fruits,USA,"Los Angeles, CA",https://maps.google.com/?q=Erewhon%20Organic%20Nuts%20%26%20Dried%20Fruits+Los%20Angeles%2C%20CA,Traditional web shop lacking an interactive custom dry fruit and nut gift box builder,Instagram: @erewhonorganicn / Facebook: Erewhon Organic Nuts & Dried Fruits,General Inquiries | support@erewhonmarket.com,Tony Antoci (CEO),"Ultra-premium organic grocer famous for activated sprouted almonds, organic raw dates, and superfood snacks; needs VIP membership shop.",High
647,Bristol Farms Gourmet Gifts,USA,"Carson, CA",https://maps.google.com/?q=Bristol%20Farms%20Gourmet%20Gifts+Carson%2C%20CA,Traditional web shop lacking an interactive custom dry fruit and nut gift box builder,Instagram: @bristolfarmsgou / Facebook: Bristol Farms Gourmet Gifts,General Inquiries | info@bristolfarms.com,Kevin Davis (CEO),Southern California high-end market crafting seasonal dried fruit platters and chocolate nut tins; needs custom corporate gifting builder.,High
648,Gelson's Markets Specialty Nuts,USA,"Encino, CA",https://maps.google.com/?q=Gelson's%20Markets%20Specialty%20Nuts+Encino%2C%20CA,Traditional web shop lacking an interactive custom dry fruit and nut gift box builder,Instagram: @gelsonsmarketss / Facebook: Gelson's Markets Specialty Nuts,General Inquiries | customerservice@gelsons.com,Rob McDougall (CEO),Southern California premier grocer offering roasted colossal nuts and Mediterranean dried fruits; needs online gift tin configurator.,High
649,Balducci's Food Lover's Market,USA,"Bethesda, MD",https://maps.google.com/?q=Balducci's%20Food%20Lover's%20Market+Bethesda%2C%20MD,Traditional web shop lacking an interactive custom dry fruit and nut gift box builder,Instagram: @balduccisfoodlo / Facebook: Balducci's Food Lover's Market,General Inquiries | customerservice@balduccis.com,Judy Spires (CEO),"East coast gourmet authority stocking glazed pecans, roasted cashews, and stuffed holiday dates; needs custom gift basket checkout.",High
650,Eli Zabar Gourmet Gift Baskets,USA,"New York, NY",https://maps.google.com/?q=Eli%20Zabar%20Gourmet%20Gift%20Baskets+New%20York%2C%20NY,Traditional web shop lacking an interactive custom dry fruit and nut gift box builder,Instagram: @elizabargourmet / Facebook: Eli Zabar Gourmet Gift Baskets,General Inquiries | customerservice@elizabar.com,Eli Zabar (Founder),"Manhattan institution baking artisanal crisps paired with dried fruit, roasted nuts, and preserves; needs digital gift crate builder.",High
651,Russ & Daughters Confections & Nuts,USA,"New York, NY",https://maps.google.com/?q=Russ%20%26%20Daughters%20Confections%20%26%20Nuts+New%20York%2C%20NY,Traditional web shop lacking an interactive custom dry fruit and nut gift box builder,Instagram: @russdaughtersco / Facebook: Russ & Daughters Confections & Nuts,General Inquiries | info@russanddaughters.com,Niki Russ Federman (4th Generation),"Lower East Side historic appetizing shop curating dried apricots, chocolate babka, and roasted walnuts; needs heritage shop redesign.",High
652,Katz's Delicatessen Chocolate & Nuts,USA,"New York, NY",https://maps.google.com/?q=Katz's%20Delicatessen%20Chocolate%20%26%20Nuts+New%20York%2C%20NY,Traditional web shop lacking an interactive custom dry fruit and nut gift box builder,Instagram: @katzsdelicatess / Facebook: Katz's Delicatessen Chocolate & Nuts,General Inquiries | support@katzsdelicatessen.com,Jake Dell (Owner),Iconic Lower East Side deli shipping national gift packages with traditional babka and nut treats; needs custom holiday box builder.,High
653,Veniero's Pasticceria & Dolci,USA,"New York, NY",https://maps.google.com/?q=Veniero's%20Pasticceria%20%26%20Dolci+New%20York%2C%20NY,Traditional web shop lacking an interactive custom dry fruit and nut gift box builder,Instagram: @venierospasticc / Facebook: Veniero's Pasticceria & Dolci,General Inquiries | info@venierospastry.com,Frank Zerilli (Proprietor),"East Village landmark baking Italian pignoli (pine nut) cookies, almond biscotti, and panettone; needs national express shipping store.",High
654,Ferrara Bakery Little Italy,USA,"New York, NY",https://maps.google.com/?q=Ferrara%20Bakery%20Little%20Italy+New%20York%2C%20NY,Traditional web shop lacking an interactive custom dry fruit and nut gift box builder,Instagram: @ferrarabakeryli / Facebook: Ferrara Bakery Little Italy,General Inquiries | service@ferraracafe.com,Ernest Lepore (Owner),"America's oldest espresso bar and bakery famous for rainbow cookies, torrone, and roasted almond confections; needs modern web shop.",High
655,Termini Brothers Bakery,USA,"Philadelphia, PA",https://maps.google.com/?q=Termini%20Brothers%20Bakery+Philadelphia%2C%20PA,Traditional web shop lacking an interactive custom dry fruit and nut gift box builder,Instagram: @terminibrothers / Facebook: Termini Brothers Bakery,General Inquiries | support@termini.com,Vincent Termini Jr. (Owner),"South Philadelphia Italian bakery famous for almond paste amaretti, pignoli cookies, and torrone; needs online ordering portal.",High
656,Mike's Pastry Boston,USA,"Boston, MA",https://maps.google.com/?q=Mike's%20Pastry%20Boston+Boston%2C%20MA,Traditional web shop lacking an interactive custom dry fruit and nut gift box builder,Instagram: @mikespastrybost / Facebook: Mike's Pastry Boston,General Inquiries | info@mikespastry.com,Angelo Papa (Owner),"Boston North End landmark famous for cannoli filled with roasted pistachios, candied citron, and almonds; needs national shipping shop.",High
657,Modern Pastry Shop Boston,USA,"Boston, MA",https://maps.google.com/?q=Modern%20Pastry%20Shop%20Boston+Boston%2C%20MA,Traditional web shop lacking an interactive custom dry fruit and nut gift box builder,Instagram: @modernpastrysho / Facebook: Modern Pastry Shop Boston,General Inquiries | info@modernpastry.com,John Picariello (Owner),"Three generations of handcrafting traditional Italian torrone, pignoli cookies, and fruit tarts; needs streamlined online ordering.",High
658,Caffe Ferrara Little Italy,USA,"New York, NY",https://maps.google.com/?q=Caffe%20Ferrara%20Little%20Italy+New%20York%2C%20NY,Traditional web shop lacking an interactive custom dry fruit and nut gift box builder,Instagram: @caffeferraralit / Facebook: Caffe Ferrara Little Italy,General Inquiries | info@ferraranyc.com,Adalgisa Lepore (Owner),"Traditional Italian pastries, panforte, and almond pastries shipped nationwide; needs updated mobile shopping cart.",High
659,Prantl's Bakery Famous Almond Torte,USA,"Pittsburgh, PA",https://maps.google.com/?q=Prantl's%20Bakery%20Famous%20Almond%20Torte+Pittsburgh%2C%20PA,Traditional web shop lacking an interactive custom dry fruit and nut gift box builder,Instagram: @prantlsbakeryfa / Facebook: Prantl's Bakery Famous Almond Torte,General Inquiries | orders@prantlsbakery.com,Joe Yund (Owner),Creators of the nationally renowned Burnt Almond Torte encrusted in toasted sliced almonds; needs custom bakery shipping portal.,High
660,Oakville Grocery Napa Valley,USA,"Oakville, CA",https://maps.google.com/?q=Oakville%20Grocery%20Napa%20Valley+Oakville%2C%20CA,Traditional web shop lacking an interactive custom dry fruit and nut gift box builder,Instagram: @oakvillegrocery / Facebook: Oakville Grocery Napa Valley,General Inquiries | info@oakvillegrocery.com,Jean-Charles Boisset (Proprietor),"California's oldest continually operating grocery stocking Napa dried walnuts, almonds, and wine snacks; needs luxury gifting UI.",High
661,Jimtown Store Sonoma Valley,USA,"Healdsburg, CA",https://maps.google.com/?q=Jimtown%20Store%20Sonoma%20Valley+Healdsburg%2C%20CA,Traditional web shop lacking an interactive custom dry fruit and nut gift box builder,Instagram: @jimtownstoreson / Facebook: Jimtown Store Sonoma Valley,General Inquiries | info@jimtown.com,Carrie Brown (Founder),"Alexander Valley landmark known for spicy nut mixes, fig spreads, and farm-fresh preserves; needs boutique online shop.",High
662,Model Bakery Napa Valley,USA,"St. Helena, CA",https://maps.google.com/?q=Model%20Bakery%20Napa%20Valley+St.%20Helena%2C%20CA,Traditional web shop lacking an interactive custom dry fruit and nut gift box builder,Instagram: @modelbakerynapa / Facebook: Model Bakery Napa Valley,General Inquiries | orders@themodelbakery.com,Paula Stevens (Owner),"Napa Valley staple baking English muffins, walnut sourdough, and pecan morning pastries; needs modern nationwide shipping store.",High
663,Neuhaus Belgian Chocolates & Nuts,Belgium,Brussels,https://maps.google.com/?q=Neuhaus%20Belgian%20Chocolates%20%26%20Nuts+Brussels,Traditional web shop lacking an interactive custom dry fruit and nut gift box builder,Instagram: @neuhausbelgianc / Facebook: Neuhaus Belgian Chocolates & Nuts,General Inquiries | customercare@neuhaus.be,Ignace Van Doorselaere (CEO),"Inventors of the Belgian praline in 1857, filled with freshly roasted hazelnuts, almonds, and Gianduja; needs interactive VIP gift tin designer.",High
664,Leonidas Confectionery & Pralines,Belgium,Brussels,https://maps.google.com/?q=Leonidas%20Confectionery%20%26%20Pralines+Brussels,Traditional web shop lacking an interactive custom dry fruit and nut gift box builder,Instagram: @leonidasconfect / Facebook: Leonidas Confectionery & Pralines,General Inquiries | info@leonidas.com,Philippe de Selliers (CEO),"100% pure cocoa butter pralines packed with Mediterranean walnuts, hazelnuts, and candied fruit; needs digital custom ballotin builder.",High
665,Mary Chocolatier Brussels,Belgium,Brussels,https://maps.google.com/?q=Mary%20Chocolatier%20Brussels+Brussels,Traditional web shop lacking an interactive custom dry fruit and nut gift box builder,Instagram: @marychocolatier / Facebook: Mary Chocolatier Brussels,General Inquiries | contact@mary.be,Olivier Borgerhoff (CEO),Purveyor to the Belgian Royal Court offering refined chocolate date and candied orange collections; needs luxury e-commerce salon.,High
666,Pierre Marcolini Haute Chocolaterie,Belgium,Brussels,https://maps.google.com/?q=Pierre%20Marcolini%20Haute%20Chocolaterie+Brussels,Traditional web shop lacking an interactive custom dry fruit and nut gift box builder,Instagram: @pierremarcolini / Facebook: Pierre Marcolini Haute Chocolaterie,General Inquiries | contact@marcolini.com,Pierre Marcolini (Founder & Master),Haute chocolatier sourcing rare Piedmont hazelnuts and Moroccan almonds for luxury confections; needs interactive tasting box builder.,High
667,Dolfin Chocolates & Roasted Seeds,Belgium,Wauthier-Braine,https://maps.google.com/?q=Dolfin%20Chocolates%20%26%20Roasted%20Seeds+Wauthier-Braine,Traditional web shop lacking an interactive custom dry fruit and nut gift box builder,Instagram: @dolfinchocolate / Facebook: Dolfin Chocolates & Roasted Seeds,General Inquiries | info@dolfin.be,Michaël Bens (Director),"Belgian master chocolate makers blending cocoa with roasted pink peppercorns, toasted almonds, and flaxseed; needs direct shop.",High
668,Guylian Belgian Chocolate Seashells,Belgium,Sint-Niklaas,https://maps.google.com/?q=Guylian%20Belgian%20Chocolate%20Seashells+Sint-Niklaas,Traditional web shop lacking an interactive custom dry fruit and nut gift box builder,Instagram: @guylianbelgianc / Facebook: Guylian Belgian Chocolate Seashells,General Inquiries | info@guylian.be,Tom Jansen (Managing Director),World-renowned for signature roasted hazelnut praline marbling inside chocolate seashells; needs modern interactive gift shop.,High
669,Maison Bernachon Chocolatier,France,Lyon,https://maps.google.com/?q=Maison%20Bernachon%20Chocolatier+Lyon,Traditional web shop lacking an interactive custom dry fruit and nut gift box builder,Instagram: @maisonbernachon / Facebook: Maison Bernachon Chocolatier,General Inquiries | contact@bernachon.com,Philippe Bernachon (Master Chocolatier),Legendary Lyon artisan hand-roasting cocoa beans and Valencia almonds for the iconic President cake; needs luxury export shop.,High
670,Maison Voisin Lyon 1897,France,Lyon,https://maps.google.com/?q=Maison%20Voisin%20Lyon%201897+Lyon,Traditional web shop lacking an interactive custom dry fruit and nut gift box builder,Instagram: @maisonvoisinlyo / Facebook: Maison Voisin Lyon 1897,General Inquiries | contact@chocolats-voisin.fr,Alain Boucaud (Director),Creators of Coussin de Lyon made of Candied Curacao peel and green marzipan almond paste; needs international gifting portal.,High
671,Chocolat Bonnat Voiron,France,Voiron,https://maps.google.com/?q=Chocolat%20Bonnat%20Voiron+Voiron,Traditional web shop lacking an interactive custom dry fruit and nut gift box builder,Instagram: @chocolatbonnatv / Facebook: Chocolat Bonnat Voiron,General Inquiries | bonnat@bonnat-chocolatier.com,Stéphane Bonnat (Master Chocolatier),Historic family house running since 1884 creating grand cru chocolate bars and roasted almond pralinés; needs responsive shop.,High
672,Maison Cluizel Chocolatier,France,"Damville, Normandy",https://maps.google.com/?q=Maison%20Cluizel%20Chocolatier+Damville%2C%20Normandy,Traditional web shop lacking an interactive custom dry fruit and nut gift box builder,Instagram: @maisoncluizelch / Facebook: Maison Cluizel Chocolatier,General Inquiries | contact@cluizel.com,Marc Cluizel (President),True bean-to-bar manufacturer crafting whole roasted almond mendiants and hazelnut spreads; needs modern customer checkout.,High
673,Chocolaterie Pralus Roanne,France,Roanne,https://maps.google.com/?q=Chocolaterie%20Pralus%20Roanne+Roanne,Traditional web shop lacking an interactive custom dry fruit and nut gift box builder,Instagram: @chocolateriepra / Facebook: Chocolaterie Pralus Roanne,General Inquiries | contact@chocolatpralus.com,François Pralus (Master),Famed for the Praluline brioche packed with pink pralines made of Valencia almonds and Piedmont hazelnuts; needs digital bakery shop.,High
674,Maison Boissier Paris 1827,France,Paris,https://maps.google.com/?q=Maison%20Boissier%20Paris%201827+Paris,Traditional web shop lacking an interactive custom dry fruit and nut gift box builder,Instagram: @maisonboissierp / Facebook: Maison Boissier Paris 1827,General Inquiries | contact@maison-boissier.com,Sylvie Douce (Proprietor),"Historic Parisian sweet maker famous for marrons glacés, fruit pastes, and dragées in pastel vintage boxes; needs luxury salon UI.",High
675,À la Mère de Famille Paris 1761,France,Paris,https://maps.google.com/?q=%C3%80%20la%20M%C3%A8re%20de%20Famille%20Paris%201761+Paris,Traditional web shop lacking an interactive custom dry fruit and nut gift box builder,Instagram: @lamredefamillep / Facebook: À la Mère de Famille Paris 1761,General Inquiries | contact@lameredefamille.com,Etienne Dolfi (Proprietor),"Oldest sweet shop in Paris crafting candied fruits, roasted nut pralines, and traditional Calissons; needs interactive gift hamper tool.",High
676,Maison Colibri Madeleines & Nuts,France,"Pons, Charente-Maritime",https://maps.google.com/?q=Maison%20Colibri%20Madeleines%20%26%20Nuts+Pons%2C%20Charente-Maritime,Traditional web shop lacking an interactive custom dry fruit and nut gift box builder,Instagram: @maisoncolibrima / Facebook: Maison Colibri Madeleines & Nuts,General Inquiries | bonjour@maison-colibri.com,David Tourneix (Director),Historic bakery baking traditional madeleines with toasted chopped pecans and dark chocolate hazelnut cores; needs subscription portal.,High
677,Maison Fossier Reims,France,"Reims, Champagne",https://maps.google.com/?q=Maison%20Fossier%20Reims+Reims%2C%20Champagne,Traditional web shop lacking an interactive custom dry fruit and nut gift box builder,Instagram: @maisonfossierre / Facebook: Maison Fossier Reims,General Inquiries | contact@fossier.fr,Charles-Antoine de Fougeroux (President),"Historic creator of the Pink Biscuit of Reims since 1756, paired with almond macaroons and fruit pastes; needs digital gift shop.",High
678,L'Atelier du Chocolat Bayonne,France,"Bayonne, Basque Country",https://maps.google.com/?q=L'Atelier%20du%20Chocolat%20Bayonne+Bayonne%2C%20Basque%20Country,Traditional web shop lacking an interactive custom dry fruit and nut gift box builder,Instagram: @latelierduchoco / Facebook: L'Atelier du Chocolat Bayonne,General Inquiries | contact@atelierduchocolat.fr,Serge Andrieu (Founder),"Basque chocolatier famed for chocolate bouquets encrusted with whole roasted hazelnuts, cranberries, and ginger; needs bouquet builder.",High
679,Maison Pariès Basque Confections,France,Saint-Jean-de-Luz,https://maps.google.com/?q=Maison%20Pari%C3%A8s%20Basque%20Confections+Saint-Jean-de-Luz,Traditional web shop lacking an interactive custom dry fruit and nut gift box builder,Instagram: @maisonparisbasq / Facebook: Maison Pariès Basque Confections,General Inquiries | contact@paries.fr,Françoise Pariès (Managing Director),Basque confectionery crafting Kanougas caramels and Mouchous almond macaroons since 1895; needs bespoke gifting storefront.,High
680,Chocolaterie Weiss Saint-Étienne,France,Saint-Étienne,https://maps.google.com/?q=Chocolaterie%20Weiss%20Saint-%C3%89tienne+Saint-%C3%89tienne,Traditional web shop lacking an interactive custom dry fruit and nut gift box builder,Instagram: @chocolateriewei / Facebook: Chocolaterie Weiss Saint-Étienne,General Inquiries | contact@chocolat-weiss.fr,Nicolas Berger (Director),Pioneer of high-end French chocolate making whole almond praliné bars and candied orange strips; needs corporate gift tin builder.,High
681,Valrhona Gourmet Confections,France,Tain-l'Hermitage,https://maps.google.com/?q=Valrhona%20Gourmet%20Confections+Tain-l'Hermitage,Traditional web shop lacking an interactive custom dry fruit and nut gift box builder,Instagram: @valrhonagourmet / Facebook: Valrhona Gourmet Confections,General Inquiries | scvalrhona@valrhona.fr,Didier Perréol (President),"Iconic gastronomy brand producing grand cru pralinés, giandujas, and roasted nut dragées for pastry chefs; needs consumer gift store.",High
682,Nougat Chabert & Guillot,France,Montélimar,https://maps.google.com/?q=Nougat%20Chabert%20%26%20Guillot+Mont%C3%A9limar,Traditional web shop lacking an interactive custom dry fruit and nut gift box builder,Instagram: @nougatchabertgu / Facebook: Nougat Chabert & Guillot,General Inquiries | contact@nougat-chabert-guillot.com,Didier Chabert (President),Capital of Nougat producer crafting tender and crunchy Montélimar nougat loaded with 30% almonds; needs holiday gift packs.,High
683,Confiserie Arnaud Soubeyran,France,Montélimar,https://maps.google.com/?q=Confiserie%20Arnaud%20Soubeyran+Mont%C3%A9limar,Traditional web shop lacking an interactive custom dry fruit and nut gift box builder,Instagram: @confiseriearnau / Facebook: Confiserie Arnaud Soubeyran,General Inquiries | contact@nougat-soubeyran.com,Didier Honoré (Director),Oldest operating nougat maker in Montélimar running since 1837; needs interactive custom nougat box builder.,High
684,Maison Peltier Miels & Noix,France,"Eure, Normandy",https://maps.google.com/?q=Maison%20Peltier%20Miels%20%26%20Noix+Eure%2C%20Normandy,Traditional web shop lacking an interactive custom dry fruit and nut gift box builder,Instagram: @maisonpeltiermi / Facebook: Maison Peltier Miels & Noix,General Inquiries | contact@maison-peltier.com,Alain Peltier (Beekeeper),"Normandy beekeeper producing raw forest honey paired with walnuts, almonds, and gingerbread; needs farm-to-table web shop.",High
685,Miel Martine Provence,France,Châteauneuf-du-Pape,https://maps.google.com/?q=Miel%20Martine%20Provence+Ch%C3%A2teauneuf-du-Pape,Traditional web shop lacking an interactive custom dry fruit and nut gift box builder,Instagram: @mielmartineprov / Facebook: Miel Martine Provence,General Inquiries | contact@mielmartine.fr,Guillaume Martine (Owner),Traceable Provence lavender honey and honey-caramelized Mediterranean nuts; needs luxury culinary shop.,High
686,Maison Guinguet Chocolats & Pruneaux,France,"Duras, Lot-et-Garonne",https://maps.google.com/?q=Maison%20Guinguet%20Chocolats%20%26%20Pruneaux+Duras%2C%20Lot-et-Garonne,Traditional web shop lacking an interactive custom dry fruit and nut gift box builder,Instagram: @maisonguinguetc / Facebook: Maison Guinguet Chocolats & Pruneaux,General Inquiries | contact@maisonguinguet.com,Arnaud Guinguet (Artisan),"Southwest France producer of stuffed Agen prunes, chocolate pruneaux, and toasted hazelnut rochers; needs modern direct store.",High
687,Napa Nuts & Dried Fruits,USA,"Napa, CA",https://maps.google.com/?q=Napa%20Nuts%20%26%20Dried%20Fruits+Napa%2C%20CA,Traditional web shop lacking an interactive custom dry fruit and nut gift box builder,Instagram: @napanutsdriedfr / Facebook: Napa Nuts & Dried Fruits,General Inquiries | orders@napanuts.com,Josh Poteet (Owner),"Napa Valley family purveyor of wholesale premium roasted nuts, trail mixes, and dried cherries; needs a direct consumer luxury gift shop.",High
688,Nut Factory Gourmet Roasters,USA,"Eugene, OR",https://maps.google.com/?q=Nut%20Factory%20Gourmet%20Roasters+Eugene%2C%20OR,Traditional web shop lacking an interactive custom dry fruit and nut gift box builder,Instagram: @nutfactorygourm / Facebook: Nut Factory Gourmet Roasters,General Inquiries | info@thenutfactory.com,Dan Miller (Owner),"Specializing in freshly roasted whole cashews, Oregon hazelnuts, and glazed pecans; needs an interactive Build-A-Tin gift tool.",High
689,Sunnyside Farms Dried Fruits,USA,"Selma, CA",https://maps.google.com/?q=Sunnyside%20Farms%20Dried%20Fruits+Selma%2C%20CA,Traditional web shop lacking an interactive custom dry fruit and nut gift box builder,Instagram: @sunnysidefarmsd / Facebook: Sunnyside Farms Dried Fruits,General Inquiries | sales@sunnysidepacking.com,Pete Hronis (President),"Central Valley sun-dried raisins, apricots, and peaches; needs a modern e-commerce storefront for consumer holiday gifts.",High
690,Navajo Pride Pecans,USA,"Farmington, NM",https://maps.google.com/?q=Navajo%20Pride%20Pecans+Farmington%2C%20NM,Traditional web shop lacking an interactive custom dry fruit and nut gift box builder,Instagram: @navajopridepeca / Facebook: Navajo Pride Pecans,General Inquiries | info@navajopride.com,Lionel Haskie (General Manager),Grown by the Navajo Agricultural Products Industry in the Four Corners; needs modern direct-to-consumer brand portal.,High
691,Sun Valley Nut Company,USA,"Modesto, CA",https://maps.google.com/?q=Sun%20Valley%20Nut%20Company+Modesto%2C%20CA,Traditional web shop lacking an interactive custom dry fruit and nut gift box builder,Instagram: @sunvalleynutcom / Facebook: Sun Valley Nut Company,General Inquiries | sales@sunvalleynut.com,Jeff Sward (President),Specialized almond and walnut processor in Stanislaus County; needs consumer-facing gourmet brand showcase.,High
692,Roche Brothers International Nuts,USA,"Escalon, CA",https://maps.google.com/?q=Roche%20Brothers%20International%20Nuts+Escalon%2C%20CA,Traditional web shop lacking an interactive custom dry fruit and nut gift box builder,Instagram: @rochebrothersin / Facebook: Roche Brothers International Nuts,General Inquiries | info@rochebrothers.com,Michael Roche (Owner),Family grower and processor of California nonpareil almonds; needs modern digital brand presence.,High
693,P-R Farms California Fruit & Almonds,USA,"Clovis, CA",https://maps.google.com/?q=P-R%20Farms%20California%20Fruit%20%26%20Almonds+Clovis%2C%20CA,Traditional web shop lacking an interactive custom dry fruit and nut gift box builder,Instagram: @prfarmscaliforn / Facebook: P-R Farms California Fruit & Almonds,General Inquiries | info@prfarms.com,Patrick Ricchiuti (President),"Multi-generation farming legacy producing almonds, fresh tree fruit, and extra virgin olive oil; needs high-end gifting portal.",High
694,Almond Acres Nuts & Orchard,USA,"San Miguel, CA",https://maps.google.com/?q=Almond%20Acres%20Nuts%20%26%20Orchard+San%20Miguel%2C%20CA,Traditional web shop lacking an interactive custom dry fruit and nut gift box builder,Instagram: @almondacresnuts / Facebook: Almond Acres Nuts & Orchard,General Inquiries | info@almondacres.com,Frank Vitale (Owner),"Paso Robles area almond farm offering roasted, chocolate covered, and raw almonds; needs direct sales online shop.",High
695,GoldRiver Orchards Walnuts,USA,"Escalon, CA",https://maps.google.com/?q=GoldRiver%20Orchards%20Walnuts+Escalon%2C%20CA,Traditional web shop lacking an interactive custom dry fruit and nut gift box builder,Instagram: @goldriverorchar / Facebook: GoldRiver Orchards Walnuts,General Inquiries | info@goldriverorchards.com,Barton Ferrell (President),Pioneering San Joaquin Valley processor of English walnuts; needs custom gift packaging and corporate order inquiry system.,High
696,Valley Harvest Nut Company,USA,"Modesto, CA",https://maps.google.com/?q=Valley%20Harvest%20Nut%20Company+Modesto%2C%20CA,Traditional web shop lacking an interactive custom dry fruit and nut gift box builder,Instagram: @valleyharvestnu / Facebook: Valley Harvest Nut Company,General Inquiries | sales@valleyharvestnut.com,Jim Simons (Sales VP),Custom roaster and processor of California almonds and walnuts; needs interactive private-label and retail order portal.,High
697,Hughson Nut Inc,USA,"Hughson, CA",https://maps.google.com/?q=Hughson%20Nut%20Inc+Hughson%2C%20CA,Traditional web shop lacking an interactive custom dry fruit and nut gift box builder,Instagram: @hughsonnutinc / Facebook: Hughson Nut Inc,General Inquiries | sales@hughsonnut.com,Martin Pohl (General Manager),"Premier processor of California almonds offering sliced, blanched, and roasted almonds; needs modern online brand shop.",High
698,Waterford Nut Company,USA,"Waterford, CA",https://maps.google.com/?q=Waterford%20Nut%20Company+Waterford%2C%20CA,Traditional web shop lacking an interactive custom dry fruit and nut gift box builder,Instagram: @waterfordnutcom / Facebook: Waterford Nut Company,General Inquiries | info@waterfordnut.com,Paul Ewing (Managing Director),Family-owned almond huller and sheller producing high-grade natural almonds; needs direct consumer retail line.,High
699,Hilltop Ranch California Almonds,USA,"Ballico, CA",https://maps.google.com/?q=Hilltop%20Ranch%20California%20Almonds+Ballico%2C%20CA,Traditional web shop lacking an interactive custom dry fruit and nut gift box builder,Instagram: @hilltopranchcal / Facebook: Hilltop Ranch California Almonds,General Inquiries | info@hilltopranch.com,David Long (President),Independent processor of California almonds shipping to 50+ countries; needs direct consumer web shop.,High
700,Treehouse California Almonds,USA,"Earlimart, CA",https://maps.google.com/?q=Treehouse%20California%20Almonds+Earlimart%2C%20CA,Traditional web shop lacking an interactive custom dry fruit and nut gift box builder,Instagram: @treehousecalifo / Facebook: Treehouse California Almonds,General Inquiries | info@treehousealmonds.com,Jonathan Meyer (CEO),Specializes in high-spec almond ingredients and organic sliced almonds; needs modern customer sample and brand storefront.,High
701,Monte Vista Farming Almonds,USA,"Denair, CA",https://maps.google.com/?q=Monte%20Vista%20Farming%20Almonds+Denair%2C%20CA,Traditional web shop lacking an interactive custom dry fruit and nut gift box builder,Instagram: @montevistafarmi / Facebook: Monte Vista Farming Almonds,General Inquiries | info@montevistafarming.com,Jonathan Cascaddan (Sales VP),Grower cooperative producing premium nonpareil and carmel variety almonds; needs interactive gift tin builder.,High
702,RPAC California Almonds,USA,"Los Banos, CA",https://maps.google.com/?q=RPAC%20California%20Almonds+Los%20Banos%2C%20CA,Traditional web shop lacking an interactive custom dry fruit and nut gift box builder,Instagram: @rpaccaliforniaa / Facebook: RPAC California Almonds,General Inquiries | info@rpacalmonds.com,Dave Phippen (Managing Partner),Integrated grower and packer of California almonds; needs custom holiday gift crate configurator.,High
703,Mid Valley Nut Company,USA,"Hughson, CA",https://maps.google.com/?q=Mid%20Valley%20Nut%20Company+Hughson%2C%20CA,Traditional web shop lacking an interactive custom dry fruit and nut gift box builder,Instagram: @midvalleynutcom / Facebook: Mid Valley Nut Company,General Inquiries | info@midvalleynut.com,Gary Henderson (Owner),Specializing in shelled walnuts and inshell exports; needs direct consumer shop with holiday orders.,High
704,Poindexter Nut Company,USA,"Selma, CA",https://maps.google.com/?q=Poindexter%20Nut%20Company+Selma%2C%20CA,Traditional web shop lacking an interactive custom dry fruit and nut gift box builder,Instagram: @poindexternutco / Facebook: Poindexter Nut Company,General Inquiries | sales@poindexternut.com,Mike Poindexter (CEO),Pioneering walnut grower producing chemical-free walnut snacks and walnut butters; needs modern brand e-commerce.,High
705,Bremner Farms Roadside & Nuts,USA,"Chico, CA",https://maps.google.com/?q=Bremner%20Farms%20Roadside%20%26%20Nuts+Chico%2C%20CA,Traditional web shop lacking an interactive custom dry fruit and nut gift box builder,Instagram: @bremnerfarmsroa / Facebook: Bremner Farms Roadside & Nuts,General Inquiries | bremnerfarms@gmail.com,James Bremner (Owner),"Family orchard producing organic California almonds, walnuts, and dried prunes; needs farm-to-door online shop.",High
706,Chico Nut Company,USA,"Chico, CA",https://maps.google.com/?q=Chico%20Nut%20Company+Chico%2C%20CA,Traditional web shop lacking an interactive custom dry fruit and nut gift box builder,Instagram: @chiconutcompany / Facebook: Chico Nut Company,General Inquiries | sales@chiconut.com,Mark Jansen (Director),Northern California almond processor providing in-shell and shelled almonds; needs direct sales web portal.,High
707,Turlock Walnut Company,USA,"Turlock, CA",https://maps.google.com/?q=Turlock%20Walnut%20Company+Turlock%2C%20CA,Traditional web shop lacking an interactive custom dry fruit and nut gift box builder,Instagram: @turlockwalnutco / Facebook: Turlock Walnut Company,General Inquiries | info@turlockwalnut.com,George Sterling (Manager),Specializing in Chandler and Howard walnut halves; needs direct retail consumer storefront.,High
708,Central Valley Nut Roastery,USA,"Merced, CA",https://maps.google.com/?q=Central%20Valley%20Nut%20Roastery+Merced%2C%20CA,Traditional web shop lacking an interactive custom dry fruit and nut gift box builder,Instagram: @centralvalleynu / Facebook: Central Valley Nut Roastery,General Inquiries | sales@cvnut.com,Brian Vance (Manager),"Artisanal roaster of colossal pistachios, almonds, and dried berries; needs custom holiday gift box customizer.",High
709,The Walnut Tree Gourmet Gifts,United Kingdom,"Radlett, Hertfordshire",https://maps.google.com/?q=The%20Walnut%20Tree%20Gourmet%20Gifts+Radlett%2C%20Hertfordshire,Traditional web shop lacking an interactive custom dry fruit and nut gift box builder,Instagram: @thewalnuttreego / Facebook: The Walnut Tree Gourmet Gifts,General Inquiries | sales@walnut.gifts,Beverley Frank (Founder),Award-winning creator of handmade dried fruit and nut gift boxes and marzipan fruits; needs digital corporate catalog.,High
710,The Raw Chocolate Company,United Kingdom,Brighton,https://maps.google.com/?q=The%20Raw%20Chocolate%20Company+Brighton,Traditional web shop lacking an interactive custom dry fruit and nut gift box builder,Instagram: @therawchocolate / Facebook: The Raw Chocolate Company,General Inquiries | hello@therawchocolatecompany.com,Linus Gorpe (Founder),"Pioneer of raw organic chocolate coated mulberries, almonds, and ginger; needs snack subscription portal.",High
711,Booja-Booja Organic Truffles,United Kingdom,"Brooke, Norfolk",https://maps.google.com/?q=Booja-Booja%20Organic%20Truffles+Brooke%2C%20Norfolk,Traditional web shop lacking an interactive custom dry fruit and nut gift box builder,Instagram: @boojaboojaorgan / Facebook: Booja-Booja Organic Truffles,General Inquiries | welcome@boojabooja.com,Colin Mace (Managing Director),Multi-award-winning vegan organic truffles made with slow-roasted hazelnuts; needs luxury interactive gift box configurator.,High
712,Hotel Chocolat Batons & Nuts,United Kingdom,"Royston, Hertfordshire",https://maps.google.com/?q=Hotel%20Chocolat%20Batons%20%26%20Nuts+Royston%2C%20Hertfordshire,Traditional web shop lacking an interactive custom dry fruit and nut gift box builder,Instagram: @hotelchocolatba / Facebook: Hotel Chocolat Batons & Nuts,General Inquiries | help@hotelchocolat.com,Angus Thirlwell (Co-Founder & CEO),"British luxury chocolatier known for whole hazelnut slabs, Florentines, and chocolate nuts; needs concierge corporate gifting.",High
713,Charbonnel et Walker Luxury Nuts,United Kingdom,London,https://maps.google.com/?q=Charbonnel%20et%20Walker%20Luxury%20Nuts+London,Traditional web shop lacking an interactive custom dry fruit and nut gift box builder,Instagram: @charbonneletwal / Facebook: Charbonnel et Walker Luxury Nuts,General Inquiries | enquiries@charbonnel.co.uk,Peter Coombes (Director),Royal Warrant holder crafting English chocolate truffles and roasted almond confections; needs luxury digital boutique.,High
714,Prestat Fine Confections,United Kingdom,London,https://maps.google.com/?q=Prestat%20Fine%20Confections+London,Traditional web shop lacking an interactive custom dry fruit and nut gift box builder,Instagram: @prestatfineconf / Facebook: Prestat Fine Confections,General Inquiries | sales@prestat.co.uk,Micaela Bonetti (Managing Director),"Established in 1902, famed for chocolate-enrobed nuts and exotic fruit creams; needs modern e-commerce storefront.",High
715,Rococo Chocolates London,United Kingdom,London,https://maps.google.com/?q=Rococo%20Chocolates%20London+London,Traditional web shop lacking an interactive custom dry fruit and nut gift box builder,Instagram: @rococochocolate / Facebook: Rococo Chocolates London,General Inquiries | customerservices@rococochocolates.com,Chantal Coady (Founder),Artisanal London chocolatier known for dark chocolate Persian pistachios and roasted almonds; needs custom gift box builder.,High
716,Montezuma's British Chocolate,United Kingdom,"Chichester, West Sussex",https://maps.google.com/?q=Montezuma's%20British%20Chocolate+Chichester%2C%20West%20Sussex,Traditional web shop lacking an interactive custom dry fruit and nut gift box builder,Instagram: @montezumasbriti / Facebook: Montezuma's British Chocolate,General Inquiries | customerservices@montezumas.co.uk,Helen Pattinson (Co-Founder),"British chocolate maker crafting giant chocolate buttons, nut clusters, and organic bars; needs modern subscription club.",High
717,Holdsworth Chocolates,United Kingdom,"Bakewell, Derbyshire",https://maps.google.com/?q=Holdsworth%20Chocolates+Bakewell%2C%20Derbyshire,Traditional web shop lacking an interactive custom dry fruit and nut gift box builder,Instagram: @holdsworthchoco / Facebook: Holdsworth Chocolates,General Inquiries | info@holdsworthchocolates.co.uk,Genevieve Holdsworth (Director),Handmade luxury chocolates featuring roasted praline nuts and fruit crèmes in vintage boxes; needs digital corporate gifting.,High
718,Chococo Handcrafted Chocolate,United Kingdom,"Wareham, Dorset",https://maps.google.com/?q=Chococo%20Handcrafted%20Chocolate+Wareham%2C%20Dorset,Traditional web shop lacking an interactive custom dry fruit and nut gift box builder,Instagram: @chococohandcraf / Facebook: Chococo Handcrafted Chocolate,General Inquiries | info@chococo.co.uk,Claire Burnet (Co-Founder),"Fresh Dorset chocolates featuring roasted local hazelnuts, dried cherries, and fruit pastes; needs seasonal tasting box selector.",High
719,Duffy's Fine Chocolate & Nuts,United Kingdom,"Cleethorpes, Lincolnshire",https://maps.google.com/?q=Duffy's%20Fine%20Chocolate%20%26%20Nuts+Cleethorpes%2C%20Lincolnshire,Traditional web shop lacking an interactive custom dry fruit and nut gift box builder,Instagram: @duffysfinechoco / Facebook: Duffy's Fine Chocolate & Nuts,General Inquiries | duffy@duffyschocolate.co.uk,Duffy Sheardown (Founder),Single-origin bean-to-bar chocolate maker pairing rare cacao with roasted nuts; needs online tasting kit shop.,High
720,Willie's Cacao Pure Gold,United Kingdom,"Cullompton, Devon",https://maps.google.com/?q=Willie's%20Cacao%20Pure%20Gold+Cullompton%2C%20Devon,Traditional web shop lacking an interactive custom dry fruit and nut gift box builder,Instagram: @williescacaopur / Facebook: Willie's Cacao Pure Gold,General Inquiries | orders@williescacao.com,Willie Harcourt-Cooze (Founder),Artisan chocolate maker producing roasted praline truffles and chocolate nut bars; needs international web boutique.,High
721,Pump Street Chocolate & Bakery,United Kingdom,"Orford, Suffolk",https://maps.google.com/?q=Pump%20Street%20Chocolate%20%26%20Bakery+Orford%2C%20Suffolk,Traditional web shop lacking an interactive custom dry fruit and nut gift box builder,Instagram: @pumpstreetchoco / Facebook: Pump Street Chocolate & Bakery,General Inquiries | hello@pumpstreetchocolate.com,Chris Brennan (Founder),Bean-to-bar maker famous for sourdough crumbs and roasted nut inclusions; needs modern direct-to-consumer store.,High
722,Laux Gourmet Feinkost,Germany,"Föhren, Rhineland-Palatinate",https://maps.google.com/?q=Laux%20Gourmet%20Feinkost+F%C3%B6hren%2C%20Rhineland-Palatinate,Traditional web shop lacking an interactive custom dry fruit and nut gift box builder,Instagram: @lauxgourmetfein / Facebook: Laux Gourmet Feinkost,General Inquiries | info@laux-feinkost.de,Jörg Laux (Managing Director),"Manufacturer of fine food gift sets, roasted almond specialties, and fruit vinegars; needs interactive gift basket builder.",High
723,Niederegger Lübeck Marzipan,Germany,Lübeck,https://maps.google.com/?q=Niederegger%20L%C3%BCbeck%20Marzipan+L%C3%BCbeck,Traditional web shop lacking an interactive custom dry fruit and nut gift box builder,Instagram: @niedereggerlbec / Facebook: Niederegger Lübeck Marzipan,General Inquiries | info@niederegger.de,Holger Strait (Managing Director),World's most famous marzipan manufacturer crafting pure ground almond confections since 1806; needs luxury online gifting salon.,High
724,Sawade Berlin Pralinen,Germany,Berlin,https://maps.google.com/?q=Sawade%20Berlin%20Pralinen+Berlin,Traditional web shop lacking an interactive custom dry fruit and nut gift box builder,Instagram: @sawadeberlinpra / Facebook: Sawade Berlin Pralinen,General Inquiries | kontakt@sawade.berlin,Benno Hübel (Managing Director),Berlin's oldest praline manufactory crafting handmade nut nougats and Florentines; needs digital VIP gifting portal.,High
725,Wagner Pralinen Confectionery,Germany,"Brunsbüttel, Schleswig-Holstein",https://maps.google.com/?q=Wagner%20Pralinen%20Confectionery+Brunsb%C3%BCttel%2C%20Schleswig-Holstein,Traditional web shop lacking an interactive custom dry fruit and nut gift box builder,Instagram: @wagnerpralinenc / Facebook: Wagner Pralinen Confectionery,General Inquiries | info@wagner-pralinen.de,Jürgen Wagner (Owner),"Specializes in luxury handcrafted nut pralines, marzipan, and chocolate fruits; needs custom box configurator.",High
726,Dallmayr Delikatessen München,Germany,"Munich, Bavaria",https://maps.google.com/?q=Dallmayr%20Delikatessen%20M%C3%BCnchen+Munich%2C%20Bavaria,Traditional web shop lacking an interactive custom dry fruit and nut gift box builder,Instagram: @dallmayrdelikat / Facebook: Dallmayr Delikatessen München,General Inquiries | kundenservice@dallmayr.de,Florian Randlkofer (Managing Partner),"Legendary Bavarian purveyor of fine roasted nuts, dried fruits, and luxury gift hampers; needs online luxury salon.",High
727,Käfer Feinkost München,Germany,"Munich, Bavaria",https://maps.google.com/?q=K%C3%A4fer%20Feinkost%20M%C3%BCnchen+Munich%2C%20Bavaria,Traditional web shop lacking an interactive custom dry fruit and nut gift box builder,Instagram: @kferfeinkostmnc / Facebook: Käfer Feinkost München,General Inquiries | feinkost@feinkost-kaefer.de,Michael Käfer (CEO),Munich gourmet icon crafting bespoke corporate gift hampers with candied nuts and fruits; needs digital catering & gift portal.,High
728,Confiserie Sprüngli Zürich,Switzerland,Zurich,https://maps.google.com/?q=Confiserie%20Spr%C3%BCngli%20Z%C3%BCrich+Zurich,Traditional web shop lacking an interactive custom dry fruit and nut gift box builder,Instagram: @confiseriesprng / Facebook: Confiserie Sprüngli Zürich,General Inquiries | chocolat@spruengli.ch,Tomas Prenosil (CEO),Famous for Luxemburgerli and Grand Cru roasted almond and hazelnut truffles; needs interactive luxury gift box customizer.,High
729,Läderach Chocolatier Suisse,Switzerland,"Ennenda, Glarus",https://maps.google.com/?q=L%C3%A4derach%20Chocolatier%20Suisse+Ennenda%2C%20Glarus,Traditional web shop lacking an interactive custom dry fruit and nut gift box builder,Instagram: @lderachchocolat / Facebook: Läderach Chocolatier Suisse,General Inquiries | customerservice@laderach.com,Johannes Läderach (CEO),Artisan chocolatier famous for FrischSchoggi slabs loaded with caramelized Piedmont hazelnuts; needs digital custom slab builder.,High
730,Honold Chocolatier Zürich 1905,Switzerland,Zurich,https://maps.google.com/?q=Honold%20Chocolatier%20Z%C3%BCrich%201905+Zurich,Traditional web shop lacking an interactive custom dry fruit and nut gift box builder,Instagram: @honoldchocolati / Facebook: Honold Chocolatier Zürich 1905,General Inquiries | info@honold.ch,Cristina de Perregaux (Owner),Historic Zurich confectionery famed for Trauben in Grappa (grape confections) and roasted nut pralines; needs luxury web boutique.,High
731,Auer Chocolatier Genève 1939,Switzerland,Geneva,https://maps.google.com/?q=Auer%20Chocolatier%20Gen%C3%A8ve%201939+Geneva,Traditional web shop lacking an interactive custom dry fruit and nut gift box builder,Instagram: @auerchocolatier / Facebook: Auer Chocolatier Genève 1939,General Inquiries | info@chocolat-auer.ch,Philippe Auer (Master),Celebrated for Princesse toasted roasted almonds in delicate milk chocolate; needs international shipping storefront.,High
732,Du Rhône Chocolatier Genève 1875,Switzerland,Geneva,https://maps.google.com/?q=Du%20Rh%C3%B4ne%20Chocolatier%20Gen%C3%A8ve%201875+Geneva,Traditional web shop lacking an interactive custom dry fruit and nut gift box builder,Instagram: @durhnechocolati / Facebook: Du Rhône Chocolatier Genève 1875,General Inquiries | contact@du-rhone.ch,Federico Marangoni (Director),Geneva's oldest master chocolatier producing mocha hazelnut truffles and pralines; needs bespoke gifting portal.,High
733,Favarger Chocolatier Genève 1826,Switzerland,"Versoix, Geneva",https://maps.google.com/?q=Favarger%20Chocolatier%20Gen%C3%A8ve%201826+Versoix%2C%20Geneva,Traditional web shop lacking an interactive custom dry fruit and nut gift box builder,Instagram: @favargerchocola / Facebook: Favarger Chocolatier Genève 1826,General Inquiries | info@favarger.com,Luka Rajic (Owner),Creator of the iconic Avelines roasted hazelnut and almond confections; needs modern responsive shopping cart.,High
734,Pelino Confetti Sulmona 1783,Italy,"Sulmona, L'Aquila",https://maps.google.com/?q=Pelino%20Confetti%20Sulmona%201783+Sulmona%2C%20L'Aquila,Traditional web shop lacking an interactive custom dry fruit and nut gift box builder,Instagram: @pelinoconfettis / Facebook: Pelino Confetti Sulmona 1783,General Inquiries | info@pelino.it,Mario Pelino (Owner),Oldest manufacturer of traditional Italian sugar-coated Avola almonds and nut dragées; needs custom wedding favor builder.,High
735,Mucci Giovanni Confetti 1894,Italy,"Andria, Puglia",https://maps.google.com/?q=Mucci%20Giovanni%20Confetti%201894+Andria%2C%20Puglia,Traditional web shop lacking an interactive custom dry fruit and nut gift box builder,Instagram: @muccigiovannico / Facebook: Mucci Giovanni Confetti 1894,General Inquiries | info@muccigiovanni.it,Cristian Mucci (Director),Artisanal producer of confetti using Filippo Cea Toritto almonds and IGP Piedmont hazelnuts; needs digital tasting kit shop.,High
736,Crispo Confetti 1890,Italy,"San Giuseppe Vesuviano, Naples",https://maps.google.com/?q=Crispo%20Confetti%201890+San%20Giuseppe%20Vesuviano%2C%20Naples,Traditional web shop lacking an interactive custom dry fruit and nut gift box builder,Instagram: @crispoconfetti1 / Facebook: Crispo Confetti 1890,General Inquiries | info@crispoconfetti.com,Gianni Crispo (President),"Historical Italian dragée producer coating toasted almonds, walnuts, and dried fruits; needs responsive online storefront.",High
737,Relanghe Langhe Hazelnuts,Italy,"Alba, Cuneo",https://maps.google.com/?q=Relanghe%20Langhe%20Hazelnuts+Alba%2C%20Cuneo,Traditional web shop lacking an interactive custom dry fruit and nut gift box builder,Instagram: @relanghelangheh / Facebook: Relanghe Langhe Hazelnuts,General Inquiries | info@relanghe.it,Enrico Crippa (Partner),Artisan workshop in Alba roasting IGP Piedmont hazelnuts for traditional Torrone Friabile; needs gourmet international shop.,High
738,Barbero Davide Torrone 1883,Italy,"Asti, Piedmont",https://maps.google.com/?q=Barbero%20Davide%20Torrone%201883+Asti%2C%20Piedmont,Traditional web shop lacking an interactive custom dry fruit and nut gift box builder,Instagram: @barberodavideto / Facebook: Barbero Davide Torrone 1883,General Inquiries | info@barberodavide.it,Davide Barbero (Proprietor),Renowned for crumbly Piedmont hazelnut torrone and chocolate-coated Gianduja; needs luxury holiday pre-order portal.,High
739,Sebaste Torrone & Nocciole,Italy,"Gallo d'Alba, Cuneo",https://maps.google.com/?q=Sebaste%20Torrone%20%26%20Nocciole+Gallo%20d'Alba%2C%20Cuneo,Traditional web shop lacking an interactive custom dry fruit and nut gift box builder,Instagram: @sebastetorronen / Facebook: Sebaste Torrone & Nocciole,General Inquiries | info@sebaste.it,Egle Sebaste (Managing Director),Fourth-generation master of Piedmont hazelnut torrone and hazelnut dragées; needs modern direct-to-consumer store.,High
740,Flamigni Panettone & Torrone,Italy,"Forlì, Emilia-Romagna",https://maps.google.com/?q=Flamigni%20Panettone%20%26%20Torrone+Forl%C3%AC%2C%20Emilia-Romagna,Traditional web shop lacking an interactive custom dry fruit and nut gift box builder,Instagram: @flamignipanetto / Facebook: Flamigni Panettone & Torrone,General Inquiries | info@flamigni.it,Massimo Bomi (Director),"Artisanal bakery crafting soft torrone enriched with whole almonds and pistachios, and candied fruit Panettone; needs gift portal.",High
741,Loison Pasticceri dal 1938,Italy,"Costabissara, Vicenza",https://maps.google.com/?q=Loison%20Pasticceri%20dal%201938+Costabissara%2C%20Vicenza,Traditional web shop lacking an interactive custom dry fruit and nut gift box builder,Instagram: @loisonpasticcer / Facebook: Loison Pasticceri dal 1938,General Inquiries | loison@loison.com,Dario Loison (CEO),World-acclaimed pastry master baking panettoni with Late Mandarin of Ciaculli and Bronte pistachios; needs VIP gifting boutique.,High
742,Fraccaro Spumadoro 1932,Italy,"Castelfranco Veneto, Treviso",https://maps.google.com/?q=Fraccaro%20Spumadoro%201932+Castelfranco%20Veneto%2C%20Treviso,Traditional web shop lacking an interactive custom dry fruit and nut gift box builder,Instagram: @fraccarospumado / Facebook: Fraccaro Spumadoro 1932,General Inquiries | info@fraccaro.it,Luca Fraccaro (President),Naturally leavened sourdough bakery crafting seasonal cakes with whole dried fruits and almonds; needs direct sales web shop.,High
743,Marchesi 1824 Milano,Italy,Milan,https://maps.google.com/?q=Marchesi%201824%20Milano+Milan,Traditional web shop lacking an interactive custom dry fruit and nut gift box builder,Instagram: @marchesi1824mil / Facebook: Marchesi 1824 Milano,General Inquiries | info@pasticceriamarchesi.com,Stefano Cantino (CEO),"Milanese luxury pastry house famed for candied marrons glacés, almond dragees, and gianduja; needs luxury editorial redesign.",High
744,Cova Pasticceria Milano 1817,Italy,Milan,https://maps.google.com/?q=Cova%20Pasticceria%20Milano%201817+Milan,Traditional web shop lacking an interactive custom dry fruit and nut gift box builder,Instagram: @covapasticceria / Facebook: Cova Pasticceria Milano 1817,General Inquiries | info@pasticceriacova.com,Paola Faccioli (CEO),"Historic Milan salon near La Scala crafting artisanal panettone with raisins, candied fruit, and roasted nuts; needs VIP gift salon.",High
745,Sant Ambroeus Milano 1936,Italy,Milan / New York,https://maps.google.com/?q=Sant%20Ambroeus%20Milano%201936+Milan%20%2F%20New%20York,Traditional web shop lacking an interactive custom dry fruit and nut gift box builder,Instagram: @santambroeusmil / Facebook: Sant Ambroeus Milano 1936,General Inquiries | info@santambroeus.com,Alireza Niroomand (Creative Director),"Legendary pastry and confection brand shipping Italian almond cookies, marrons glacés, and panettone; needs corporate store.",High
746,Iginio Massari Alta Pasticceria,Italy,"Brescia, Lombardy",https://maps.google.com/?q=Iginio%20Massari%20Alta%20Pasticceria+Brescia%2C%20Lombardy,Traditional web shop lacking an interactive custom dry fruit and nut gift box builder,Instagram: @iginiomassarial / Facebook: Iginio Massari Alta Pasticceria,General Inquiries | info@iginiomassari.it,Iginio Massari (Master of Masters),"World's most celebrated Italian pastry master crafting panettoni, macaroons, and nut pralines; needs digital pre-order salon.",High
747,Sal De Riso Costa d'Amalfi,Italy,"Minori, Amalfi Coast",https://maps.google.com/?q=Sal%20De%20Riso%20Costa%20d'Amalfi+Minori%2C%20Amalfi%20Coast,Traditional web shop lacking an interactive custom dry fruit and nut gift box builder,Instagram: @salderisocostad / Facebook: Sal De Riso Costa d'Amalfi,General Inquiries | info@salderiso.it,Salvatore De Riso (President),"Famous Amalfi Coast pastry master crafting delizia al limone, hazelnut torta caprese, and dried figs; needs luxury web shop.",High
748,Zoff Foods Organic Spices & Nuts,India,"Raipur, Chhattisgarh",https://maps.google.com/?q=Zoff%20Foods%20Organic%20Spices%20%26%20Nuts+Raipur%2C%20Chhattisgarh,Traditional web shop lacking an interactive custom dry fruit and nut gift box builder,Instagram: @zofffoodsorgani / Facebook: Zoff Foods Organic Spices & Nuts,General Inquiries | care@zofffoods.com,Ashish Agrawal (Founder),"Air-cooled cold-ground spices, California almonds, and cashews; needs dynamic snack bundle configurator.",High
749,Evolve Snacks Superfoods,India,New Delhi,https://maps.google.com/?q=Evolve%20Snacks%20Superfoods+New%20Delhi,Traditional web shop lacking an interactive custom dry fruit and nut gift box builder,Instagram: @evolvesnackssup / Facebook: Evolve Snacks Superfoods,General Inquiries | care@evolvesnacks.com,Deepak Agrawal (Founder),"Roasted makhanas, multigrain seed mixes, and date bites; needs custom health snack subscription box.",High
750,Snackible Healthy Snacking,India,"Mumbai, Maharashtra",https://maps.google.com/?q=Snackible%20Healthy%20Snacking+Mumbai%2C%20Maharashtra,Traditional web shop lacking an interactive custom dry fruit and nut gift box builder,Instagram: @snackiblehealth / Facebook: Snackible Healthy Snacking,General Inquiries | customercare@snackible.com,Aditya Sanghavi (Founder),"Innovative healthy snacks, baked nut chips, and seed trails; needs interactive snack box builder.",High
751,Fabindia Gourmet Dry Fruits,India,New Delhi,https://maps.google.com/?q=Fabindia%20Gourmet%20Dry%20Fruits+New%20Delhi,Traditional web shop lacking an interactive custom dry fruit and nut gift box builder,Instagram: @fabindiagourmet / Facebook: Fabindia Gourmet Dry Fruits,General Inquiries | support@fabindia.net,Dipali Patwa (Brand Head),"India's premier ethnic lifestyle brand offering organic walnuts, wild honey, and dry fruits; needs luxury food portal.",High
752,Nature's Basket Artisanal,India,"Mumbai, Maharashtra",https://maps.google.com/?q=Nature's%20Basket%20Artisanal+Mumbai%2C%20Maharashtra,Traditional web shop lacking an interactive custom dry fruit and nut gift box builder,Instagram: @naturesbasketar / Facebook: Nature's Basket Artisanal,General Inquiries | cs@naturesbasket.co.in,Devendra Chawla (CEO),"India's pioneer gourmet grocer stocking imported dry fruits, Iranian pistachios, and Belgian chocolates; needs online gifting.",High
753,Foodhall Gourmet Foods,India,"Mumbai, Maharashtra",https://maps.google.com/?q=Foodhall%20Gourmet%20Foods+Mumbai%2C%20Maharashtra,Traditional web shop lacking an interactive custom dry fruit and nut gift box builder,Instagram: @foodhallgourmet / Facebook: Foodhall Gourmet Foods,General Inquiries | support@foodhallonline.com,Avni Biyani (Concept Head),"Luxury food superstore crafting bespoke hampers of dried fruits, dates, and nuts; needs digital custom hamper builder.",High
754,Santushti Shakes & Nuts,India,"Rajkot, Gujarat",https://maps.google.com/?q=Santushti%20Shakes%20%26%20Nuts+Rajkot%2C%20Gujarat,Traditional web shop lacking an interactive custom dry fruit and nut gift box builder,Instagram: @santushtishakes / Facebook: Santushti Shakes & Nuts,General Inquiries | info@santushtishakes.com,Sunil Sharma (Founder),"Thick shakes, roasted dry fruit ice creams, and spiced cashews; needs modern retail and franchise portal.",High
755,Havmor Confections & Nuts,India,"Ahmedabad, Gujarat",https://maps.google.com/?q=Havmor%20Confections%20%26%20Nuts+Ahmedabad%2C%20Gujarat,Traditional web shop lacking an interactive custom dry fruit and nut gift box builder,Instagram: @havmorconfectio / Facebook: Havmor Confections & Nuts,General Inquiries | info@havmor.com,Komiko Nishikawa (Managing Director),Iconic ice cream and nut confection brand offering dry fruit kulfi and roasted nut cassatas; needs online catering store.,High
756,Vadilal Gourmet Ice Creams & Nuts,India,"Ahmedabad, Gujarat",https://maps.google.com/?q=Vadilal%20Gourmet%20Ice%20Creams%20%26%20Nuts+Ahmedabad%2C%20Gujarat,Traditional web shop lacking an interactive custom dry fruit and nut gift box builder,Instagram: @vadilalgourmeti / Facebook: Vadilal Gourmet Ice Creams & Nuts,General Inquiries | info@vadilalgroup.com,Rajesh Gandhi (Chairman),"Historic confectionery manufacturing cashew barfi, roasted badam ice creams, and dry fruits; needs modern brand portal.",High
757,Kwality Foods Artisanal,India,New Delhi,https://maps.google.com/?q=Kwality%20Foods%20Artisanal+New%20Delhi,Traditional web shop lacking an interactive custom dry fruit and nut gift box builder,Instagram: @kwalityfoodsart / Facebook: Kwality Foods Artisanal,General Inquiries | care@kwality.in,Sanjay Dhingra (Director),Heritage dairy and confectionery brand offering festive dry fruit sweets; needs online corporate gifting customizer.,High
758,Ghasitaram Sweets & Dry Fruits,India,"Mumbai, Maharashtra",https://maps.google.com/?q=Ghasitaram%20Sweets%20%26%20Dry%20Fruits+Mumbai%2C%20Maharashtra,Traditional web shop lacking an interactive custom dry fruit and nut gift box builder,Instagram: @ghasitaramsweet / Facebook: Ghasitaram Sweets & Dry Fruits,General Inquiries | info@ghasitaram.in,Vipul Bajaj (Owner),"Operating since 1916 in Mumbai, famous for silver-coated dry fruit halwas and assorted nuts; needs modern web checkout.",High
759,Mani Zaver Luxury Dry Fruits,India,"Surat, Gujarat",https://maps.google.com/?q=Mani%20Zaver%20Luxury%20Dry%20Fruits+Surat%2C%20Gujarat,Traditional web shop lacking an interactive custom dry fruit and nut gift box builder,Instagram: @manizaverluxury / Facebook: Mani Zaver Luxury Dry Fruits,General Inquiries | info@manizaver.com,Bhavesh Zaveri (Director),Exclusive Gujarati gifting house offering gold-embossed dry fruit boxes and imported nuts; needs online VIP concierge.,High
760,Vijay Sweets Artisanal,India,"Tiruppur, Tamil Nadu",https://maps.google.com/?q=Vijay%20Sweets%20Artisanal+Tiruppur%2C%20Tamil%20Nadu,Traditional web shop lacking an interactive custom dry fruit and nut gift box builder,Instagram: @vijaysweetsarti / Facebook: Vijay Sweets Artisanal,General Inquiries | info@vijaysweets.com,Vijay Kumar (Founder),"Pioneering vegan and organic sweets crafted with palm jaggery, cashews, and almonds; needs direct shipping web shop.",High
761,Sri Krishna Sweets Mysurpa,India,"Coimbatore, Tamil Nadu",https://maps.google.com/?q=Sri%20Krishna%20Sweets%20Mysurpa+Coimbatore%2C%20Tamil%20Nadu,Traditional web shop lacking an interactive custom dry fruit and nut gift box builder,Instagram: @srikrishnasweet / Facebook: Sri Krishna Sweets Mysurpa,General Inquiries | customercare@srikrishnasweets.net,M. Murali (Managing Director),"Creators of the world-famous melt-in-mouth Mysurpa, roasted cashew balls, and almond halwa; needs international gift shop.",High
762,A2B (Adyar Ananda Bhavan),India,"Chennai, Tamil Nadu",https://maps.google.com/?q=A2B%20(Adyar%20Ananda%20Bhavan)+Chennai%2C%20Tamil%20Nadu,Traditional web shop lacking an interactive custom dry fruit and nut gift box builder,Instagram: @a2badyaranandab / Facebook: A2B (Adyar Ananda Bhavan),General Inquiries | feedback@a2bsweets.com,K.T. Srinivasa Raja (Managing Director),Chennai iconic sweet and dry fruit house famous for Badam Katli and Cashew Halwa; needs global gift delivery portal.,High
763,Grand Sweets and Snacks,India,"Chennai, Tamil Nadu",https://maps.google.com/?q=Grand%20Sweets%20and%20Snacks+Chennai%2C%20Tamil%20Nadu,Traditional web shop lacking an interactive custom dry fruit and nut gift box builder,Instagram: @grandsweetsands / Facebook: Grand Sweets and Snacks,General Inquiries | support@grandsweets.com,Sankaran (Owner),Chennai institution baking traditional cashew seed murukkus and dry fruit laddus; needs modern mobile shopping cart.,High
764,Saravana Bhavan Sweets,India,"Chennai, Tamil Nadu",https://maps.google.com/?q=Saravana%20Bhavan%20Sweets+Chennai%2C%20Tamil%20Nadu,Traditional web shop lacking an interactive custom dry fruit and nut gift box builder,Instagram: @saravanabhavans / Facebook: Saravana Bhavan Sweets,General Inquiries | info@saravanabhavan.com,P. Rajagopal (Founder),Global vegetarian chain offering dry fruit sweets and cashew confections; needs international delivery portal.,High
765,Pacific Nut Company Chile,Chile,Santiago,https://maps.google.com/?q=Pacific%20Nut%20Company%20Chile+Santiago,Traditional web shop lacking an interactive custom dry fruit and nut gift box builder,Instagram: @pacificnutcompa / Facebook: Pacific Nut Company Chile,General Inquiries | info@pacificnut.cl,Juan Pablo Bañados (CEO),"Premier exporter of Chilean Chandler walnuts, shelled almonds, and dried prunes; needs direct consumer gift tin store.",High
766,Frutexsa Dried Fruit Chile,Chile,Santiago,https://maps.google.com/?q=Frutexsa%20Dried%20Fruit%20Chile+Santiago,Traditional web shop lacking an interactive custom dry fruit and nut gift box builder,Instagram: @frutexsadriedfr / Facebook: Frutexsa Dried Fruit Chile,General Inquiries | info@frutexsa.cl,Sebastián Valdés (Managing Director),"Largest exporter of Chilean dried prunes, raisins, and shelled walnuts; needs interactive retail packaging shop.",High
767,Prunesco Chile Organic Prunes,Chile,"Pirque, Santiago",https://maps.google.com/?q=Prunesco%20Chile%20Organic%20Prunes+Pirque%2C%20Santiago,Traditional web shop lacking an interactive custom dry fruit and nut gift box builder,Instagram: @prunescochileor / Facebook: Prunesco Chile Organic Prunes,General Inquiries | info@prunesco.com,Pedro Acuña (President),Grower consortium producing 100% naturally dried Chilean tender prunes; needs direct-to-consumer gourmet brand storefront.,High
768,Geonuts Chilean Walnuts,Chile,Curicó,https://maps.google.com/?q=Geonuts%20Chilean%20Walnuts+Curic%C3%B3,Traditional web shop lacking an interactive custom dry fruit and nut gift box builder,Instagram: @geonutschileanw / Facebook: Geonuts Chilean Walnuts,General Inquiries | info@geonuts.cl,Gonzalo Cruz (General Manager),Specializing in mechanical harvesting and sorting of premium light walnuts; needs modern online inquiry portal.,High
769,Frutos Secos La Nogalera,Mexico,Chihuahua,https://maps.google.com/?q=Frutos%20Secos%20La%20Nogalera+Chihuahua,Traditional web shop lacking an interactive custom dry fruit and nut gift box builder,Instagram: @frutossecoslano / Facebook: Frutos Secos La Nogalera,General Inquiries | info@lanogalera.com,Raúl de la Paz (CEO),Mexico's largest pecan sheller and exporter of Western Schley and Wichita pecans; needs corporate gifting portal.,High
770,Dátiles del Desierto Caborca,Mexico,"Caborca, Sonora",https://maps.google.com/?q=D%C3%A1tiles%20del%20Desierto%20Caborca+Caborca%2C%20Sonora,Traditional web shop lacking an interactive custom dry fruit and nut gift box builder,Instagram: @dtilesdeldesier / Facebook: Dátiles del Desierto Caborca,General Inquiries | info@datilesdeldesierto.com,Héctor Gómez (Owner),Sonoran desert organic Medjool date plantation exporting fresh dates; needs direct-to-consumer store.,High
771,Diamond Foods Emerald Nuts,USA,"Stockton, CA",https://maps.google.com/?q=Diamond%20Foods%20Emerald%20Nuts+Stockton%2C%20CA,Traditional web shop lacking an interactive custom dry fruit and nut gift box builder,Instagram: @diamondfoodseme / Facebook: Diamond Foods Emerald Nuts,General Inquiries | consumerinquiries@diamondfoods.com,Craig Tokusato (CMO),"Iconic California snack nut roaster producing glazed walnuts, Virginia peanuts, and cashews; needs modern direct-to-consumer store.",High
772,Wonderful Pistachios & Almonds,USA,"Los Angeles, CA",https://maps.google.com/?q=Wonderful%20Pistachios%20%26%20Almonds+Los%20Angeles%2C%20CA,Traditional web shop lacking an interactive custom dry fruit and nut gift box builder,Instagram: @wonderfulpistac / Facebook: Wonderful Pistachios & Almonds,General Inquiries | corporateaffairs@wonderful.com,Stewart Resnick (Chairman),World's largest vertically integrated pistachio grower producing No Shells chili roasted nuts; needs corporate gifting boutique.,High
773,Fisher Nuts John B. Sanfilippo,USA,"Elgin, IL",https://maps.google.com/?q=Fisher%20Nuts%20John%20B.%20Sanfilippo+Elgin%2C%20IL,Traditional web shop lacking an interactive custom dry fruit and nut gift box builder,Instagram: @fishernutsjohnb / Facebook: Fisher Nuts John B. Sanfilippo,General Inquiries | info@jbssinc.com,Jeffrey Sanfilippo (CEO),"Leading processor of recipe nuts, trail mixes, and snack nuts; needs direct-to-consumer gourmet brand showcase.",High
774,Planters Nut & Chocolate Co,USA,"Austin, MN",https://maps.google.com/?q=Planters%20Nut%20%26%20Chocolate%20Co+Austin%2C%20MN,Traditional web shop lacking an interactive custom dry fruit and nut gift box builder,Instagram: @plantersnutchoc / Facebook: Planters Nut & Chocolate Co,General Inquiries | customercare@hormel.com,Jim Snee (CEO),"Historic American peanut and nut brand producing Cheez Balls, dry roasted peanuts, and cashews; needs luxury collector tin builder.",High
775,Sun-Maid Growers of California,USA,"Fresno, CA",https://maps.google.com/?q=Sun-Maid%20Growers%20of%20California+Fresno%2C%20CA,Traditional web shop lacking an interactive custom dry fruit and nut gift box builder,Instagram: @sunmaidgrowerso / Facebook: Sun-Maid Growers of California,General Inquiries | info@sunmaid.com,Harry Overly (President),"Historic cooperative processing California sun-dried raisins, golden raisins, and dried figs; needs digital heritage gift store.",High
776,National Raisin Company,USA,"Fowler, CA",https://maps.google.com/?q=National%20Raisin%20Company+Fowler%2C%20CA,Traditional web shop lacking an interactive custom dry fruit and nut gift box builder,Instagram: @nationalraisinc / Facebook: National Raisin Company,General Inquiries | info@nationalraisin.com,Jane Asmar (VP Sales),"Grower-owned processor of Champion brand sun-dried raisins, dried prunes, and figs; needs direct consumer sales shop.",High
777,Del Monte Dried Fruits,USA,"Walnut Creek, CA",https://maps.google.com/?q=Del%20Monte%20Dried%20Fruits+Walnut%20Creek%2C%20CA,Traditional web shop lacking an interactive custom dry fruit and nut gift box builder,Instagram: @delmontedriedfr / Facebook: Del Monte Dried Fruits,General Inquiries | contactus@delmonte.com,Greg Longstreet (President),"Supplying pitted prunes, dried apricots, and fruit snacks; needs modern digital pantry portal.",High
778,Dole Packaged Fruit & Nuts,USA,"Westlake Village, CA",https://maps.google.com/?q=Dole%20Packaged%20Fruit%20%26%20Nuts+Westlake%20Village%2C%20CA,Traditional web shop lacking an interactive custom dry fruit and nut gift box builder,Instagram: @dolepackagedfru / Facebook: Dole Packaged Fruit & Nuts,General Inquiries | dole.consumer.center@dole.com,Pier Luigi Sigismondi (President),"Global leader in dried tropical pineapple slices, mango, and date snacks; needs online gift box customizer.",High
779,KP Snacks & Roasted Nuts,United Kingdom,"Slough, Berkshire",https://maps.google.com/?q=KP%20Snacks%20%26%20Roasted%20Nuts+Slough%2C%20Berkshire,Traditional web shop lacking an interactive custom dry fruit and nut gift box builder,Instagram: @kpsnacksroasted / Facebook: KP Snacks & Roasted Nuts,General Inquiries | consumerrelations@kpsnacks.com,Mark Thorpe (CEO),"UK's favorite roasted salted peanuts, cashews, and spicy nut snacks; needs modern corporate party hamper builder.",High
780,Walkers Shortbread & Fruit Cakes,United Kingdom,"Aberlour, Speyside",https://maps.google.com/?q=Walkers%20Shortbread%20%26%20Fruit%20Cakes+Aberlour%2C%20Speyside,Traditional web shop lacking an interactive custom dry fruit and nut gift box builder,Instagram: @walkersshortbre / Facebook: Walkers Shortbread & Fruit Cakes,General Inquiries | customercare@walkersshortbread.com,Nicky Walker (Managing Director),"Scottish heritage bakery baking pure butter shortbread with dried currants, sultanas, and almonds; needs luxury gift tin customizer.",High
781,Tiptree Wilkin & Sons Preserves,United Kingdom,"Tiptree, Essex",https://maps.google.com/?q=Tiptree%20Wilkin%20%26%20Sons%20Preserves+Tiptree%2C%20Essex,Traditional web shop lacking an interactive custom dry fruit and nut gift box builder,Instagram: @tiptreewilkinso / Facebook: Tiptree Wilkin & Sons Preserves,General Inquiries | tiptree@tiptree.com,Scott Goodfellow (Joint MD),Royal Warrant fruit grower and preserve maker pairing English stone fruits with roasted nut hampers; needs bespoke gifting portal.,High
782,Fortnum & Mason Confections & Nuts,United Kingdom,London,https://maps.google.com/?q=Fortnum%20%26%20Mason%20Confections%20%26%20Nuts+London,Traditional web shop lacking an interactive custom dry fruit and nut gift box builder,Instagram: @fortnummasoncon / Facebook: Fortnum & Mason Confections & Nuts,General Inquiries | customer.services@fortnumandmason.com,Tom Athron (CEO),"Piccadilly luxury icon curating hand-packed dried fruit boxes, roasted Turkish pistachios, and hampers; needs VIP digital salon.",High
783,Harrods Gourmet Food Hall,United Kingdom,London,https://maps.google.com/?q=Harrods%20Gourmet%20Food%20Hall+London,Traditional web shop lacking an interactive custom dry fruit and nut gift box builder,Instagram: @harrodsgourmetf / Facebook: Harrods Gourmet Food Hall,General Inquiries | customer.service@harrods.com,Michael Ward (Managing Director),"Knightsbridge world-renowned luxury department store curating dried figs, roasted nuts, and date platters; needs digital concierge.",High
784,Selfridges Gourmet Food & Wine,United Kingdom,London,https://maps.google.com/?q=Selfridges%20Gourmet%20Food%20%26%20Wine+London,Traditional web shop lacking an interactive custom dry fruit and nut gift box builder,Instagram: @selfridgesgourm / Facebook: Selfridges Gourmet Food & Wine,General Inquiries | customerservices@selfridges.com,Andrew Keith (Managing Director),Oxford Street luxury retailer featuring exclusive artisanal date hampers and gourmet nut canisters; needs interactive hamper tool.,High
785,Liberty London Food & Hampers,United Kingdom,London,https://maps.google.com/?q=Liberty%20London%20Food%20%26%20Hampers+London,Traditional web shop lacking an interactive custom dry fruit and nut gift box builder,Instagram: @libertylondonfo / Facebook: Liberty London Food & Hampers,General Inquiries | customerservices@libertylondon.com,Adil Mehboob-Khan (CEO),Regent Street landmark crafting luxury heritage print gift boxes filled with artisanal nuts and fruits; needs bespoke gift builder.,High
786,Harvey Nichols Foodmarket,United Kingdom,London,https://maps.google.com/?q=Harvey%20Nichols%20Foodmarket+London,Traditional web shop lacking an interactive custom dry fruit and nut gift box builder,Instagram: @harveynicholsfo / Facebook: Harvey Nichols Foodmarket,General Inquiries | customerservices@harveynichols.com,Manju Malhotra (CEO),"Knightsbridge fashion and fine food curator offering chocolate nuts, champagne, and dried fruit trays; needs modern corporate shop.",High
787,Marks & Spencer Gourmet Nuts,United Kingdom,London,https://maps.google.com/?q=Marks%20%26%20Spencer%20Gourmet%20Nuts+London,Traditional web shop lacking an interactive custom dry fruit and nut gift box builder,Instagram: @marksspencergou / Facebook: Marks & Spencer Gourmet Nuts,General Inquiries | customer.services@marks-and-spencer.com,Stuart Machin (CEO),"Iconic British grocer offering Belgian chocolate coated nuts, Mediterranean dried fruit, and date treats; needs online gifting.",High
788,Waitrose & Partners Duchy Organic,United Kingdom,"Bracknell, Berkshire",https://maps.google.com/?q=Waitrose%20%26%20Partners%20Duchy%20Organic+Bracknell%2C%20Berkshire,Traditional web shop lacking an interactive custom dry fruit and nut gift box builder,Instagram: @waitrosepartner / Facebook: Waitrose & Partners Duchy Organic,General Inquiries | customersupport@waitrose.co.uk,James Bailey (Executive Director),"High-end supermarket featuring Prince of Wales organic dried fruits, roasted seeds, and nut mixes; needs digital hamper builder.",High
789,Sainsbury's Taste the Difference Nuts,United Kingdom,London,https://maps.google.com/?q=Sainsbury's%20Taste%20the%20Difference%20Nuts+London,Traditional web shop lacking an interactive custom dry fruit and nut gift box builder,Instagram: @sainsburystaste / Facebook: Sainsbury's Taste the Difference Nuts,General Inquiries | customer.service@sainsburys.co.uk,Simon Roberts (CEO),"Premium supermarket tier offering jumbo cashews, smoked almonds, and Chilean flame raisins; needs digital gift ordering.",High
790,Morrisons The Best Nuts & Fruit,United Kingdom,"Bradford, West Yorkshire",https://maps.google.com/?q=Morrisons%20The%20Best%20Nuts%20%26%20Fruit+Bradford%2C%20West%20Yorkshire,Traditional web shop lacking an interactive custom dry fruit and nut gift box builder,Instagram: @morrisonsthebes / Facebook: Morrisons The Best Nuts & Fruit,General Inquiries | customer.service@morrisonsplc.co.uk,David Potts (CEO),"British retailer's premium range featuring Turkish dried apricots, Medjool dates, and roasted pistachios; needs online order portal.",High
791,Trophy Foods Gourmet Nuts,Canada,"Calgary, AB",https://maps.google.com/?q=Trophy%20Foods%20Gourmet%20Nuts+Calgary%2C%20AB,Traditional web shop lacking an interactive custom dry fruit and nut gift box builder,Instagram: @trophyfoodsgour / Facebook: Trophy Foods Gourmet Nuts,General Inquiries | info@trophyfoods.com,David Johnston (President),"Roasting high-end baking nuts, salted cashews, and glazed pecans across Canada; needs an interactive direct consumer gift box builder.",High
792,Prana Bio Organic Snacks,Canada,"Montreal, QC",https://maps.google.com/?q=Prana%20Bio%20Organic%20Snacks+Montreal%2C%20QC,Traditional web shop lacking an interactive custom dry fruit and nut gift box builder,Instagram: @pranabioorganic / Facebook: Prana Bio Organic Snacks,General Inquiries | service@pranabio.com,Marie-Josée Richer (Founder),"Organic sprouted chia, dark chocolate covered nuts, and dried physalis; needs bilingual Canadian checkout.",High
793,Munch Better Snack Boxes,Canada,"Vancouver, BC",https://maps.google.com/?q=Munch%20Better%20Snack%20Boxes+Vancouver%2C%20BC,Traditional web shop lacking an interactive custom dry fruit and nut gift box builder,Instagram: @munchbettersnac / Facebook: Munch Better Snack Boxes,General Inquiries | support@munchbetter.ca,Sarah Campbell (Founder),Curates artisanal healthy Canadian snack boxes filled with raw nuts and dried fruit; needs corporate gift box tool.,High
794,Level Ground Fair Trade Dried Fruit,Canada,"Victoria, BC",https://maps.google.com/?q=Level%20Ground%20Fair%20Trade%20Dried%20Fruit+Victoria%2C%20BC,Traditional web shop lacking an interactive custom dry fruit and nut gift box builder,Instagram: @levelgroundfair / Facebook: Level Ground Fair Trade Dried Fruit,General Inquiries | info@levelground.com,Hugo Ciro (Co-Founder),"Direct trade tropical dried mango, pineapple, and banana chips; needs clean minimalist web shop.",High
795,New World Natural Foods,Canada,"Burnaby, BC",https://maps.google.com/?q=New%20World%20Natural%20Foods+Burnaby%2C%20BC,Traditional web shop lacking an interactive custom dry fruit and nut gift box builder,Instagram: @newworldnatural / Facebook: New World Natural Foods,General Inquiries | info@newworldfoods.ca,Peter Bahlawanian (Director),"Organic nut butters, sprouted seeds, and raw dried fruits; needs direct customer web portal.",High
796,Sunny Fruit Organic Dried Fruit,USA,"Fairfield, NJ",https://maps.google.com/?q=Sunny%20Fruit%20Organic%20Dried%20Fruit+Fairfield%2C%20NJ,Traditional web shop lacking an interactive custom dry fruit and nut gift box builder,Instagram: @sunnyfruitorgan / Facebook: Sunny Fruit Organic Dried Fruit,General Inquiries | info@sunnyfruit.com,Burak Tokman (President),"Organic sun-dried Smyrna figs, apricots, and dates packed in tender portion pouches; needs direct-to-consumer store.",High
797,Nut Cravings Gourmet Gift Baskets,USA,"New York, NY",https://maps.google.com/?q=Nut%20Cravings%20Gourmet%20Gift%20Baskets+New%20York%2C%20NY,Traditional web shop lacking an interactive custom dry fruit and nut gift box builder,Instagram: @nutcravingsgour / Facebook: Nut Cravings Gourmet Gift Baskets,General Inquiries | support@nutcravings.com,Isaac Mizrahi (Founder),"Curating high-end wooden gift crates of roasted almonds, walnuts, and dried kiwi; needs corporate holiday gift tin tool.",High
798,Jaybee's Gourmet Nuts & Gifts,USA,"Passaic, NJ",https://maps.google.com/?q=Jaybee's%20Gourmet%20Nuts%20%26%20Gifts+Passaic%2C%20NJ,Traditional web shop lacking an interactive custom dry fruit and nut gift box builder,Instagram: @jaybeesgourmetn / Facebook: Jaybee's Gourmet Nuts & Gifts,General Inquiries | info@jaybeesnuts.com,Jacob Bennett (Owner),"Hand-selected roasted cashews, smoked almonds, and party snack jars; needs modern mobile-optimized shopping cart.",High
799,Gourmet Gift Baskets Fruit & Nuts,USA,"Exeter, NH",https://maps.google.com/?q=Gourmet%20Gift%20Baskets%20Fruit%20%26%20Nuts+Exeter%2C%20NH,Traditional web shop lacking an interactive custom dry fruit and nut gift box builder,Instagram: @gourmetgiftbask / Facebook: Gourmet Gift Baskets Fruit & Nuts,General Inquiries | support@gourmetgiftbaskets.com,Ryan Abood (CEO),Nationwide luxury gift basket company curating dried orchard fruits and roasted nut tins; needs custom corporate portal.,High
800,Manhattan Fruitier Luxury Fruit & Nuts,USA,"New York, NY",https://maps.google.com/?q=Manhattan%20Fruitier%20Luxury%20Fruit%20%26%20Nuts+New%20York%2C%20NY,Traditional web shop lacking an interactive custom dry fruit and nut gift box builder,Instagram: @manhattanfruiti / Facebook: Manhattan Fruitier Luxury Fruit & Nuts,General Inquiries | service@manhattanfruitier.com,Lauren Murphy (Director),NYC artistic fruit and nut basket creator crafting luxury seasonal hampers; needs digital gift customizer.,High
801,Wine Country Gift Baskets,USA,"Fullerton, CA",https://maps.google.com/?q=Wine%20Country%20Gift%20Baskets+Fullerton%2C%20CA,Traditional web shop lacking an interactive custom dry fruit and nut gift box builder,Instagram: @winecountrygift / Facebook: Wine Country Gift Baskets,General Inquiries | sales@winecountrygiftbaskets.com,Bill Macfadyen (Director),Curates California almond and dried fruit towers paired with Napa Valley wines; needs multi-address holiday shipping tool.,High
802,Broadway Basketeers Dried Fruit,USA,"Lakewood, NJ",https://maps.google.com/?q=Broadway%20Basketeers%20Dried%20Fruit+Lakewood%2C%20NJ,Traditional web shop lacking an interactive custom dry fruit and nut gift box builder,Instagram: @broadwaybaskete / Facebook: Broadway Basketeers Dried Fruit,General Inquiries | orders@broadwaybasketeers.com,Avi Gross (Managing Director),"Kosher certified dried fruit trays, gourmet nuts, and festive gift towers; needs corporate spreadsheet bulk order uploader.",High
