id,business_name,country,city,maps_profile,website_status,social,contact,owner,why_need_website,quality
803,Wine Country Gift Baskets,USA,"Fullerton, CA",https://maps.google.com/?q=Wine%20Country%20Gift%20Baskets+Fullerton%2C%20CA,Traditional web shop lacking an interactive custom dry fruit and nut gift box builder,Instagram: @winecountrygift / Facebook: Wine Country Gift Baskets,General Inquiries | sales@winecountrygiftbaskets.com,Bill Macfadyen (Director),Curates California almond and dried fruit towers paired with Napa Valley wines; needs multi-address holiday shipping tool.,High
804,Broadway Basketeers Dried Fruit,USA,"Lakewood, NJ",https://maps.google.com/?q=Broadway%20Basketeers%20Dried%20Fruit+Lakewood%2C%20NJ,Traditional web shop lacking an interactive custom dry fruit and nut gift box builder,Instagram: @broadwaybaskete / Facebook: Broadway Basketeers Dried Fruit,General Inquiries | orders@broadwaybasketeers.com,Avi Gross (Managing Director),"Kosher certified dried fruit trays, gourmet nuts, and festive gift towers; needs corporate spreadsheet bulk order uploader.",High
805,Golden State Fruit Orchards,USA,"Fresno, CA",https://maps.google.com/?q=Golden%20State%20Fruit%20Orchards+Fresno%2C%20CA,Traditional web shop lacking an interactive custom dry fruit and nut gift box builder,Instagram: @goldenstatefrui / Facebook: Golden State Fruit Orchards,General Inquiries | service@goldenstatefruit.com,Richard Jones (General Manager),"Delivers California orchard dried fruits, chocolate covered nuts, and fresh citrus; needs 1-click gift checkout.",High
806,Fancifull Gift Baskets & Fine Foods,USA,"Los Angeles, CA",https://maps.google.com/?q=Fancifull%20Gift%20Baskets%20%26%20Fine%20Foods+Los%20Angeles%2C%20CA,Traditional web shop lacking an interactive custom dry fruit and nut gift box builder,Instagram: @fancifullgiftba / Facebook: Fancifull Gift Baskets & Fine Foods,General Inquiries | info@fancifull.com,Terry August (Founder),"Artisanal Hollywood gift company featuring local California almonds, dried figs, and boutique wine; needs luxury portal.",High
807,Capalbo's Gift Baskets Fruit & Nuts,USA,"Nutley, NJ",https://maps.google.com/?q=Capalbo's%20Gift%20Baskets%20Fruit%20%26%20Nuts+Nutley%2C%20NJ,Traditional web shop lacking an interactive custom dry fruit and nut gift box builder,Instagram: @capalbosgiftbas / Facebook: Capalbo's Gift Baskets Fruit & Nuts,General Inquiries | service@capalbosonline.com,Bob Capalbo (President),Over 100 years of designing fresh fruit and roasted nut gift arrangements in the tri-state area; needs modern digital storefront.,High
808,1-800-Baskets Gourmet Nuts,USA,"Carle Place, NY",https://maps.google.com/?q=1-800-Baskets%20Gourmet%20Nuts+Carle%20Place%2C%20NY,Traditional web shop lacking an interactive custom dry fruit and nut gift box builder,Instagram: @1800basketsgour / Facebook: 1-800-Baskets Gourmet Nuts,General Inquiries | custserv@1800baskets.com,Jim McCann (Chairman),National gifting authority featuring dry fruit collections and royal nut towers; needs interactive gift tray preview.,High
809,Hickory Farms Specialty Nuts,USA,"Chicago, IL",https://maps.google.com/?q=Hickory%20Farms%20Specialty%20Nuts+Chicago%2C%20IL,Traditional web shop lacking an interactive custom dry fruit and nut gift box builder,Instagram: @hickoryfarmsspe / Facebook: Hickory Farms Specialty Nuts,General Inquiries | cservice@hickoryfarms.com,Judy Ransford (CEO),American holiday gifting tradition famous for sweet & salty nut mixes and dried fruit logs; needs modern VIP membership store.,High
810,Swiss Colony Petits Fours & Nuts,USA,"Monroe, WI",https://maps.google.com/?q=Swiss%20Colony%20Petits%20Fours%20%26%20Nuts+Monroe%2C%20WI,Traditional web shop lacking an interactive custom dry fruit and nut gift box builder,Instagram: @swisscolonypeti / Facebook: Swiss Colony Petits Fours & Nuts,General Inquiries | customerservice@swisscolony.com,John Meyer (President),Historic mail-order food company famous for chocolate covered macadamias and candied fruit tins; needs modern responsive storefront.,High
811,Kalyx Natural Foods & Bulk Nuts,USA,"Camden, NY",https://maps.google.com/?q=Kalyx%20Natural%20Foods%20%26%20Bulk%20Nuts+Camden%2C%20NY,Traditional web shop lacking an interactive custom dry fruit and nut gift box builder,Instagram: @kalyxnaturalfoo / Facebook: Kalyx Natural Foods & Bulk Nuts,General Inquiries | customerservice@kalyx.com,Paul Kelly (Owner),"Online purveyor of bulk organic raw nuts, dried wild berries, and botanicals; needs modernized mobile web shop.",High
812,Nutman Co Gourmet Gifts,USA,"Hubertus, WI",https://maps.google.com/?q=Nutman%20Co%20Gourmet%20Gifts+Hubertus%2C%20WI,Traditional web shop lacking an interactive custom dry fruit and nut gift box builder,Instagram: @nutmancogourmet / Facebook: Nutman Co Gourmet Gifts,General Inquiries | info@nutman.com,Gilbert Nettesheim (Founder),"Wisconsin roaster offering 150+ varieties of nuts, trail mixes, and chocolate fruit clusters; needs custom gift box builder.",High
813,German Roasted Nuts USA,USA,"Denver, CO",https://maps.google.com/?q=German%20Roasted%20Nuts%20USA+Denver%2C%20CO,Traditional web shop lacking an interactive custom dry fruit and nut gift box builder,Instagram: @germanroastednu / Facebook: German Roasted Nuts USA,General Inquiries | info@germanroastednuts.com,Hans Weber (Master Roaster),"Bavarian style copper-kettle roasted cinnamon glazed almonds, pecans, and cashews; needs mobile event pre-ordering.",High
814,Totally Nuts Glazed Nuts,USA,"St. George, UT",https://maps.google.com/?q=Totally%20Nuts%20Glazed%20Nuts+St.%20George%2C%20UT,Traditional web shop lacking an interactive custom dry fruit and nut gift box builder,Instagram: @totallynutsglaz / Facebook: Totally Nuts Glazed Nuts,General Inquiries | info@totallynuts.com,Craig Adams (Director),Cinnamon roasted almonds and pecans roasted fresh on-site; needs modern e-commerce storefront for holiday orders.,High
815,Cowgirl Creamery Accompaniments,USA,"Point Reyes Station, CA",https://maps.google.com/?q=Cowgirl%20Creamery%20Accompaniments+Point%20Reyes%20Station%2C%20CA,Traditional web shop lacking an interactive custom dry fruit and nut gift box builder,Instagram: @cowgirlcreamery / Facebook: Cowgirl Creamery Accompaniments,General Inquiries | info@cowgirlcreamery.com,Sue Conley (Co-Founder),"Acclaimed California creamery curating local dried persimmons, roasted walnuts, and honeycomb; needs board builder.",High
816,Pt. Reyes Farmstead Accompaniments,USA,"Point Reyes, CA",https://maps.google.com/?q=Pt.%20Reyes%20Farmstead%20Accompaniments+Point%20Reyes%2C%20CA,Traditional web shop lacking an interactive custom dry fruit and nut gift box builder,Instagram: @ptreyesfarmstea / Facebook: Pt. Reyes Farmstead Accompaniments,General Inquiries | info@pointreyescheese.com,Jill Giacomini Basch (Co-Owner),Family farm pairing artisan blue cheese with candied California pecans and dried mission figs; needs luxury gift crate tool.,High
817,Cypress Grove Pairing Goods,USA,"Arcata, CA",https://maps.google.com/?q=Cypress%20Grove%20Pairing%20Goods+Arcata%2C%20CA,Traditional web shop lacking an interactive custom dry fruit and nut gift box builder,Instagram: @cypressgrovepai / Facebook: Cypress Grove Pairing Goods,General Inquiries | info@cypressgrovecheese.com,Mary Keehn (Founder),Pioneering Humboldt goat dairy pairing cheeses with dried cherries and roasted hazelnuts; needs tasting kit checkout.,High
818,Bella Bru Bakery Specialty Nuts,USA,"Sacramento, CA",https://maps.google.com/?q=Bella%20Bru%20Bakery%20Specialty%20Nuts+Sacramento%2C%20CA,Traditional web shop lacking an interactive custom dry fruit and nut gift box builder,Instagram: @bellabrubakerys / Facebook: Bella Bru Bakery Specialty Nuts,General Inquiries | info@bellabrucafe.com,Liz Armstrong (Owner),Sacramento artisan bakery crafting spiced walnut scones and chocolate almond biscotti; needs online bakery ordering.,High
819,La Brea Bakery Artisan Fruit Loaves,USA,"Los Angeles, CA",https://maps.google.com/?q=La%20Brea%20Bakery%20Artisan%20Fruit%20Loaves+Los%20Angeles%2C%20CA,Traditional web shop lacking an interactive custom dry fruit and nut gift box builder,Instagram: @labreabakeryart / Facebook: La Brea Bakery Artisan Fruit Loaves,General Inquiries | info@labreabakery.com,Nancy Silverton (Founder),Pioneering sourdough bakery crafting pecan raisin loaves and toasted walnut bread; needs national shipping portal.,High
820,Acme Bread Company Accompaniments,USA,"Berkeley, CA",https://maps.google.com/?q=Acme%20Bread%20Company%20Accompaniments+Berkeley%2C%20CA,Traditional web shop lacking an interactive custom dry fruit and nut gift box builder,Instagram: @acmebreadcompan / Facebook: Acme Bread Company Accompaniments,General Inquiries | info@acmebread.com,Steve Sullivan (Founder),San Francisco sourdough institution producing walnut bread and holiday stollen; needs modern order reservation shop.,High
821,Tartine Bakery Pastries & Nuts,USA,"San Francisco, CA",https://maps.google.com/?q=Tartine%20Bakery%20Pastries%20%26%20Nuts+San%20Francisco%2C%20CA,Traditional web shop lacking an interactive custom dry fruit and nut gift box builder,Instagram: @tartinebakerypa / Facebook: Tartine Bakery Pastries & Nuts,General Inquiries | hello@tartinebakery.com,Chad Robertson (Co-Founder),"World-renowned bakery baking morning buns with candied orange peel, toasted walnuts, and almond croissants; needs pre-order tool.",High
822,Buvette Gastrotheque Paris & NY,USA,"New York, NY",https://maps.google.com/?q=Buvette%20Gastrotheque%20Paris%20%26%20NY+New%20York%2C%20NY,Traditional web shop lacking an interactive custom dry fruit and nut gift box builder,Instagram: @buvettegastroth / Facebook: Buvette Gastrotheque Paris & NY,General Inquiries | info@ilovebuvette.com,Jody Williams (Chef-Owner),"Artisanal bistro curating French walnut pastes, dried figs, and roasted almonds; needs modern lifestyle gift shop.",High
823,Via Carota Craft Provisions,USA,"New York, NY",https://maps.google.com/?q=Via%20Carota%20Craft%20Provisions+New%20York%2C%20NY,Traditional web shop lacking an interactive custom dry fruit and nut gift box builder,Instagram: @viacarotacraftp / Facebook: Via Carota Craft Provisions,General Inquiries | info@viacarota.com,Rita Sodi (Chef-Owner),West Village Italian icon offering bottled craft cocktails and roasted rosemary marcona almonds; needs bespoke luxury shop.,High
824,Lilia Ristorante Dolci & Nuts,USA,"Brooklyn, NY",https://maps.google.com/?q=Lilia%20Ristorante%20Dolci%20%26%20Nuts+Brooklyn%2C%20NY,Traditional web shop lacking an interactive custom dry fruit and nut gift box builder,Instagram: @liliaristorante / Facebook: Lilia Ristorante Dolci & Nuts,General Inquiries | info@lilianewyork.com,Missy Robbins (Chef-Owner),"Williamsburg Italian hotspot offering Italian almond cookies, pine nut cakes, and olive oil confections; needs online pantry store.",High
825,Misi Pasta & Provisions,USA,"Brooklyn, NY",https://maps.google.com/?q=Misi%20Pasta%20%26%20Provisions+Brooklyn%2C%20NY,Traditional web shop lacking an interactive custom dry fruit and nut gift box builder,Instagram: @misipastaprovis / Facebook: Misi Pasta & Provisions,General Inquiries | info@misinewyork.com,Missy Robbins (Founder),"Brooklyn artisan pasta maker curating imported Sicilian pistachios, roasted nuts, and dried peppers; needs direct-to-consumer store.",High
826,Gramercy Tavern Provisions,USA,"New York, NY",https://maps.google.com/?q=Gramercy%20Tavern%20Provisions+New%20York%2C%20NY,Traditional web shop lacking an interactive custom dry fruit and nut gift box builder,Instagram: @gramercytavernp / Facebook: Gramercy Tavern Provisions,General Inquiries | info@gramercytavern.com,Michael Anthony (Chef),"Iconic NYC restaurant shipping seasonal dried apple crisps, roasted spiced nuts, and holiday hampers; needs corporate gifting shop.",High
827,Eleven Madison Home Provisions,USA,"New York, NY",https://maps.google.com/?q=Eleven%20Madison%20Home%20Provisions+New%20York%2C%20NY,Traditional web shop lacking an interactive custom dry fruit and nut gift box builder,Instagram: @elevenmadisonho / Facebook: Eleven Madison Home Provisions,General Inquiries | support@elevenmadisonhome.com,Daniel Humm (Chef-Owner),Plant-based luxury pantry by 3-Michelin-starred restaurant offering roasted nut granolas and dried fruit preserves; needs VIP shop.,High
828,Blue Hill Farm Market Provisions,USA,"Pocantico Hills, NY",https://maps.google.com/?q=Blue%20Hill%20Farm%20Market%20Provisions+Pocantico%20Hills%2C%20NY,Traditional web shop lacking an interactive custom dry fruit and nut gift box builder,Instagram: @bluehillfarmmar / Facebook: Blue Hill Farm Market Provisions,General Inquiries | info@bluehillfarm.com,Dan Barber (Chef-Owner),"Regenerative farm restaurant crafting single-variety dried wheat crackers, apple crisps, and roasted squash seeds; needs farm store.",High
829,SingleThread Farms Pantry,USA,"Healdsburg, CA",https://maps.google.com/?q=SingleThread%20Farms%20Pantry+Healdsburg%2C%20CA,Traditional web shop lacking an interactive custom dry fruit and nut gift box builder,Instagram: @singlethreadfar / Facebook: SingleThread Farms Pantry,General Inquiries | info@singlethreadfarms.com,Kyle Connaughton (Chef-Owner),3-Michelin-starred Sonoma farm offering Japanese roasted chestnut confections and dried Meyer lemon snacks; needs bespoke salon.,High
830,The French Laundry Kitchen Goods,USA,"Yountville, CA",https://maps.google.com/?q=The%20French%20Laundry%20Kitchen%20Goods+Yountville%2C%20CA,Traditional web shop lacking an interactive custom dry fruit and nut gift box builder,Instagram: @thefrenchlaundr / Facebook: The French Laundry Kitchen Goods,General Inquiries | info@frenchlaundry.com,Thomas Keller (Chef-Proprietor),"Fine dining landmark offering shortbread gift tins, roasted marcona almonds, and chocolate truffles; needs luxury e-commerce shop.",High
831,Bouchon Bakery Confections,USA,"Yountville, CA",https://maps.google.com/?q=Bouchon%20Bakery%20Confections+Yountville%2C%20CA,Traditional web shop lacking an interactive custom dry fruit and nut gift box builder,Instagram: @bouchonbakeryco / Facebook: Bouchon Bakery Confections,General Inquiries | info@bouchonbakery.com,Thomas Keller (Chef),"Artisanal French bakery shipping macarons filled with pistachio cream, roasted hazelnut spread, and stollen; needs gift tin portal.",High
832,Per Se Provisions Manhattan,USA,"New York, NY",https://maps.google.com/?q=Per%20Se%20Provisions%20Manhattan+New%20York%2C%20NY,Traditional web shop lacking an interactive custom dry fruit and nut gift box builder,Instagram: @perseprovisions / Facebook: Per Se Provisions Manhattan,General Inquiries | info@perseny.com,Thomas Keller (Restaurateur),Columbus Circle 3-Michelin-starred restaurant offering holiday confection boxes and roasted spiced pecans; needs corporate gifting tool.,High
833,Le Bernardin Fine Food Goods,USA,"New York, NY",https://maps.google.com/?q=Le%20Bernardin%20Fine%20Food%20Goods+New%20York%2C%20NY,Traditional web shop lacking an interactive custom dry fruit and nut gift box builder,Instagram: @lebernardinfine / Facebook: Le Bernardin Fine Food Goods,General Inquiries | info@le-bernardin.com,Eric Ripert (Chef-Owner),"Midtown luxury restaurant curating artisanal chocolate mendiants with pistachios, raisins, and candied orange; needs VIP boutique.",High
834,Daniel Boulud Kitchen & Gifts,USA,"New York, NY",https://maps.google.com/?q=Daniel%20Boulud%20Kitchen%20%26%20Gifts+New%20York%2C%20NY,Traditional web shop lacking an interactive custom dry fruit and nut gift box builder,Instagram: @danielbouludkit / Facebook: Daniel Boulud Kitchen & Gifts,General Inquiries | info@danielboulud.com,Daniel Boulud (Chef-Owner),"Renowned French chef offering festive hampers with Calissons, roasted hazelnut pralines, and candied ginger; needs online salon.",High
835,Dominique Ansel Workshop,USA,"New York, NY",https://maps.google.com/?q=Dominique%20Ansel%20Workshop+New%20York%2C%20NY,Traditional web shop lacking an interactive custom dry fruit and nut gift box builder,Instagram: @dominiqueanselw / Facebook: Dominique Ansel Workshop,General Inquiries | contact@dominiqueansel.com,Dominique Ansel (Pastry Chef),"World's Best Pastry Chef crafting hazelnut Kouign Amanns, roasted nut canelés, and fruit tartlets; needs digital bakery shop.",High
836,Milk Bar Treats & Nut Barks,USA,"New York, NY",https://maps.google.com/?q=Milk%20Bar%20Treats%20%26%20Nut%20Barks+New%20York%2C%20NY,Traditional web shop lacking an interactive custom dry fruit and nut gift box builder,Instagram: @milkbartreatsnu / Facebook: Milk Bar Treats & Nut Barks,General Inquiries | help@milkbarstore.com,Christina Tosi (Founder),"Famed for Cereal Milk treats, roasted pretzel barks, and nut brittle; needs nationwide corporate gifting portal.",High
837,Magnolia Bakery Banana Pudding & Nuts,USA,"New York, NY",https://maps.google.com/?q=Magnolia%20Bakery%20Banana%20Pudding%20%26%20Nuts+New%20York%2C%20NY,Traditional web shop lacking an interactive custom dry fruit and nut gift box builder,Instagram: @magnoliabakeryb / Facebook: Magnolia Bakery Banana Pudding & Nuts,General Inquiries | hello@magnoliabakery.com,Bobbie Lloyd (CEO),"World-famous bakery shipping banana pudding, pecan pies, and praline bars nationwide; needs modern responsive storefront.",High
838,Levain Bakery Cookies & Walnuts,USA,"New York, NY",https://maps.google.com/?q=Levain%20Bakery%20Cookies%20%26%20Walnuts+New%20York%2C%20NY,Traditional web shop lacking an interactive custom dry fruit and nut gift box builder,Instagram: @levainbakerycoo / Facebook: Levain Bakery Cookies & Walnuts,General Inquiries | support@levainbakery.com,Pam Weekes (Co-Founder),Celebrated for colossal 6-ounce chocolate chip walnut cookies and dark chocolate peanut butter cookies; needs custom box builder.,High
839,Lady M New York Confections,USA,"New York, NY",https://maps.google.com/?q=Lady%20M%20New%20York%20Confections+New%20York%2C%20NY,Traditional web shop lacking an interactive custom dry fruit and nut gift box builder,Instagram: @ladymnewyorkcon / Facebook: Lady M New York Confections,General Inquiries | cs@ladym.com,Ken Romaniszyn (CEO),Luxury Mille Crêpes maker crafting roasted green tea pistachios and candied chestnut marron cakes; needs luxury digital salon.,High
840,Baked by Melissa Mini Cupcakes,USA,"New York, NY",https://maps.google.com/?q=Baked%20by%20Melissa%20Mini%20Cupcakes+New%20York%2C%20NY,Traditional web shop lacking an interactive custom dry fruit and nut gift box builder,Instagram: @bakedbymelissam / Facebook: Baked by Melissa Mini Cupcakes,General Inquiries | cater@bakedbymelissa.com,Melissa Ben-Ishay (CEO),Bite-sized confections with peanut butter cores and roasted coconut; needs custom corporate gift tin configurator.,High
841,Sprinkles Cupcakes & Confections,USA,"Austin, TX",https://maps.google.com/?q=Sprinkles%20Cupcakes%20%26%20Confections+Austin%2C%20TX,Traditional web shop lacking an interactive custom dry fruit and nut gift box builder,Instagram: @sprinklescupcak / Facebook: Sprinkles Cupcakes & Confections,General Inquiries | orders@sprinkles.com,Dan Mesches (CEO),Pioneering gourmet cupcake brand offering pecan pie treats and chocolate nut confections; needs nationwide gift shipping shop.,High
842,Truly Good Foods Snack Roasters,USA,"Charlotte, NC",https://maps.google.com/?q=Truly%20Good%20Foods%20Snack%20Roasters+Charlotte%2C%20NC,Traditional web shop lacking an interactive custom dry fruit and nut gift box builder,Instagram: @trulygoodfoodss / Facebook: Truly Good Foods Snack Roasters,General Inquiries | info@trulygoodfoods.com,Angela Bauer (President),"Roasting specialty nuts, Southern bar mixes, and sweet dried fruit trail mixes; needs interactive gift tin configurator.",High
843,Squirrel Brand Artisan Nuts,USA,"McKinney, TX",https://maps.google.com/?q=Squirrel%20Brand%20Artisan%20Nuts+McKinney%2C%20TX,Traditional web shop lacking an interactive custom dry fruit and nut gift box builder,Instagram: @squirrelbrandar / Facebook: Squirrel Brand Artisan Nuts,General Inquiries | info@squirrelbrand.com,Brent Meyer (VP Marketing),America's oldest gourmet nut company crafting sweet & savory roasted almonds; needs modern luxury storefront.,High
844,Hughson Nut California Almonds,USA,"Hughson, CA",https://maps.google.com/?q=Hughson%20Nut%20California%20Almonds+Hughson%2C%20CA,Traditional web shop lacking an interactive custom dry fruit and nut gift box builder,Instagram: @hughsonnutcalif / Facebook: Hughson Nut California Almonds,General Inquiries | info@hughsonnut.com,Martin Pohl (General Manager),Premium California almond processor shipping whole kernels and manufactured nuts; needs modern wholesale portal.,High
845,The Nut Shop Sydney Strand,Australia,"Sydney, NSW",https://maps.google.com/?q=The%20Nut%20Shop%20Sydney%20Strand+Sydney%2C%20NSW,Traditional web shop lacking an interactive custom dry fruit and nut gift box builder,Instagram: @thenutshopsydne / Facebook: The Nut Shop Sydney Strand,General Inquiries | sales@nutshop.com.au,Karl Mendels (Director),"Historic Sydney roastery producing freshly roasted cashews, salted macadamias, and chocolates; needs online luxury gift store.",High
846,Charlesworth Nuts Adelaide,Australia,"Adelaide, SA",https://maps.google.com/?q=Charlesworth%20Nuts%20Adelaide+Adelaide%2C%20SA,Traditional web shop lacking an interactive custom dry fruit and nut gift box builder,Instagram: @charlesworthnut / Facebook: Charlesworth Nuts Adelaide,General Inquiries | customerservice@charlesworthnuts.com.au,Mark Charlesworth (CEO),"Over 80 years roasting spiced almonds, pecans, and dried glazed fruit hampers; needs interactive gift box customizer.",High
847,Walnuts Australia Riverina,Australia,"Leeton, NSW",https://maps.google.com/?q=Walnuts%20Australia%20Riverina+Leeton%2C%20NSW,Traditional web shop lacking an interactive custom dry fruit and nut gift box builder,Instagram: @walnutsaustrali / Facebook: Walnuts Australia Riverina,General Inquiries | info@walnutsaustralia.com.au,David Armstrong (General Manager),Largest walnut producer in the southern hemisphere shipping in-shell and kernel walnuts; needs modern export portal.,High
848,Pinoli Premium Pine Nuts NZ,New Zealand,"Blenheim, Marlborough",https://maps.google.com/?q=Pinoli%20Premium%20Pine%20Nuts%20NZ+Blenheim%2C%20Marlborough,Traditional web shop lacking an interactive custom dry fruit and nut gift box builder,Instagram: @pinolipremiumpi / Facebook: Pinoli Premium Pine Nuts NZ,General Inquiries | info@pinoli.co.nz,Andy Wiltshire (Director),Marlborough orchard growing Mediterranean stone pine nuts harvested pure; needs luxury culinary e-commerce shop.,High
849,Uncle Joe's Walnuts & Hazelnuts,New Zealand,"Blenheim, Marlborough",https://maps.google.com/?q=Uncle%20Joe's%20Walnuts%20%26%20Hazelnuts+Blenheim%2C%20Marlborough,Traditional web shop lacking an interactive custom dry fruit and nut gift box builder,Instagram: @unclejoeswalnut / Facebook: Uncle Joe's Walnuts & Hazelnuts,General Inquiries | info@unclejoes.co.nz,Joe & Sally Catherwood (Owners),Marlborough artisan grower cold-pressing walnut oils and roasted nut snack packs; needs boutique gift crate shop.,High
850,Cracker of a Nut Canterbury,New Zealand,Christchurch,https://maps.google.com/?q=Cracker%20of%20a%20Nut%20Canterbury+Christchurch,Traditional web shop lacking an interactive custom dry fruit and nut gift box builder,Instagram: @crackerofanutca / Facebook: Cracker of a Nut Canterbury,General Inquiries | info@crackernut.co.nz,Canterbury Nut Growers (Directors),New Zealand South Island cooperative processing local walnuts and chestnuts; needs seasonal harvest ordering portal.,High
851,Nut Brothers Artisan Nut Butters,New Zealand,Auckland,https://maps.google.com/?q=Nut%20Brothers%20Artisan%20Nut%20Butters+Auckland,Traditional web shop lacking an interactive custom dry fruit and nut gift box builder,Instagram: @nutbrothersarti / Facebook: Nut Brothers Artisan Nut Butters,General Inquiries | info@nutbrothers.co.nz,Nut Brothers Team (Founders),"Fresh roasted artisan peanut, almond, and cashew nut butters; needs interactive build-a-box checkout.",High
852,Forty Thieves Nut Butters NZ,New Zealand,"Stanmore Bay, Auckland",https://maps.google.com/?q=Forty%20Thieves%20Nut%20Butters%20NZ+Stanmore%20Bay%2C%20Auckland,Traditional web shop lacking an interactive custom dry fruit and nut gift box builder,Instagram: @fortythievesnut / Facebook: Forty Thieves Nut Butters NZ,General Inquiries | hello@fortythieves.co.nz,Shaye & Brent Godfrey (Co-Founders),Award-winning stoneground nut butters packed with roasted almonds and seeds; needs modern DTC subscription store.,High
853,Pic's Peanut Butter World,New Zealand,Nelson,https://maps.google.com/?q=Pic's%20Peanut%20Butter%20World+Nelson,Traditional web shop lacking an interactive custom dry fruit and nut gift box builder,Instagram: @picspeanutbutte / Facebook: Pic's Peanut Butter World,General Inquiries | feedback@picspeanutbutter.com,Pic Picot (Founder),Famed natural peanut butter freshly roasted in Nelson using Australian hi-oleic peanuts; needs international gift shop.,High
854,Eat Natural Nut & Fruit Bars,UK,"Halstead, Essex",https://maps.google.com/?q=Eat%20Natural%20Nut%20%26%20Fruit%20Bars+Halstead%2C%20Essex,Traditional web shop lacking an interactive custom dry fruit and nut gift box builder,Instagram: @eatnaturalnutfr / Facebook: Eat Natural Nut & Fruit Bars,General Inquiries | mail@eatnatural.com,Preet Grewal (Founder),"Delicious fruit & nut snack bars made with whole roasted almonds, brazil nuts, and sultanas; needs direct brand boutique.",High
855,Bounce Protein Energy Balls,UK,London,https://maps.google.com/?q=Bounce%20Protein%20Energy%20Balls+London,Traditional web shop lacking an interactive custom dry fruit and nut gift box builder,Instagram: @bounceproteinen / Facebook: Bounce Protein Energy Balls,General Inquiries | hello@bouncefoods.com,Mark Chapman (CEO),"Snack company rolling almond protein balls, cashew balls, and seed snacks; needs interactive subscription club portal.",High
856,Graze Healthy Snack Boxes,UK,London,https://maps.google.com/?q=Graze%20Healthy%20Snack%20Boxes+London,Traditional web shop lacking an interactive custom dry fruit and nut gift box builder,Instagram: @grazehealthysna / Facebook: Graze Healthy Snack Boxes,General Inquiries | friends@graze.com,Anthony Fletcher (CEO),Personalized snack subscription delivering portioned dried fruit and seasoned nut mixes; needs corporate gift tin builder.,High
857,Proper Snacks Popcorn & Nuts,UK,London,https://maps.google.com/?q=Proper%20Snacks%20Popcorn%20%26%20Nuts+London,Traditional web shop lacking an interactive custom dry fruit and nut gift box builder,Instagram: @propersnackspop / Facebook: Proper Snacks Popcorn & Nuts,General Inquiries | cass@propersnacks.com,Cassandra Stavrou (Founder),Snack innovator creating seasoned butterfly corn and sweet roasted nut mixes; needs vibrant consumer storefront.,High
858,Chelmer Foods Dried Fruit & Nuts,UK,"Braintree, Essex",https://maps.google.com/?q=Chelmer%20Foods%20Dried%20Fruit%20%26%20Nuts+Braintree%2C%20Essex,Traditional web shop lacking an interactive custom dry fruit and nut gift box builder,Instagram: @chelmerfoodsdri / Facebook: Chelmer Foods Dried Fruit & Nuts,General Inquiries | sales@chelmerfoods.com,Roger Weaving (Director),"Independent importer of dried vine fruits, edible tree nuts, and tropical fruits; needs modern commercial portal.",High
859,"Voicevale Nuts, Seeds & Fruit",UK,London,https://maps.google.com/?q=Voicevale%20Nuts%2C%20Seeds%20%26%20Fruit+London,Traditional web shop lacking an interactive custom dry fruit and nut gift box builder,"Instagram: @voicevalenutsse / Facebook: Voicevale Nuts, Seeds & Fruit",General Inquiries | info@voicevale.com,Robi Danon (Chairman),"Global commodity trading house specializing in cashews, almonds, and dried fruit supply; needs wholesale web shop.",High
860,Cotswold Fayre Fine Food Wholesaler,UK,"Theale, Berkshire",https://maps.google.com/?q=Cotswold%20Fayre%20Fine%20Food%20Wholesaler+Theale%2C%20Berkshire,Traditional web shop lacking an interactive custom dry fruit and nut gift box builder,Instagram: @cotswoldfayrefi / Facebook: Cotswold Fayre Fine Food Wholesaler,General Inquiries | sales@cotswold-fayre.co.uk,Paul Hargreaves (CEO),B-Corp certified specialty food distributor stocking artisan dried fruit and nut brands; needs modern digital catalog.,High
861,Suma Wholefoods Workers Co-op,UK,"Elland, West Yorkshire",https://maps.google.com/?q=Suma%20Wholefoods%20Workers%20Co-op+Elland%2C%20West%20Yorkshire,Traditional web shop lacking an interactive custom dry fruit and nut gift box builder,Instagram: @sumawholefoodsw / Facebook: Suma Wholefoods Workers Co-op,General Inquiries | info@suma.coop,Suma Management (Directors),"Worker cooperative supplying organic dried apricots, raw nuts, and vegan provisions; needs modern member web portal.",High
862,Rainbow Wholefoods Norwich,UK,"Norwich, Norfolk",https://maps.google.com/?q=Rainbow%20Wholefoods%20Norwich+Norwich%2C%20Norfolk,Traditional web shop lacking an interactive custom dry fruit and nut gift box builder,Instagram: @rainbowwholefoo / Facebook: Rainbow Wholefoods Norwich,General Inquiries | info@rainbowwholefoods.co.uk,Richard Austin (Founder),Historic independent wholefoods specialist offering organic nuts and sun-dried fruits; needs modern e-commerce storefront.,High
863,Dry Fruit Basket Gourmet,India,"Mumbai, Maharashtra",https://maps.google.com/?q=Dry%20Fruit%20Basket%20Gourmet+Mumbai%2C%20Maharashtra,Traditional web shop lacking an interactive custom dry fruit and nut gift box builder,Instagram: @dryfruitbasketg / Facebook: Dry Fruit Basket Gourmet,General Inquiries | support@dryfruitbasket.in,Dry Fruit Basket Team (Owners),"Premium online dry fruit hampers, roasted salted nuts, and festive silver boxes; needs corporate bulk order tool.",High
864,Kashmirica Authentic Goods,India,"Srinagar, Kashmir",https://maps.google.com/?q=Kashmirica%20Authentic%20Goods+Srinagar%2C%20Kashmir,Traditional web shop lacking an interactive custom dry fruit and nut gift box builder,Instagram: @kashmiricaauthe / Facebook: Kashmirica Authentic Goods,General Inquiries | care@kashmirica.com,Mir Saeid (Founder),"Authentic Kashmiri snow-white walnut kernels, Mamra almonds, and organic saffron; needs luxury international boutique.",High
865,Organic India Herbal & Food,India,"Lucknow, UP",https://maps.google.com/?q=Organic%20India%20Herbal%20%26%20Food+Lucknow%2C%20UP,Traditional web shop lacking an interactive custom dry fruit and nut gift box builder,Instagram: @organicindiaher / Facebook: Organic India Herbal & Food,General Inquiries | care@organicindia.com,Subrata Dutta (Managing Director),"Global organic company offering certified organic foods, seeds, and herbal infusions; needs modern lifestyle web portal.",High
866,24 Mantra Organic Foods,India,"Hyderabad, Telangana",https://maps.google.com/?q=24%20Mantra%20Organic%20Foods+Hyderabad%2C%20Telangana,Traditional web shop lacking an interactive custom dry fruit and nut gift box builder,Instagram: @24mantraorganic / Facebook: 24 Mantra Organic Foods,General Inquiries | info@24mantra.com,Rajashekar Reddy Seelam (Founder),"Pioneering organic food brand providing certified organic cashews, raisins, and seeds; needs modern grocery e-commerce.",High
867,Pure & Sure Organic Foods,India,"Bengaluru, Karnataka",https://maps.google.com/?q=Pure%20%26%20Sure%20Organic%20Foods+Bengaluru%2C%20Karnataka,Traditional web shop lacking an interactive custom dry fruit and nut gift box builder,Instagram: @puresureorganic / Facebook: Pure & Sure Organic Foods,General Inquiries | support@pureandsure.in,Surya Shastry (Managing Director),"Cultivating organic cashews, raisins, and cold-pressed edible oils direct from farms; needs 1-click checkout store.",High
868,Two Brothers Organic Farms,India,"Bhodani, Maharashtra",https://maps.google.com/?q=Two%20Brothers%20Organic%20Farms+Bhodani%2C%20Maharashtra,Traditional web shop lacking an interactive custom dry fruit and nut gift box builder,Instagram: @twobrothersorga / Facebook: Two Brothers Organic Farms,General Inquiries | care@twobrothersorganicfarms.com,Satyajit & Ajinkya Hange (Co-Founders),Regenerative biodynamic farm creating native dry fruit laddoos and stone-ground nut butters; needs luxury DTC web boutique.,High
869,Kapiva Ayurveda & Nutrition,India,"Bengaluru, Karnataka",https://maps.google.com/?q=Kapiva%20Ayurveda%20%26%20Nutrition+Bengaluru%2C%20Karnataka,Traditional web shop lacking an interactive custom dry fruit and nut gift box builder,Instagram: @kapivaayurvedan / Facebook: Kapiva Ayurveda & Nutrition,General Inquiries | info@kapiva.in,Ameve Sharma (Co-Founder),"Modern ayurvedic nutrition brand featuring daily wellness juices, seeds, and nut snacks; needs subscription order portal.",High
870,Auric Ayurvedic Beverages & Snacks,India,New Delhi,https://maps.google.com/?q=Auric%20Ayurvedic%20Beverages%20%26%20Snacks+New%20Delhi,Traditional web shop lacking an interactive custom dry fruit and nut gift box builder,Instagram: @auricayurvedicb / Facebook: Auric Ayurvedic Beverages & Snacks,General Inquiries | support@theauric.com,Deepak Agarwal (Founder),"Ayurvedic plant-based foods, roasted nut snacks, and coconut water drinks; needs modern interactive storefront.",High
871,Yogabar Healthy Snack Bars,India,"Bengaluru, Karnataka",https://maps.google.com/?q=Yogabar%20Healthy%20Snack%20Bars+Bengaluru%2C%20Karnataka,Traditional web shop lacking an interactive custom dry fruit and nut gift box builder,Instagram: @yogabarhealthys / Facebook: Yogabar Healthy Snack Bars,General Inquiries | info@yogabars.in,Suhasini Sampath (Co-Founder),"Wholesome snack bar brand crafting almond fudge bars, muesli, and peanut butters; needs dynamic flavor bundle builder.",High
872,Beyond Snack Kerala Banana Chips,India,"Kochi, Kerala",https://maps.google.com/?q=Beyond%20Snack%20Kerala%20Banana%20Chips+Kochi%2C%20Kerala,Traditional web shop lacking an interactive custom dry fruit and nut gift box builder,Instagram: @beyondsnackkera / Facebook: Beyond Snack Kerala Banana Chips,General Inquiries | contact@beyondsnack.in,Manas Madhu (Founder),Authentic Kerala banana chips cooked in pure oil with peri-peri and sour cream flavors; needs snack subscription shop.,High
873,Green Snack Co Quinoa & Nuts,India,"Mumbai, Maharashtra",https://maps.google.com/?q=Green%20Snack%20Co%20Quinoa%20%26%20Nuts+Mumbai%2C%20Maharashtra,Traditional web shop lacking an interactive custom dry fruit and nut gift box builder,Instagram: @greensnackcoqui / Facebook: Green Snack Co Quinoa & Nuts,General Inquiries | care@thegreensnackco.com,Jasmine Kaur (Founder),"Superfood snacks roasting quinoa puffs, spiced cashews, and trail seed mixes; needs modern responsive storefront.",High
874,Swa Artisanal Fruit Syrups,India,"Bengaluru, Karnataka",https://maps.google.com/?q=Swa%20Artisanal%20Fruit%20Syrups+Bengaluru%2C%20Karnataka,Traditional web shop lacking an interactive custom dry fruit and nut gift box builder,Instagram: @swaartisanalfru / Facebook: Swa Artisanal Fruit Syrups,General Inquiries | cheers@drinkswa.com,Vaishali Mehta (Founder),"Craft syrups made with real Indian fruits, herbs, and dried spices; needs cocktail tasting box shop.",High
875,Wingreens Farms Dip & Snacks,India,"Gurgaon, Haryana",https://maps.google.com/?q=Wingreens%20Farms%20Dip%20%26%20Snacks+Gurgaon%2C%20Haryana,Traditional web shop lacking an interactive custom dry fruit and nut gift box builder,Instagram: @wingreensfarmsd / Facebook: Wingreens Farms Dip & Snacks,General Inquiries | care@wingreensfarms.com,Anju Srivastava (Founder),"Farm-grown dips, spiced nut trail mixes, and artisanal pita chips; needs modern gourmet grocery shop.",High
876,Akshayakalpa Organic Dairy & Nuts,India,"Tiptur, Karnataka",https://maps.google.com/?q=Akshayakalpa%20Organic%20Dairy%20%26%20Nuts+Tiptur%2C%20Karnataka,Traditional web shop lacking an interactive custom dry fruit and nut gift box builder,Instagram: @akshayakalpaorg / Facebook: Akshayakalpa Organic Dairy & Nuts,General Inquiries | support@akshayakalpa.org,Dr. G. N. S. Reddy (CEO),Farmer-owned organic dairy and artisanal country nut provisions; needs fresh subscription replenishment portal.,High
877,Almond House Sweets & Dry Fruits,India,"Hyderabad, Telangana",https://maps.google.com/?q=Almond%20House%20Sweets%20%26%20Dry%20Fruits+Hyderabad%2C%20Telangana,Traditional web shop lacking an interactive custom dry fruit and nut gift box builder,Instagram: @almondhouseswee / Facebook: Almond House Sweets & Dry Fruits,General Inquiries | care@almondhouse.com,Chaitanya Muppala (CEO),Pioneering Hyderabad sweet boutique known for almond bisticks and dry fruit badam halwa; needs interactive wedding gift customizer.,High
878,Dadu's Sweets & Dry Fruit Gifts,India,"Hyderabad, Telangana",https://maps.google.com/?q=Dadu's%20Sweets%20%26%20Dry%20Fruit%20Gifts+Hyderabad%2C%20Telangana,Traditional web shop lacking an interactive custom dry fruit and nut gift box builder,Instagram: @dadussweetsdryf / Facebook: Dadu's Sweets & Dry Fruit Gifts,General Inquiries | care@dadus.co.in,Rajesh Dadu (Owner),"Royal dry fruit hampers, roasted cashew platters, and anjeer burfi across Telangana; needs luxury corporate gift portal.",High
879,Chaina Ram Sindhi Confectioners,India,"Chandni Chowk, Delhi",https://maps.google.com/?q=Chaina%20Ram%20Sindhi%20Confectioners+Chandni%20Chowk%2C%20Delhi,Traditional web shop lacking an interactive custom dry fruit and nut gift box builder,Instagram: @chainaramsindhi / Facebook: Chaina Ram Sindhi Confectioners,General Inquiries | info@chainaram.in,Hari Gidwani (Partner),Legendary Old Delhi sweet shop famed for Karachi Halwa studded with almonds and pistachios; needs national shipping store.,High
880,Annakoot God's Own Food,India,New Delhi,https://maps.google.com/?q=Annakoot%20God's%20Own%20Food+New%20Delhi,Traditional web shop lacking an interactive custom dry fruit and nut gift box builder,Instagram: @annakootgodsown / Facebook: Annakoot God's Own Food,General Inquiries | info@annakoot.in,Annakoot Team (Directors),Satvik gourmet dining and retail sweet boutique offering royal dry fruit boxes; needs celebratory gifting storefront.,High
881,Lambertz Fine Gingerbread & Nuts,Germany,Aachen,https://maps.google.com/?q=Lambertz%20Fine%20Gingerbread%20%26%20Nuts+Aachen,Traditional web shop lacking an interactive custom dry fruit and nut gift box builder,Instagram: @lambertzfinegin / Facebook: Lambertz Fine Gingerbread & Nuts,General Inquiries | info@lambertz.de,Dr. Hermann Bühlbecker (Owner),Historic confectionery brand crafting Florentine cookies with roasted sliced almonds; needs holiday corporate gift builder.,High
882,Lebkuchen-Schmidt Nuremberg,Germany,Nuremberg,https://maps.google.com/?q=Lebkuchen-Schmidt%20Nuremberg+Nuremberg,Traditional web shop lacking an interactive custom dry fruit and nut gift box builder,Instagram: @lebkuchenschmid / Facebook: Lebkuchen-Schmidt Nuremberg,General Inquiries | info@lebkuchen-schmidt.com,Gerd Schmelzer (CEO),"Famed Nuremberg Lebkuchen packed with roasted hazelnuts, almonds, and candied citrus peel; needs international gift tin shop.",High
883,Wicklein Lebkuchen Nuremberg,Germany,Nuremberg,https://maps.google.com/?q=Wicklein%20Lebkuchen%20Nuremberg+Nuremberg,Traditional web shop lacking an interactive custom dry fruit and nut gift box builder,Instagram: @wickleinlebkuch / Facebook: Wicklein Lebkuchen Nuremberg,General Inquiries | info@wicklein.de,Wicklein Team (Directors),Traditional gingerbread and almond marzipan confectioner shipping worldwide; needs interactive holiday gift store.,High
884,Loacker Wafer & Nut Confections,Italy,"Auna di Sotto, South Tyrol",https://maps.google.com/?q=Loacker%20Wafer%20%26%20Nut%20Confections+Auna%20di%20Sotto%2C%20South%20Tyrol,Traditional web shop lacking an interactive custom dry fruit and nut gift box builder,Instagram: @loackerwafernut / Facebook: Loacker Wafer & Nut Confections,General Inquiries | info@loacker.com,Andreas Loacker (Vice Chairman),Renowned alpine bakery crafting chocolate wafers with 100% roasted Italian hazelnuts; needs interactive variety pack store.,High
885,Tre Marie Panettoni & Dolci,Italy,Milan,https://maps.google.com/?q=Tre%20Marie%20Panettoni%20%26%20Dolci+Milan,Traditional web shop lacking an interactive custom dry fruit and nut gift box builder,Instagram: @tremariepanetto / Facebook: Tre Marie Panettoni & Dolci,General Inquiries | info@tremarie.it,Tre Marie Team (Directors),Milanese confectionery tradition baking panettoni studded with sultana raisins and candied orange peel; needs holiday salon.,High
886,Galbusera Health & Nut Biscuits,Italy,"Cosio Valtellino, SO",https://maps.google.com/?q=Galbusera%20Health%20%26%20Nut%20Biscuits+Cosio%20Valtellino%2C%20SO,Traditional web shop lacking an interactive custom dry fruit and nut gift box builder,Instagram: @galbuserahealth / Facebook: Galbusera Health & Nut Biscuits,General Inquiries | servizioclienti@galbusera.it,Galbusera Family (Directors),Italian bakery crafting whole grain breakfast biscuits with roasted hazelnuts and almonds; needs modern responsive storefront.,High
887,Biscotti Gentilini Historic Rome,Italy,Rome,https://maps.google.com/?q=Biscotti%20Gentilini%20Historic%20Rome+Rome,Traditional web shop lacking an interactive custom dry fruit and nut gift box builder,Instagram: @biscottigentili / Facebook: Biscotti Gentilini Historic Rome,General Inquiries | info@biscottigentilini.it,Paolo Gentilini (President),"Historic Roman bakery baking Osvego biscuits, almond cantucci, and panettone; needs online Italian specialty boutique.",High
888,Amaretti Virginia Artisan Dolci,Italy,"Sassello, SV",https://maps.google.com/?q=Amaretti%20Virginia%20Artisan%20Dolci+Sassello%2C%20SV,Traditional web shop lacking an interactive custom dry fruit and nut gift box builder,Instagram: @amarettivirgini / Facebook: Amaretti Virginia Artisan Dolci,General Inquiries | info@amarettivirginia.com,Virginia Team (Directors),Artisan bakery celebrated for soft almond amaretti and hazelnut baci di Sassello; needs vintage gift tin customizer.,High
889,Marabissi Tuscan Fine Biscuits,Italy,"Chianciano Terme, Siena",https://maps.google.com/?q=Marabissi%20Tuscan%20Fine%20Biscuits+Chianciano%20Terme%2C%20Siena,Traditional web shop lacking an interactive custom dry fruit and nut gift box builder,Instagram: @marabissituscan / Facebook: Marabissi Tuscan Fine Biscuits,General Inquiries | info@marabissi.it,Massimiliano Marabissi (Owner),"Tuscan pastry kitchen baking almond cantucci, ricciarelli, and panforte di Siena; needs luxury gourmet web shop.",High
890,Gran Deposito Giuseppe Giusti,Italy,Modena,https://maps.google.com/?q=Gran%20Deposito%20Giuseppe%20Giusti+Modena,Traditional web shop lacking an interactive custom dry fruit and nut gift box builder,Instagram: @grandepositogiu / Facebook: Gran Deposito Giuseppe Giusti,General Inquiries | info@giusti.it,Claudio Stefani Giusti (CEO),Oldest balsamic vinegar producer in the world pairing aged vinegars with dried figs and nuts; needs VIP tasting kit boutique.,High
891,Acetaia Leonardi Balsamic Reserve,Italy,"Magreta di Formigine, Modena",https://maps.google.com/?q=Acetaia%20Leonardi%20Balsamic%20Reserve+Magreta%20di%20Formigine%2C%20Modena,Traditional web shop lacking an interactive custom dry fruit and nut gift box builder,Instagram: @acetaialeonardi / Facebook: Acetaia Leonardi Balsamic Reserve,General Inquiries | info@acetaialeonardi.it,Giovanni Leonardi (Owner),"Historic estate bottling balsamic glazes paired with dried dates, walnuts, and Parmigiano; needs bespoke luxury salon.",High
892,Karaköy Güllüoğlu Baklava,Turkey,Istanbul,https://maps.google.com/?q=Karak%C3%B6y%20G%C3%BCll%C3%BCo%C4%9Flu%20Baklava+Istanbul,Traditional web shop lacking an interactive custom dry fruit and nut gift box builder,Instagram: @karakygllolubak / Facebook: Karaköy Güllüoğlu Baklava,General Inquiries | info@karakoygulluoglu.com,Nadir Güllü (Master Baker),World's most renowned Gaziantep pistachio baklava master; needs international express delivery ordering portal.,High
893,Makbul Kuruyemiş Fresh Roastery,Turkey,Istanbul,https://maps.google.com/?q=Makbul%20Kuruyemi%C5%9F%20Fresh%20Roastery+Istanbul,Traditional web shop lacking an interactive custom dry fruit and nut gift box builder,Instagram: @makbulkuruyemif / Facebook: Makbul Kuruyemiş Fresh Roastery,General Inquiries | info@makbul.com,Makbul Team (Directors),"Over 200 stores across Turkey roasting hazelnuts, pumpkin seeds, and dried mulberries; needs online click-and-deliver portal.",High
894,Patchi Luxury Chocolate Gifting,Lebanon,Beirut,https://maps.google.com/?q=Patchi%20Luxury%20Chocolate%20Gifting+Beirut,Traditional web shop lacking an interactive custom dry fruit and nut gift box builder,Instagram: @patchiluxurycho / Facebook: Patchi Luxury Chocolate Gifting,General Inquiries | support@patchi.com,Nizar Choucair (Founder),Pioneering luxury chocolate gifting atelier decorating chocolates with roasted pistachios & pecans; needs interactive bespoke box builder.,High
895,Al Baba Sweets Confectionery,Lebanon,Saida,https://maps.google.com/?q=Al%20Baba%20Sweets%20Confectionery+Saida,Traditional web shop lacking an interactive custom dry fruit and nut gift box builder,Instagram: @albabasweetscon / Facebook: Al Baba Sweets Confectionery,General Inquiries | info@albaba-sweets.com,Al Baba Family (Owners),"Traditional Lebanese sweets craft house famous for cashew baklava, maamoul with dates, and barazek; needs online international shop.",High
896,Hallab 1881 Kasr El Helwo,Lebanon,Tripoli,https://maps.google.com/?q=Hallab%201881%20Kasr%20El%20Helwo+Tripoli,Traditional web shop lacking an interactive custom dry fruit and nut gift box builder,Instagram: @hallab1881kasre / Facebook: Hallab 1881 Kasr El Helwo,General Inquiries | info@hallab.com.lb,Rafic Hallab (CEO),Centuries-old palace of Lebanese oriental pastry crafting pine nut and pistachio specialties; needs corporate gift tin portal.,High
897,Amal Bohsali Fine Oriental Sweets,Lebanon,Beirut,https://maps.google.com/?q=Amal%20Bohsali%20Fine%20Oriental%20Sweets+Beirut,Traditional web shop lacking an interactive custom dry fruit and nut gift box builder,Instagram: @amalbohsalifine / Facebook: Amal Bohsali Fine Oriental Sweets,General Inquiries | info@amalbohsali.com,Amal Bohsali (Founder),"Artisan pastry shop in Beirut baking knafeh, pistachio baklava, and date maamoul; needs overseas shipping storefront.",High
898,Douaihy Sweets Pastry Crafts,Lebanon,Beirut,https://maps.google.com/?q=Douaihy%20Sweets%20Pastry%20Crafts+Beirut,Traditional web shop lacking an interactive custom dry fruit and nut gift box builder,Instagram: @douaihysweetspa / Facebook: Douaihy Sweets Pastry Crafts,General Inquiries | info@douaihy.com,Douaihy Family (Owners),Gourmet Lebanese confectioner packaging roasted nut platters and festive sweet boxes; needs digital festive gift builder.,High
899,Zalatimo Sweets Royal Pastries,Jordan,Amman,https://maps.google.com/?q=Zalatimo%20Sweets%20Royal%20Pastries+Amman,Traditional web shop lacking an interactive custom dry fruit and nut gift box builder,Instagram: @zalatimosweetsr / Facebook: Zalatimo Sweets Royal Pastries,General Inquiries | customercare@zalatimosweets.com,Zalatimo Family (Directors),"Jordan's royal sweet maker baking pistachio maamoul, cashew barazek, and baklava; needs interactive luxury gift crate shop.",High
900,Habibah Sweets Traditional Knafeh,Jordan,Amman,https://maps.google.com/?q=Habibah%20Sweets%20Traditional%20Knafeh+Amman,Traditional web shop lacking an interactive custom dry fruit and nut gift box builder,Instagram: @habibahsweetstr / Facebook: Habibah Sweets Traditional Knafeh,General Inquiries | info@habibahsweets.com,Habibah Family (Owners),Historic Amman sweets shop renowned for Nabulsi knafeh topped with chopped roasted pistachios; needs online celebratory gift portal.,High
901,Saadeddin Pastry & Dates,Saudi Arabia,Riyadh,https://maps.google.com/?q=Saadeddin%20Pastry%20%26%20Dates+Riyadh,Traditional web shop lacking an interactive custom dry fruit and nut gift box builder,Instagram: @saadeddinpastry / Facebook: Saadeddin Pastry & Dates,General Inquiries | info@saadeddin.com,Ali Saadeddin (Chairman),"Leading confectionery brand in Saudi Arabia crafting date truffles, roasted nut sweets, and cakes; needs nationwide delivery portal.",High
902,Anoosh Gourmet Cookies & Chocolates,Saudi Arabia,Riyadh,https://maps.google.com/?q=Anoosh%20Gourmet%20Cookies%20%26%20Chocolates+Riyadh,Traditional web shop lacking an interactive custom dry fruit and nut gift box builder,Instagram: @anooshgourmetco / Facebook: Anoosh Gourmet Cookies & Chocolates,General Inquiries | care@anoosh.sa,Anoosh Team (Directors),Saudi artisan confectionery crafting freshly baked cookies with toasted pecans and date chocolates; needs interactive gift box builder.,High
903,Barakat Fresh Fruits & Juices,UAE,Dubai,https://maps.google.com/?q=Barakat%20Fresh%20Fruits%20%26%20Juices+Dubai,Traditional web shop lacking an interactive custom dry fruit and nut gift box builder,Instagram: @barakatfreshfru / Facebook: Barakat Fresh Fruits & Juices,General Inquiries | info@barakatfresh.ae,Kenneth D'Costa (Managing Director),Fresh produce and dried exotic fruit distributor across the UAE; needs modern direct-to-home ordering web app.,High
904,Kibsons International Fresh Foods,UAE,Dubai,https://maps.google.com/?q=Kibsons%20International%20Fresh%20Foods+Dubai,Traditional web shop lacking an interactive custom dry fruit and nut gift box builder,Instagram: @kibsonsinternat / Facebook: Kibsons International Fresh Foods,General Inquiries | info@kibsons.com,Halima Jumani (Director),"UAE online grocery leader providing organic raw nuts, dried apricots, and medjool dates; needs responsive mobile storefront.",High
905,Organic Foods & Café Dubai,UAE,Dubai,https://maps.google.com/?q=Organic%20Foods%20%26%20Caf%C3%A9%20Dubai+Dubai,Traditional web shop lacking an interactive custom dry fruit and nut gift box builder,Instagram: @organicfoodscaf / Facebook: Organic Foods & Café Dubai,General Inquiries | info@organicfoodsandcafe.com,Nils El Accad (Founder),"Organic supermarket and café chain stocking certified organic nuts, dried fruits, and whole seeds; needs omnichannel grocery portal.",High
906,See's Candies Famous Old Time,USA,"South San Francisco, CA",https://maps.google.com/?q=See's%20Candies%20Famous%20Old%20Time+South%20San%20Francisco%2C%20CA,Traditional web shop lacking an interactive custom dry fruit and nut gift box builder,Instagram: @seescandiesfamo / Facebook: See's Candies Famous Old Time,General Inquiries | custserv@sees.com,Pat Egan (President & CEO),"Historic California confectioner crafting peanut brittle, chocolate walnut fudge, and almond squares; needs VIP corporate holiday gift tin tool.",High
907,Ghirardelli Chocolate Company,USA,"San Leandro, CA",https://maps.google.com/?q=Ghirardelli%20Chocolate%20Company+San%20Leandro%2C%20CA,Traditional web shop lacking an interactive custom dry fruit and nut gift box builder,Instagram: @ghirardellichoc / Facebook: Ghirardelli Chocolate Company,General Inquiries | custserv@ghirardelli.com,Joel Burrows (President & CEO),Heritage San Francisco chocolatier crafting dark chocolate almond bars and sea salt cashew squares; needs interactive gift basket configurator.,High
908,Guittard Chocolate Company,USA,"Burlingame, CA",https://maps.google.com/?q=Guittard%20Chocolate%20Company+Burlingame%2C%20CA,Traditional web shop lacking an interactive custom dry fruit and nut gift box builder,Instagram: @guittardchocola / Facebook: Guittard Chocolate Company,General Inquiries | support@guittard.com,Gary Guittard (President),Fifth-generation craft chocolate maker supplying roasted cocoa nibs and artisan baking wafers; needs direct culinary artisan boutique.,High
909,Scharffen Berger Chocolate Maker,USA,"Ashland, OR",https://maps.google.com/?q=Scharffen%20Berger%20Chocolate%20Maker+Ashland%2C%20OR,Traditional web shop lacking an interactive custom dry fruit and nut gift box builder,Instagram: @scharffenberger / Facebook: Scharffen Berger Chocolate Maker,General Inquiries | contact@scharffenberger.com,Paul Shapiro (CEO),America's original bean-to-bar craft chocolate maker blending roasted almonds and cacao; needs bespoke tasting flight subscription.,High
910,Lake Champlain Chocolates,USA,"Burlington, VT",https://maps.google.com/?q=Lake%20Champlain%20Chocolates+Burlington%2C%20VT,Traditional web shop lacking an interactive custom dry fruit and nut gift box builder,Instagram: @lakechamplainch / Facebook: Lake Champlain Chocolates,General Inquiries | info@lakechamplainchocolates.com,Eric Lampman (President),"Vermont B-Corp crafting dark chocolate almond bark, roasted hazelnut pralines, and gift tins; needs holiday gift box customizer.",High
911,Fran's Chocolates Seattle,USA,"Seattle, WA",https://maps.google.com/?q=Fran's%20Chocolates%20Seattle+Seattle%2C%20WA,Traditional web shop lacking an interactive custom dry fruit and nut gift box builder,Instagram: @franschocolates / Facebook: Fran's Chocolates Seattle,General Inquiries | service@frans.com,Fran Bigelow (Founder),Pioneering Pacific Northwest chocolatier famed for smoked sea salt caramels and chocolate macadamias; needs luxury gift crate shop.,High
912,Enstrom Candies Colorado,USA,"Grand Junction, CO",https://maps.google.com/?q=Enstrom%20Candies%20Colorado+Grand%20Junction%2C%20CO,Traditional web shop lacking an interactive custom dry fruit and nut gift box builder,Instagram: @enstromcandiesc / Facebook: Enstrom Candies Colorado,General Inquiries | info@enstrom.com,Doug Enstrom (President),Legendary World-Famous almond toffee made with fresh roasted California almonds and pure butter; needs corporate gift tin portal.,High
913,Ethel M Chocolates Henderson,USA,"Henderson, NV",https://maps.google.com/?q=Ethel%20M%20Chocolates%20Henderson+Henderson%2C%20NV,Traditional web shop lacking an interactive custom dry fruit and nut gift box builder,Instagram: @ethelmchocolate / Facebook: Ethel M Chocolates Henderson,General Inquiries | customerservice@ethelm.com,Mark Jacobs (General Manager),"Gourmet desert chocolatier crafting pecan brittle, satin cremes, and roasted nut collections; needs interactive gift tin creator.",High
914,Jacques Torres Chocolate NYC,USA,"New York, NY",https://maps.google.com/?q=Jacques%20Torres%20Chocolate%20NYC+New%20York%2C%20NY,Traditional web shop lacking an interactive custom dry fruit and nut gift box builder,Instagram: @jacquestorresch / Facebook: Jacques Torres Chocolate NYC,General Inquiries | support@mrchocolate.com,Jacques Torres (Master Pastry Chef),World-renowned French pastry chef crafting giant chocolate chip walnut cookies and roasted almond bark; needs online bakery boutique.,High
915,Li-Lac Chocolates Greenwich Village,USA,"New York, NY",https://maps.google.com/?q=Li-Lac%20Chocolates%20Greenwich%20Village+New%20York%2C%20NY,Traditional web shop lacking an interactive custom dry fruit and nut gift box builder,Instagram: @lilacchocolates / Facebook: Li-Lac Chocolates Greenwich Village,General Inquiries | info@li-lacchocolates.com,Anthony Cirone (President),"Manhattan's oldest chocolate house handcrafting almond bark, cashew patties, and hazelnut truffles; needs corporate gift customizer.",High
916,Dandelion Chocolate San Francisco,USA,"San Francisco, CA",https://maps.google.com/?q=Dandelion%20Chocolate%20San%20Francisco+San%20Francisco%2C%20CA,Traditional web shop lacking an interactive custom dry fruit and nut gift box builder,Instagram: @dandelionchocol / Facebook: Dandelion Chocolate San Francisco,General Inquiries | orders@dandelionchocolate.com,Todd Masonis (Co-Founder),Mission District single-origin bean-to-bar chocolate maker pairing single origin cacao with roasted hazelnuts; needs VIP tasting portal.,High
917,Askinosie Chocolate Missouri,USA,"Springfield, MO",https://maps.google.com/?q=Askinosie%20Chocolate%20Missouri+Springfield%2C%20MO,Traditional web shop lacking an interactive custom dry fruit and nut gift box builder,Instagram: @askinosiechocol / Facebook: Askinosie Chocolate Missouri,General Inquiries | info@askinosie.com,Shawn Askinosie (Founder),Direct trade craft chocolate factory crafting roasted peanut butter and dark chocolate bars; needs direct-to-consumer store.,High
918,Chocolove Gourmet Chocolate,USA,"Boulder, CO",https://maps.google.com/?q=Chocolove%20Gourmet%20Chocolate+Boulder%2C%20CO,Traditional web shop lacking an interactive custom dry fruit and nut gift box builder,Instagram: @chocolovegourme / Facebook: Chocolove Gourmet Chocolate,General Inquiries | customerservice@chocolove.com,Timothy Moley (Founder),"Belgian-style chocolate with love poems inside wrapper, featuring almonds & sea salt in dark chocolate; needs direct gift box shop.",High
919,Seattle Chocolate Company,USA,"Seattle, WA",https://maps.google.com/?q=Seattle%20Chocolate%20Company+Seattle%2C%20WA,Traditional web shop lacking an interactive custom dry fruit and nut gift box builder,Instagram: @seattlechocolat / Facebook: Seattle Chocolate Company,General Inquiries | support@seattlechocolate.com,Jean Thompson (CEO),Woman-owned confectionery company crafting Rainier cherry truffles and salted almond dark chocolate; needs corporate gifting portal.,High
920,Fannie May Confections Chicago,USA,"Chicago, IL",https://maps.google.com/?q=Fannie%20May%20Confections%20Chicago+Chicago%2C%20IL,Traditional web shop lacking an interactive custom dry fruit and nut gift box builder,Instagram: @fanniemayconfec / Facebook: Fannie May Confections Chicago,General Inquiries | customerservice@fanniemay.com,Rick Fossali (General Manager),Over a century of American confections famous for Pixies caramel pecans and Trinidad roasted coconut; needs online holiday shop.,High
921,Wolferman's Bakery Gifting,USA,"Medford, OR",https://maps.google.com/?q=Wolferman's%20Bakery%20Gifting+Medford%2C%20OR,Traditional web shop lacking an interactive custom dry fruit and nut gift box builder,Instagram: @wolfermansbaker / Facebook: Wolferman's Bakery Gifting,General Inquiries | custserv@wolfermans.com,Wolferman Management (Directors),"Famed for super-thick English muffins, cinnamon walnut cakes, and gourmet breakfast gift baskets; needs corporate order builder.",High
922,Cheryl's Cookies Gourmet Gifts,USA,"Westerville, OH",https://maps.google.com/?q=Cheryl's%20Cookies%20Gourmet%20Gifts+Westerville%2C%20OH,Traditional web shop lacking an interactive custom dry fruit and nut gift box builder,Instagram: @cherylscookiesg / Facebook: Cheryl's Cookies Gourmet Gifts,General Inquiries | cheryls@cheryls.com,Cheryl Krueger (Founder),"Famous buttercream frosted cookies, walnut fudge brownies, and holiday confection towers; needs interactive cookie crate builder.",High
923,Garrett Popcorn Shops Chicago,USA,"Chicago, IL",https://maps.google.com/?q=Garrett%20Popcorn%20Shops%20Chicago+Chicago%2C%20IL,Traditional web shop lacking an interactive custom dry fruit and nut gift box builder,Instagram: @garrettpopcorns / Facebook: Garrett Popcorn Shops Chicago,General Inquiries | help@garrettpopcorn.com,Megan Chody (Director),"Iconic Chicago gourmet popcorn handcrafting CaramelCrisp with roasted cashews, pecans, and macadamias; needs festive tin customizer.",High
924,Parker's Peanuts Farm Fresh,USA,"Courtland, VA",https://maps.google.com/?q=Parker's%20Peanuts%20Farm%20Fresh+Courtland%2C%20VA,Traditional web shop lacking an interactive custom dry fruit and nut gift box builder,Instagram: @parkerspeanutsf / Facebook: Parker's Peanuts Farm Fresh,General Inquiries | info@parkerspeanuts.com,Fred Parker (Owner),Homegrown Virginia peanuts slow-roasted in pure peanut oil; needs direct-to-consumer farm web boutique.,High
925,Belmont Peanuts of Virginia,USA,"Capron, VA",https://maps.google.com/?q=Belmont%20Peanuts%20of%20Virginia+Capron%2C%20VA,Traditional web shop lacking an interactive custom dry fruit and nut gift box builder,Instagram: @belmontpeanutso / Facebook: Belmont Peanuts of Virginia,General Inquiries | info@belmontpeanuts.com,Patsy Marks (Owner),"Family-owned Virginia peanut roasters offering wasabi peanuts, spicy sriracha, and chocolate nuts; needs snack pack subscription.",High
926,Hope & Harmony Farms Virginia,USA,"Drewryville, VA",https://maps.google.com/?q=Hope%20%26%20Harmony%20Farms%20Virginia+Drewryville%2C%20VA,Traditional web shop lacking an interactive custom dry fruit and nut gift box builder,Instagram: @hopeharmonyfarm / Facebook: Hope & Harmony Farms Virginia,General Inquiries | info@hnhfarms.com,Stephanie Pope (Co-Owner),Fourth-generation peanut farmers producing gourmet salted peanuts and chili lime nut snacks; needs farm gift box creator.,High
927,Wakefield Peanut Company,USA,"Wakefield, VA",https://maps.google.com/?q=Wakefield%20Peanut%20Company+Wakefield%2C%20VA,Traditional web shop lacking an interactive custom dry fruit and nut gift box builder,Instagram: @wakefieldpeanut / Facebook: Wakefield Peanut Company,General Inquiries | info@wakefieldpeanutco.com,Wakefield Family (Owners),Raw and roasted Virginia in-shell peanuts and all-natural nut treats; needs modern wholesale and retail portal.,High
928,Jelly Belly Specialty Confections,USA,"Fairfield, CA",https://maps.google.com/?q=Jelly%20Belly%20Specialty%20Confections+Fairfield%2C%20CA,Traditional web shop lacking an interactive custom dry fruit and nut gift box builder,Instagram: @jellybellyspeci / Facebook: Jelly Belly Specialty Confections,General Inquiries | sweet@jellybelly.com,Lisa Rowland Brasher (CEO),Historic American confectionery company manufacturing gourmet jelly beans and chocolate covered fruits; needs direct gifting shop.,High
929,Hammond's Candies Denver,USA,"Denver, CO",https://maps.google.com/?q=Hammond's%20Candies%20Denver+Denver%2C%20CO,Traditional web shop lacking an interactive custom dry fruit and nut gift box builder,Instagram: @hammondscandies / Facebook: Hammond's Candies Denver,General Inquiries | info@hammondscandies.com,Andrew Schuman (President & CEO),"Centuries-old handmade ribbon candy, peanut brittle, and giant chocolate bars with roasted nuts; needs corporate gift tin tool.",High
930,McCrea's Candies Handcrafted,USA,"Boston, MA",https://maps.google.com/?q=McCrea's%20Candies%20Handcrafted+Boston%2C%20MA,Traditional web shop lacking an interactive custom dry fruit and nut gift box builder,Instagram: @mccreascandiesh / Facebook: McCrea's Candies Handcrafted,General Inquiries | info@mccreascandies.com,Jason McCrea (Founder),"Award-winning artisanal caramels infused with black lava sea salt, single malt scotch, and roasted nuts; needs luxury gift box builder.",High
931,Bequet Confections Artisanal,USA,"Bozeman, MT",https://maps.google.com/?q=Bequet%20Confections%20Artisanal+Bozeman%2C%20MT,Traditional web shop lacking an interactive custom dry fruit and nut gift box builder,Instagram: @bequetconfectio / Facebook: Bequet Confections Artisanal,General Inquiries | info@bequetconfections.com,Robin Bequet (Founder),Montana gourmet caramel company making soft Celtic sea salt and roasted almond caramels; needs interactive holiday gift tin tool.,High
932,Shotwell Candy Artisan Caramels,USA,"Memphis, TN",https://maps.google.com/?q=Shotwell%20Candy%20Artisan%20Caramels+Memphis%2C%20TN,Traditional web shop lacking an interactive custom dry fruit and nut gift box builder,Instagram: @shotwellcandyar / Facebook: Shotwell Candy Artisan Caramels,General Inquiries | info@shotwellcandy.com,Jerrod Smith (Founder),Small-batch craft caramels made with roasted Georgia pecans and dark chocolate espresso; needs modern boutique storefront.,High
933,Di Bruno Bros Gourmet Pioneers,USA,"Philadelphia, PA",https://maps.google.com/?q=Di%20Bruno%20Bros%20Gourmet%20Pioneers+Philadelphia%2C%20PA,Traditional web shop lacking an interactive custom dry fruit and nut gift box builder,Instagram: @dibrunobrosgour / Facebook: Di Bruno Bros Gourmet Pioneers,General Inquiries | custserv@dibruno.com,Bill Mignucci Jr. (President),"Historic Philadelphia culinary pioneer curating spiced roasted almonds, stuffed dates, and Italian antipasti; needs corporate gift builder.",High
934,Market Hall Foods Berkeley,USA,"Oakland, CA",https://maps.google.com/?q=Market%20Hall%20Foods%20Berkeley+Oakland%2C%20CA,Traditional web shop lacking an interactive custom dry fruit and nut gift box builder,Instagram: @markethallfoods / Facebook: Market Hall Foods Berkeley,General Inquiries | info@markethallfoods.com,Sara Wilson (Co-Founder),"San Francisco Bay Area specialty food purveyor offering single-estate dried fruits, roasted nuts, and pantry goods; needs online shop.",High
935,Zabar's Upper West Side New York,USA,"New York, NY",https://maps.google.com/?q=Zabar's%20Upper%20West%20Side%20New%20York+New%20York%2C%20NY,Traditional web shop lacking an interactive custom dry fruit and nut gift box builder,Instagram: @zabarsupperwest / Facebook: Zabar's Upper West Side New York,General Inquiries | info@zabars.com,Saul Zabar (President),"Iconic NYC gourmet emporium famed for roasted nuts, dried fruit gift baskets, and hand-sliced smoked salmon; needs corporate gift portal.",High
936,Citarella The Ultimate Gourmet Market,USA,"New York, NY",https://maps.google.com/?q=Citarella%20The%20Ultimate%20Gourmet%20Market+New%20York%2C%20NY,Traditional web shop lacking an interactive custom dry fruit and nut gift box builder,Instagram: @citarellatheult / Facebook: Citarella The Ultimate Gourmet Market,General Inquiries | customercare@citarella.com,Joe Gurrera (Owner),"NYC fine food landmark offering imported dried Mediterranean fruits, roasted nuts, and chef-prepared foods; needs luxury gift shop.",High
937,Dorothy Lane Market Gourmet,USA,"Dayton, OH",https://maps.google.com/?q=Dorothy%20Lane%20Market%20Gourmet+Dayton%2C%20OH,Traditional web shop lacking an interactive custom dry fruit and nut gift box builder,Instagram: @dorothylanemark / Facebook: Dorothy Lane Market Gourmet,General Inquiries | customerservice@dorothylane.com,Norman Mayne (CEO),Specialty food supermarket renowned for Killer Brownies with roasted pecans and artisan fruit pies; needs nationwide shipping portal.,High
938,Jungle Jim's International Market,USA,"Fairfield, OH",https://maps.google.com/?q=Jungle%20Jim's%20International%20Market+Fairfield%2C%20OH,Traditional web shop lacking an interactive custom dry fruit and nut gift box builder,Instagram: @junglejimsinter / Facebook: Jungle Jim's International Market,General Inquiries | contact@junglejims.com,Jim Bonaminio (Founder),"Megastore featuring dry fruits, nuts, and exotic foods from over 70 countries; needs international specialty web portal.",High
939,Stew Leonard's Farm Fresh Foods,USA,"Norwalk, CT",https://maps.google.com/?q=Stew%20Leonard's%20Farm%20Fresh%20Foods+Norwalk%2C%20CT,Traditional web shop lacking an interactive custom dry fruit and nut gift box builder,Instagram: @stewleonardsfar / Facebook: Stew Leonard's Farm Fresh Foods,General Inquiries | customerservice@stewleonards.com,Stew Leonard Jr. (CEO),"The world's largest dairy store offering fresh-roasted holiday nuts, dried cranberries, and fruit gift baskets; needs online gift shop.",High
940,Charbonnel et Walker Bond Street,UK,London,https://maps.google.com/?q=Charbonnel%20et%20Walker%20Bond%20Street+London,Traditional web shop lacking an interactive custom dry fruit and nut gift box builder,Instagram: @charbonneletwal / Facebook: Charbonnel et Walker Bond Street,General Inquiries | customerservices@charbonnel.co.uk,Peter Thierfeldt (Managing Director),Royal Warrant chocolate house crafting Marc de Champagne truffles and roasted hazelnut praline crowns; needs interactive luxury box builder.,High
941,Montezuma's British Chocolates,UK,"Chichester, West Sussex",https://maps.google.com/?q=Montezuma's%20British%20Chocolates+Chichester%2C%20West%20Sussex,Traditional web shop lacking an interactive custom dry fruit and nut gift box builder,Instagram: @montezumasbriti / Facebook: Montezuma's British Chocolates,General Inquiries | happy@montezumas.co.uk,Helen Pattinson (Co-Founder),Eco-ethical British chocolate company crafting peanut butter bites and dark chocolate almond bars; needs dynamic gift box customizer.,High
942,Divine Chocolate Fairtrade,UK,London,https://maps.google.com/?q=Divine%20Chocolate%20Fairtrade+London,Traditional web shop lacking an interactive custom dry fruit and nut gift box builder,Instagram: @divinechocolate / Facebook: Divine Chocolate Fairtrade,General Inquiries | info@divinechocolate.com,Troy Pearley (Director),"Co-owned by Ghanaian cocoa farmers, crafting dark chocolate with roasted almonds and toffee sea salt; needs ethical gifting storefront.",High
943,Cartwright & Butler Yorkshire,UK,"Beverley, Yorkshire",https://maps.google.com/?q=Cartwright%20%26%20Butler%20Yorkshire+Beverley%2C%20Yorkshire,Traditional web shop lacking an interactive custom dry fruit and nut gift box builder,Instagram: @cartwrightbutle / Facebook: Cartwright & Butler Yorkshire,General Inquiries | sales@cartwrightandbutler.co.uk,Terry Arnett (Director),"Yorkshire luxury food purveyor packing butter shortbread, spiced almonds, and dried fruit preserves in embossed tins; needs holiday hamper builder.",High
944,Biscuiteers Iced Biscuits London,UK,London,https://maps.google.com/?q=Biscuiteers%20Iced%20Biscuits%20London+London,Traditional web shop lacking an interactive custom dry fruit and nut gift box builder,Instagram: @biscuiteersiced / Facebook: Biscuiteers Iced Biscuits London,General Inquiries | service@biscuiteers.com,Harriet Hastings (Founder),Famous London hand-iced biscuit company curating luxury tea hampers with roasted nuts and sweet fruit preserves; needs bespoke gift crate tool.,High
945,Bettys & Taylors of Harrogate,UK,"Harrogate, Yorkshire",https://maps.google.com/?q=Bettys%20%26%20Taylors%20of%20Harrogate+Harrogate%2C%20Yorkshire,Traditional web shop lacking an interactive custom dry fruit and nut gift box builder,Instagram: @bettystaylorsof / Facebook: Bettys & Taylors of Harrogate,General Inquiries | customer.service@bettys.co.uk,Jonathan Wild (Director),"Historic Yorkshire tea room institution shipping handmade Florentines, walnut cakes, and chocolate dried fruit boxes; needs seasonal gifting portal.",High
946,Booths The Good Grocers,UK,"Preston, Lancashire",https://maps.google.com/?q=Booths%20The%20Good%20Grocers+Preston%2C%20Lancashire,Traditional web shop lacking an interactive custom dry fruit and nut gift box builder,Instagram: @boothsthegoodgr / Facebook: Booths The Good Grocers,General Inquiries | boothscard@booths.co.uk,Edwin Booth (Executive Chairman),"High-end Northern England supermarket chain curating artisan dried fruits, local nut cakes, and festive food hampers; needs online delivery app.",High
947,Planet Organic London Stores,UK,London,https://maps.google.com/?q=Planet%20Organic%20London%20Stores+London,Traditional web shop lacking an interactive custom dry fruit and nut gift box builder,Instagram: @planetorganiclo / Facebook: Planet Organic London Stores,General Inquiries | talkto@planetorganic.com,Renée Elliott (Founder),"UK's first certified organic supermarket offering raw nuts, bulk seeds, dried superfruits, and nut butters; needs modern mobile shopping app.",High
948,Bayley & Sage Artisan Grocers,UK,"Wimbledon, London",https://maps.google.com/?q=Bayley%20%26%20Sage%20Artisan%20Grocers+Wimbledon%2C%20London,Traditional web shop lacking an interactive custom dry fruit and nut gift box builder,Instagram: @bayleysageartis / Facebook: Bayley & Sage Artisan Grocers,General Inquiries | enquiries@bayley-sage.co.uk,Jennie Allen (Founder),"London neighborhood luxury food purveyor offering dried French prunes, roasted salted nuts, and artisan cheeses; needs VIP holiday order tool.",High
949,Partridges of Sloane Square,UK,"Chelsea, London",https://maps.google.com/?q=Partridges%20of%20Sloane%20Square+Chelsea%2C%20London,Traditional web shop lacking an interactive custom dry fruit and nut gift box builder,Instagram: @partridgesofslo / Facebook: Partridges of Sloane Square,General Inquiries | info@partridges.co.uk,John Shepherd (Managing Director),"Royal Warrant holder to HM Queen Elizabeth II curating gourmet holiday hampers, roasted cashews, and dates; needs royal gift boutique.",High
950,Maggie Beer Barossa Valley,Australia,"Nuriootpa, SA",https://maps.google.com/?q=Maggie%20Beer%20Barossa%20Valley+Nuriootpa%2C%20SA,Traditional web shop lacking an interactive custom dry fruit and nut gift box builder,Instagram: @maggiebeerbaros / Facebook: Maggie Beer Barossa Valley,General Inquiries | enquiries@maggiebeer.com.au,Maggie Beer (Founder),"Legendary Barossa Valley producer offering dried Adelaide Hills pears, roasted spiced nuts, and quince paste; needs luxury gift crate tool.",High
951,Haigh's Chocolates Adelaide,Australia,"Adelaide, SA",https://maps.google.com/?q=Haigh's%20Chocolates%20Adelaide+Adelaide%2C%20SA,Traditional web shop lacking an interactive custom dry fruit and nut gift box builder,Instagram: @haighschocolate / Facebook: Haigh's Chocolates Adelaide,General Inquiries | enquiries@haighs.com.au,Alister Haigh (CEO),"Australia's oldest family-owned bean-to-bar chocolate maker roasting almonds, macadamias, and dried apricots; needs luxury confectionery shop.",High
952,Darrell Lea Confectionery,Australia,"Ingleburn, NSW",https://maps.google.com/?q=Darrell%20Lea%20Confectionery+Ingleburn%2C%20NSW,Traditional web shop lacking an interactive custom dry fruit and nut gift box builder,Instagram: @darrellleaconfe / Facebook: Darrell Lea Confectionery,General Inquiries | consumercare@dlea.com.au,Tim York (CEO),"Historic Australian confectioner crafting chocolate coated almonds, soft eating liquorice, and rocklea bark; needs modern responsive storefront.",High
953,Koko Black Artisanal Chocolates,Australia,"Coburg, VIC",https://maps.google.com/?q=Koko%20Black%20Artisanal%20Chocolates+Coburg%2C%20VIC,Traditional web shop lacking an interactive custom dry fruit and nut gift box builder,Instagram: @kokoblackartisa / Facebook: Koko Black Artisanal Chocolates,General Inquiries | info@kokoblack.com,Nicolas Chern (CEO),Melbourne luxury chocolate atelier crafting roasted Australian macadamia and wattle-seed bars; needs interactive holiday gift tin builder.,High
954,Simon Johnson Quality Foods,Australia,"Alexandria, NSW",https://maps.google.com/?q=Simon%20Johnson%20Quality%20Foods+Alexandria%2C%20NSW,Traditional web shop lacking an interactive custom dry fruit and nut gift box builder,Instagram: @simonjohnsonqua / Facebook: Simon Johnson Quality Foods,General Inquiries | qualityfoods@simonjohnson.com.au,Simon Johnson (Founder),"Australia's leading provider of imported fine foods, French candied fruits, and Piedmont hazelnuts; needs chef and wholesale gift portal.",High
955,The Essential Ingredient Australia,Australia,"Rozelle, NSW",https://maps.google.com/?q=The%20Essential%20Ingredient%20Australia+Rozelle%2C%20NSW,Traditional web shop lacking an interactive custom dry fruit and nut gift box builder,Instagram: @theessentialing / Facebook: The Essential Ingredient Australia,General Inquiries | sydney@essentialingredient.com.au,Syd Weddell (Director),"Specialty culinary ingredient merchant curating Bronte pistachios, Marcona almonds, and dried morels; needs digital gourmet pantry.",High
956,Harris Farm Markets Sydney,Australia,"Homebush, NSW",https://maps.google.com/?q=Harris%20Farm%20Markets%20Sydney+Homebush%2C%20NSW,Traditional web shop lacking an interactive custom dry fruit and nut gift box builder,Instagram: @harrisfarmmarke / Facebook: Harris Farm Markets Sydney,General Inquiries | hello@harrisfarm.com.au,Cathy Harris (Co-Founder),"Family-owned market with 30+ stores sourcing farm-direct dried fruits, nuts, and organic seeds; needs modern 1-hour delivery portal.",High
957,The Source Bulk Foods Australia,Australia,"Mullumbimby, NSW",https://maps.google.com/?q=The%20Source%20Bulk%20Foods%20Australia+Mullumbimby%2C%20NSW,Traditional web shop lacking an interactive custom dry fruit and nut gift box builder,Instagram: @thesourcebulkfo / Facebook: The Source Bulk Foods Australia,General Inquiries | info@thesourcebulkfoods.com.au,Paul Medeiros (Co-Founder),"Zero-waste bulk wholefoods retailer with over 50 locations offering raw nuts, dried organic fruits, and seeds; needs subscription refill shop.",High
958,Honest to Goodness Organics Sydney,Australia,"Meadowbank, NSW",https://maps.google.com/?q=Honest%20to%20Goodness%20Organics%20Sydney+Meadowbank%2C%20NSW,Traditional web shop lacking an interactive custom dry fruit and nut gift box builder,Instagram: @honesttogoodnes / Facebook: Honest to Goodness Organics Sydney,General Inquiries | info@goodness.com.au,Matt Ward (Co-Founder),"B-Corp certified organic distributor of whole raw cashews, Australian dried apricots, and superfood berries; needs modern web platform.",High
959,Naked Foods Organic Bulk Health,Australia,"Newtown, NSW",https://maps.google.com/?q=Naked%20Foods%20Organic%20Bulk%20Health+Newtown%2C%20NSW,Traditional web shop lacking an interactive custom dry fruit and nut gift box builder,Instagram: @nakedfoodsorgan / Facebook: Naked Foods Organic Bulk Health,General Inquiries | info@nakedfoods.com.au,Geoff Thompson (Director),"Certified organic bulk wholefoods and whole roasted nuts, dried fruits, and nut pastes; needs interactive subscription pantry.",High
960,Farro Fresh Food Auckland,New Zealand,Auckland,https://maps.google.com/?q=Farro%20Fresh%20Food%20Auckland+Auckland,Traditional web shop lacking an interactive custom dry fruit and nut gift box builder,Instagram: @farrofreshfooda / Facebook: Farro Fresh Food Auckland,General Inquiries | feedback@farro.co.nz,Janene Draper (Co-Founder),"Auckland's premier artisan food grocer stocking locally grown walnuts, macadamias, and dried fruits; needs responsive online shopping app.",High
961,Moore Wilson's Wellington,New Zealand,Wellington,https://maps.google.com/?q=Moore%20Wilson's%20Wellington+Wellington,Traditional web shop lacking an interactive custom dry fruit and nut gift box builder,Instagram: @moorewilsonswel / Facebook: Moore Wilson's Wellington,General Inquiries | info@moorewilsons.co.nz,Julie Moore (General Manager),"Historic Wellington specialty culinary market offering local and imported tree nuts, dried figs, and dates; needs digital wholesale and retail portal.",High
962,Devonport Chocolates Auckland,New Zealand,"Devonport, Auckland",https://maps.google.com/?q=Devonport%20Chocolates%20Auckland+Devonport%2C%20Auckland,Traditional web shop lacking an interactive custom dry fruit and nut gift box builder,Instagram: @devonportchocol / Facebook: Devonport Chocolates Auckland,General Inquiries | chocolates@devonportchocolates.co.nz,Terry Everitt (Owner),Handcrafted boutique chocolates pairing New Zealand fruits and roasted nuts; needs personalized holiday gift box configurator.,High
963,Bikaji Foods International,India,"Bikaner, Rajasthan",https://maps.google.com/?q=Bikaji%20Foods%20International+Bikaner%2C%20Rajasthan,Traditional web shop lacking an interactive custom dry fruit and nut gift box builder,Instagram: @bikajifoodsinte / Facebook: Bikaji Foods International,General Inquiries | care@bikaji.com,Deepak Agarwal (Managing Director),"Bikaner heritage snack manufacturer roasting cashew nuts, spiced dry fruit mixture, and soan papdi; needs corporate bulk order tool.",High
964,Chitale Bandhu Mithaiwale Pune,India,"Pune, Maharashtra",https://maps.google.com/?q=Chitale%20Bandhu%20Mithaiwale%20Pune+Pune%2C%20Maharashtra,Traditional web shop lacking an interactive custom dry fruit and nut gift box builder,Instagram: @chitalebandhumi / Facebook: Chitale Bandhu Mithaiwale Pune,General Inquiries | info@chitalebandhu.in,Indraneel Chitale (Partner),Iconic Pune confectionery famous for Bakarwadi and dry fruit cashew barfi; needs pan-India order delivery web app.,High
965,Kaka Halwai Sweets Pune,India,"Pune, Maharashtra",https://maps.google.com/?q=Kaka%20Halwai%20Sweets%20Pune+Pune%2C%20Maharashtra,Traditional web shop lacking an interactive custom dry fruit and nut gift box builder,Instagram: @kakahalwaisweet / Facebook: Kaka Halwai Sweets Pune,General Inquiries | care@kakahalwai.com,Kaka Halwai Family (Owners),"Heritage 1892 sweet maker in Maharashtra known for rich kaju katli, dry fruit bites, and roasted nuts; needs online gifting storefront.",High
966,Gwalia Sweets Ahmedabad,India,"Ahmedabad, Gujarat",https://maps.google.com/?q=Gwalia%20Sweets%20Ahmedabad+Ahmedabad%2C%20Gujarat,Traditional web shop lacking an interactive custom dry fruit and nut gift box builder,Instagram: @gwaliasweetsahm / Facebook: Gwalia Sweets Ahmedabad,General Inquiries | info@gwalia.in,Jay Sharma (Director),Gourmet sweet and dry fruit brand in Gujarat crafting anjeer dry fruit rolls and roasted almond tins; needs festive gift box customizer.,High
967,Nathu's Sweets New Delhi,India,"Bengali Market, New Delhi",https://maps.google.com/?q=Nathu's%20Sweets%20New%20Delhi+Bengali%20Market%2C%20New%20Delhi,Traditional web shop lacking an interactive custom dry fruit and nut gift box builder,Instagram: @nathussweetsnew / Facebook: Nathu's Sweets New Delhi,General Inquiries | info@nathusweets.com,Nathu Ram Family (Owners),"Historic Delhi sweet institution crafting kaju katli, pista barfi, and royal dry fruit platters; needs modern festive gift portal.",High
968,Pure Kashmir Saffron & Walnuts,India,"Srinagar, Kashmir",https://maps.google.com/?q=Pure%20Kashmir%20Saffron%20%26%20Walnuts+Srinagar%2C%20Kashmir,Traditional web shop lacking an interactive custom dry fruit and nut gift box builder,Instagram: @purekashmirsaff / Facebook: Pure Kashmir Saffron & Walnuts,General Inquiries | info@purekashmir.com,Tariq Ahmad (Founder),"Direct-from-orchard Kashmiri dry fruits, organic paper walnuts, and wild morels; needs interactive artisan gift crate tool.",High
969,That's it. 100% Real Fruit Bars,USA,"Los Angeles, CA",https://maps.google.com/?q=That's%20it.%20100%25%20Real%20Fruit%20Bars+Los%20Angeles%2C%20CA,Traditional web shop lacking an interactive custom dry fruit and nut gift box builder,Instagram: @thatsit100realf / Facebook: That's it. 100% Real Fruit Bars,General Inquiries | info@thatsitfruit.com,Lior Lewensztain (Founder & CEO),"Crafting clean snack bars made solely of whole dried apples, mangoes, and blueberries; needs interactive flavor bundle store.",High
970,Barnana Organic Plantain & Banana,USA,"Los Angeles, CA",https://maps.google.com/?q=Barnana%20Organic%20Plantain%20%26%20Banana+Los%20Angeles%2C%20CA,Traditional web shop lacking an interactive custom dry fruit and nut gift box builder,Instagram: @barnanaorganicp / Facebook: Barnana Organic Plantain & Banana,General Inquiries | info@barnana.com,Almir Surguipe (CEO),Upcycled organic dried plantain chips and chewy banana bites dipped in dark chocolate; needs modern responsive storefront.,High
971,Solely Clean Dried Fruit Jerky,USA,"San Diego, CA",https://maps.google.com/?q=Solely%20Clean%20Dried%20Fruit%20Jerky+San%20Diego%2C%20CA,Traditional web shop lacking an interactive custom dry fruit and nut gift box builder,Instagram: @solelycleandrie / Facebook: Solely Clean Dried Fruit Jerky,General Inquiries | info@solely.com,Simon Cooper (CEO),Clean organic dried mango strips and dried pineapple rings without added sugar; needs dynamic snack subscription portal.,High
972,Rind Snacks Whole Fruit Crisps,USA,"New York, NY",https://maps.google.com/?q=Rind%20Snacks%20Whole%20Fruit%20Crisps+New%20York%2C%20NY,Traditional web shop lacking an interactive custom dry fruit and nut gift box builder,Instagram: @rindsnackswhole / Facebook: Rind Snacks Whole Fruit Crisps,General Inquiries | info@rindsnacks.com,Matt Weiss (Founder),Skin-on dried fruit snacks maximizing fiber and fighting food waste with dried kiwi and oranges; needs snack box customizer.,High
973,Peeled Snacks Organic Fruit & Pea,USA,"Cumberland, MD",https://maps.google.com/?q=Peeled%20Snacks%20Organic%20Fruit%20%26%20Pea+Cumberland%2C%20MD,Traditional web shop lacking an interactive custom dry fruit and nut gift box builder,Instagram: @peeledsnacksorg / Facebook: Peeled Snacks Organic Fruit & Pea,General Inquiries | info@peeledsnacks.com,Noha Waibsnaider (Founder),"Pioneering organic gently dried mango, apple chips, and baked pea snacks; needs interactive retail storefront.",High
974,Crispy Green Freeze-Dried Fruits,USA,"Fairfield, NJ",https://maps.google.com/?q=Crispy%20Green%20Freeze-Dried%20Fruits+Fairfield%2C%20NJ,Traditional web shop lacking an interactive custom dry fruit and nut gift box builder,Instagram: @crispygreenfree / Facebook: Crispy Green Freeze-Dried Fruits,General Inquiries | info@crispygreen.com,Angela Liu (Founder & CEO),"Pure freeze-dried apples, strawberries, and Asian pears for healthy families; needs corporate snack box portal.",High
975,Brothers All Natural Fruit Crisps,USA,"Rochester, NY",https://maps.google.com/?q=Brothers%20All%20Natural%20Fruit%20Crisps+Rochester%2C%20NY,Traditional web shop lacking an interactive custom dry fruit and nut gift box builder,Instagram: @brothersallnatu / Facebook: Brothers All Natural Fruit Crisps,General Inquiries | info@brothersallnatural.com,Matt Betters (President),"Freeze-dried strawberry, banana, and Fuji apple fruit crisps for school lunches; needs direct-to-consumer store.",High
976,Hippeas Organic Chickpea Snacks,USA,"Austin, TX",https://maps.google.com/?q=Hippeas%20Organic%20Chickpea%20Snacks+Austin%2C%20TX,Traditional web shop lacking an interactive custom dry fruit and nut gift box builder,Instagram: @hippeasorganicc / Facebook: Hippeas Organic Chickpea Snacks,General Inquiries | hello@hippeas.com,Paul Lindley (Chairman),Organic baked chickpea puffs and tortilla chips seasoned with vegan white cheddar; needs interactive bundle builder.,High
977,Biena Snacks Roasted Chickpeas,USA,"Allston, MA",https://maps.google.com/?q=Biena%20Snacks%20Roasted%20Chickpeas+Allston%2C%20MA,Traditional web shop lacking an interactive custom dry fruit and nut gift box builder,Instagram: @bienasnacksroas / Facebook: Biena Snacks Roasted Chickpeas,General Inquiries | hello@bienasnacks.com,Poorvi Patodia (Founder),Crunchy roasted chickpeas and keto chickpea puffs seasoned with sea salt; needs modern snack subscription shop.,High
978,The Good Bean Crispy Chickpeas,USA,"Berkeley, CA",https://maps.google.com/?q=The%20Good%20Bean%20Crispy%20Chickpeas+Berkeley%2C%20CA,Traditional web shop lacking an interactive custom dry fruit and nut gift box builder,Instagram: @thegoodbeancris / Facebook: The Good Bean Crispy Chickpeas,General Inquiries | info@thegoodbean.com,Sarah Wallace (Founder),"Whole roasted chickpeas, fava beans, and green peas tossed with dried cranberries; needs modern mobile storefront.",High
979,Dang Foods Thai Coconut & Rice,USA,"Berkeley, CA",https://maps.google.com/?q=Dang%20Foods%20Thai%20Coconut%20%26%20Rice+Berkeley%2C%20CA,Traditional web shop lacking an interactive custom dry fruit and nut gift box builder,Instagram: @dangfoodsthaico / Facebook: Dang Foods Thai Coconut & Rice,General Inquiries | hello@dangfoods.com,Vincent Kitirattragarn (Founder),"Toasted coconut chips, Thai sticky rice chips, and keto almond bars; needs dynamic DTC variety pack builder.",High
980,Bare Snacks Baked Fruit Chips,USA,"San Francisco, CA",https://maps.google.com/?q=Bare%20Snacks%20Baked%20Fruit%20Chips+San%20Francisco%2C%20CA,Traditional web shop lacking an interactive custom dry fruit and nut gift box builder,Instagram: @baresnacksbaked / Facebook: Bare Snacks Baked Fruit Chips,General Inquiries | info@baresnacks.com,Bare Snacks Team (Directors),"Baked crunchy apple chips, banana chips, and toasted coconut flakes; needs interactive gift hamper portal.",High
981,Purely Elizabeth Ancient Grain,USA,"Boulder, CO",https://maps.google.com/?q=Purely%20Elizabeth%20Ancient%20Grain+Boulder%2C%20CO,Traditional web shop lacking an interactive custom dry fruit and nut gift box builder,Instagram: @purelyelizabeth / Facebook: Purely Elizabeth Ancient Grain,General Inquiries | support@purelyelizabeth.com,Elizabeth Stein (Founder),"Nutrient-dense ancient grain granola baked with coconut sugar, roasted cashews, and chia; needs subscription pantry shop.",High
982,Bobo's Oat Bars & Nut Bites,USA,"Boulder, CO",https://maps.google.com/?q=Bobo's%20Oat%20Bars%20%26%20Nut%20Bites+Boulder%2C%20CO,Traditional web shop lacking an interactive custom dry fruit and nut gift box builder,Instagram: @bobosoatbarsnut / Facebook: Bobo's Oat Bars & Nut Bites,General Inquiries | info@eatbobos.com,Beryl Stafford (Founder),"Wholesome baked oat bars, stuffed peanut butter bites, and fruit toaster pastries; needs build-a-box subscription store.",High
983,Simple Mills Almond Flour Baking,USA,"Chicago, IL",https://maps.google.com/?q=Simple%20Mills%20Almond%20Flour%20Baking+Chicago%2C%20IL,Traditional web shop lacking an interactive custom dry fruit and nut gift box builder,Instagram: @simplemillsalmo / Facebook: Simple Mills Almond Flour Baking,General Inquiries | info@simplemills.com,Katlin Smith (Founder),"Almond flour artisan crackers, cookies, and baking mixes crafted with simple whole foods; needs modern pantry web shop.",High
984,Hu Kitchen Chocolate & Crackers,USA,"New York, NY",https://maps.google.com/?q=Hu%20Kitchen%20Chocolate%20%26%20Crackers+New%20York%2C%20NY,Traditional web shop lacking an interactive custom dry fruit and nut gift box builder,Instagram: @hukitchenchocol / Facebook: Hu Kitchen Chocolate & Crackers,General Inquiries | support@hukitchen.com,Jordan Brown (Co-Founder),Paleo vegan dark chocolate bars stuffed with cashew butter and almond butter; needs luxury direct-to-consumer store.,High
985,LesserEvil Organic Popcorn & Puffs,USA,"Danbury, CT",https://maps.google.com/?q=LesserEvil%20Organic%20Popcorn%20%26%20Puffs+Danbury%2C%20CT,Traditional web shop lacking an interactive custom dry fruit and nut gift box builder,Instagram: @lesserevilorgan / Facebook: LesserEvil Organic Popcorn & Puffs,General Inquiries | talktous@lesserevil.com,Charles Coristine (CEO),Organic air-popped popcorn tumbled in extra virgin coconut oil and pink Himalayan salt; needs playful snack shop.,High
986,Stonewall Kitchen Fine Specialty,USA,"York, ME",https://maps.google.com/?q=Stonewall%20Kitchen%20Fine%20Specialty+York%2C%20ME,Traditional web shop lacking an interactive custom dry fruit and nut gift box builder,Instagram: @stonewallkitche / Facebook: Stonewall Kitchen Fine Specialty,General Inquiries | guestservices@stonewallkitchen.com,John Stiker (CEO),Acclaimed New England specialty food producer crafting wild Maine blueberry jams and spiced nuts; needs luxury holiday gift crate tool.,High
987,Bonne Maman Fruit Preserves USA,USA,"New York, NY",https://maps.google.com/?q=Bonne%20Maman%20Fruit%20Preserves%20USA+New%20York%2C%20NY,Traditional web shop lacking an interactive custom dry fruit and nut gift box builder,Instagram: @bonnemamanfruit / Facebook: Bonne Maman Fruit Preserves USA,General Inquiries | contact@bonnemaman.us,Bonne Maman Team (Directors),"French fruit preserves, wild blueberry spreads, and holiday advent calendar gift boxes; needs seasonal gifting portal.",High
988,Sarabeth's Kitchen Preserves NYC,USA,"New York, NY",https://maps.google.com/?q=Sarabeth's%20Kitchen%20Preserves%20NYC+New%20York%2C%20NY,Traditional web shop lacking an interactive custom dry fruit and nut gift box builder,Instagram: @sarabethskitche / Facebook: Sarabeth's Kitchen Preserves NYC,General Inquiries | customerservice@sarabeth.com,Sarabeth Levine (Founder),"Award-winning legendary orange apricot marmalade, fruit spreads, and almond shortbread cookies; needs luxury breakfast gift shop.",High
989,Tate's Bake Shop Southampton,USA,"Southampton, NY",https://maps.google.com/?q=Tate's%20Bake%20Shop%20Southampton+Southampton%2C%20NY,Traditional web shop lacking an interactive custom dry fruit and nut gift box builder,Instagram: @tatesbakeshopso / Facebook: Tate's Bake Shop Southampton,General Inquiries | customerservice@tatesbakeshop.com,Kathleen King (Founder),World-famous crispy thin chocolate chip walnut cookies and butter crunch cookies; needs corporate gift tin customizer.,High
990,Mary's Gone Crackers Organic,USA,"Reno, NV",https://maps.google.com/?q=Mary's%20Gone%20Crackers%20Organic+Reno%2C%20NV,Traditional web shop lacking an interactive custom dry fruit and nut gift box builder,Instagram: @marysgonecracke / Facebook: Mary's Gone Crackers Organic,General Inquiries | info@marysgonecrackers.com,Mary Waldner (Founder),"Organic gluten-free seed crackers packed with brown rice, flax, sesame, and quinoa; needs modern subscription storefront.",High
991,Bob's Red Mill Natural Foods,USA,"Milwaukie, OR",https://maps.google.com/?q=Bob's%20Red%20Mill%20Natural%20Foods+Milwaukie%2C%20OR,Traditional web shop lacking an interactive custom dry fruit and nut gift box builder,Instagram: @bobsredmillnatu / Facebook: Bob's Red Mill Natural Foods,General Inquiries | contact@bobsredmill.com,Bob Moore (Founder),"Employee-owned stone-grinding whole grains, almond flour, raw nuts, and dried blueberries; needs interactive recipe & store portal.",High
992,King Arthur Baking Company,USA,"Norwich, VT",https://maps.google.com/?q=King%20Arthur%20Baking%20Company+Norwich%2C%20VT,Traditional web shop lacking an interactive custom dry fruit and nut gift box builder,Instagram: @kingarthurbakin / Facebook: King Arthur Baking Company,General Inquiries | customercare@kingarthurbaking.com,Karen Colberg (Co-CEO),"America's oldest flour company offering premium baking ingredients, candied peel, and dried currants; needs digital baker shop.",High
993,California Olive Ranch Oils,USA,"Chico, CA",https://maps.google.com/?q=California%20Olive%20Ranch%20Oils+Chico%2C%20CA,Traditional web shop lacking an interactive custom dry fruit and nut gift box builder,Instagram: @californiaolive / Facebook: California Olive Ranch Oils,General Inquiries | info@californiaoliveranch.com,Michael Fox (CEO),Pioneering California cold-pressed extra virgin olive oils and roasted nut dressings; needs subscription pantry portal.,High
994,Cobram Estate California & Aus,Australia,"Lara, VIC",https://maps.google.com/?q=Cobram%20Estate%20California%20%26%20Aus+Lara%2C%20VIC,Traditional web shop lacking an interactive custom dry fruit and nut gift box builder,Instagram: @cobramestatecal / Facebook: Cobram Estate California & Aus,General Inquiries | info@cobramestate.com.au,Rob McGavin (Co-Founder),World-champion extra virgin olive oil producers pairing oils with dried fruit platters and nuts; needs luxury tasting kit boutique.,High
995,Walkers Shortbread Aberlour,UK,"Aberlour, Speyside",https://maps.google.com/?q=Walkers%20Shortbread%20Aberlour+Aberlour%2C%20Speyside,Traditional web shop lacking an interactive custom dry fruit and nut gift box builder,Instagram: @walkersshortbre / Facebook: Walkers Shortbread Aberlour,General Inquiries | customerservices@walkersshortbread.com,Jim Walker (Managing Director),"Royal Warrant Scottish Highland bakery crafting pure butter shortbread, fruit cakes, and walnut rounds; needs international luxury gift tin builder.",High
996,Border Biscuits Lanark,UK,"Lanark, Scotland",https://maps.google.com/?q=Border%20Biscuits%20Lanark+Lanark%2C%20Scotland,Traditional web shop lacking an interactive custom dry fruit and nut gift box builder,Instagram: @borderbiscuitsl / Facebook: Border Biscuits Lanark,General Inquiries | info@border.co.uk,John Cunningham (Managing Director),"Scottish family biscuit company baking dark chocolate ginger, golden oat crumbles, and almond shortbread; needs interactive holiday gift tin tool.",High
997,Tunnock's Legendary Bakery,UK,"Uddingston, Scotland",https://maps.google.com/?q=Tunnock's%20Legendary%20Bakery+Uddingston%2C%20Scotland,Traditional web shop lacking an interactive custom dry fruit and nut gift box builder,Instagram: @tunnockslegenda / Facebook: Tunnock's Legendary Bakery,General Inquiries | info@tunnock.co.uk,Boyd Tunnock (Managing Director),Scottish institution crafting real milk chocolate caramel wafer biscuits and marshmallow tea cakes; needs celebratory souvenir shop.,High
998,Tracklements Fine Condiments,UK,"Malmesbury, Wiltshire",https://maps.google.com/?q=Tracklements%20Fine%20Condiments+Malmesbury%2C%20Wiltshire,Traditional web shop lacking an interactive custom dry fruit and nut gift box builder,Instagram: @tracklementsfin / Facebook: Tracklements Fine Condiments,General Inquiries | info@tracklements.co.uk,Guy Tullberg (Managing Director),"Artisanal Wiltshire kitchen handcrafting spiced fruit chutneys, fig relishes, and walnut piccalilli; needs gourmet gift crate builder.",High
999,Hawkshead Relish Lake District,UK,"Hawkshead, Cumbria",https://maps.google.com/?q=Hawkshead%20Relish%20Lake%20District+Hawkshead%2C%20Cumbria,Traditional web shop lacking an interactive custom dry fruit and nut gift box builder,Instagram: @hawksheadrelish / Facebook: Hawkshead Relish Lake District,General Inquiries | info@hawksheadrelish.com,Mark & Maria Whitehead (Founders),"Award-winning Lake District artisan producer of damson chutneys, dried fruit preserves, and spiced jams; needs holiday gift box customizer.",High
1000,Cottage Delight Staffordshire,UK,"Leek, Staffordshire",https://maps.google.com/?q=Cottage%20Delight%20Staffordshire+Leek%2C%20Staffordshire,Traditional web shop lacking an interactive custom dry fruit and nut gift box builder,Instagram: @cottagedelights / Facebook: Cottage Delight Staffordshire,General Inquiries | sales@cottagedelight.co.uk,Cottage Delight Team (Directors),"Handcrafted specialty foods curating festive dried fruit chutneys, shortbreads, and party nut selections; needs corporate gift hamper tool.",High
1001,Rosebud Preserves North Yorkshire,UK,"Masham, North Yorkshire",https://maps.google.com/?q=Rosebud%20Preserves%20North%20Yorkshire+Masham%2C%20North%20Yorkshire,Traditional web shop lacking an interactive custom dry fruit and nut gift box builder,Instagram: @rosebudpreserve / Facebook: Rosebud Preserves North Yorkshire,General Inquiries | info@rosebudpreserves.co.uk,Elspeth Biltoft (Founder),Artisan preserves cooked in traditional open pans with wild orchard fruits and spices; needs luxury seasonal pre-order store.,High
1002,Pipers Crisps Lincolnshire,UK,"Brigg, Lincolnshire",https://maps.google.com/?q=Pipers%20Crisps%20Lincolnshire+Brigg%2C%20Lincolnshire,Traditional web shop lacking an interactive custom dry fruit and nut gift box builder,Instagram: @piperscrispslin / Facebook: Pipers Crisps Lincolnshire,General Inquiries | orders@piperscrisps.com,Pipers Management (Directors),"Artisan British crisps seasoned with Anglesey sea salt and rosemary, perfect for pub nut pairing; needs hospitality ordering portal.",High
1003,Burts Snacks Devon England,UK,"Plymouth, Devon",https://maps.google.com/?q=Burts%20Snacks%20Devon%20England+Plymouth%2C%20Devon,Traditional web shop lacking an interactive custom dry fruit and nut gift box builder,Instagram: @burtssnacksdevo / Facebook: Burts Snacks Devon England,General Inquiries | info@burtssnacks.com,Dave McNulty (Managing Director),Handmade Devon artisan thick cut crisps and roasted savory nut mixes; needs modern responsive retail presence.,High
1004,Two Farmers Hand-Cooked Crisps,UK,"Peterstow, Herefordshire",https://maps.google.com/?q=Two%20Farmers%20Hand-Cooked%20Crisps+Peterstow%2C%20Herefordshire,Traditional web shop lacking an interactive custom dry fruit and nut gift box builder,Instagram: @twofarmershandc / Facebook: Two Farmers Hand-Cooked Crisps,General Inquiries | info@twofarmers.co.uk,Mark Green & Sean Mason (Founders),Pioneering 100% compostable packet crisps made with Herefordshire potatoes and orchard apples; needs eco-snack subscription shop.,High
1005,Blue Tokai Coffee Roasters,India,"Gurgaon, Haryana",https://maps.google.com/?q=Blue%20Tokai%20Coffee%20Roasters+Gurgaon%2C%20Haryana,Traditional web shop lacking an interactive custom dry fruit and nut gift box builder,Instagram: @bluetokaicoffee / Facebook: Blue Tokai Coffee Roasters,General Inquiries | getcoffee@bluetokaicoffee.com,Matt Chitharanjan (Co-Founder),Pioneering Indian specialty coffee roastery pairing estate coffees with roasted nut granolas and almond croissants; needs corporate coffee & nut gift builder.,High
1006,Sleepy Owl Coffee Cold Brew,India,New Delhi,https://maps.google.com/?q=Sleepy%20Owl%20Coffee%20Cold%20Brew+New%20Delhi,Traditional web shop lacking an interactive custom dry fruit and nut gift box builder,Instagram: @sleepyowlcoffee / Facebook: Sleepy Owl Coffee Cold Brew,General Inquiries | hello@sleepyowl.co,Ajai Thandi (Co-Founder),"Pioneering cold brew coffee bags, hazelnut brews, and chocolate roasted nut treats; needs dynamic subscription storefront.",High
1007,Vahdam India Teas & Spices,India,New Delhi,https://maps.google.com/?q=Vahdam%20India%20Teas%20%26%20Spices+New%20Delhi,Traditional web shop lacking an interactive custom dry fruit and nut gift box builder,Instagram: @vahdamindiateas / Facebook: Vahdam India Teas & Spices,General Inquiries | help@vahdam.com,Bala Sarda (Founder),"Direct-from-source single-estate Darjeeling teas, saffron, and celebratory dry fruit gift boxes; needs international holiday gift hamper portal.",High
1008,Teabox Fresh Indian Teas,India,"Siliguri, West Bengal",https://maps.google.com/?q=Teabox%20Fresh%20Indian%20Teas+Siliguri%2C%20West%20Bengal,Traditional web shop lacking an interactive custom dry fruit and nut gift box builder,Instagram: @teaboxfreshindi / Facebook: Teabox Fresh Indian Teas,General Inquiries | help@teabox.com,Kaushal Dugar (Founder),Vacuum-sealed whole leaf Darjeeling and Assam teas paired with roasted cashew gift sets; needs luxury direct-to-consumer store.,High
1009,SMOOR True Chocolates India,India,"Bengaluru, Karnataka",https://maps.google.com/?q=SMOOR%20True%20Chocolates%20India+Bengaluru%2C%20Karnataka,Traditional web shop lacking an interactive custom dry fruit and nut gift box builder,Instagram: @smoortruechocol / Facebook: SMOOR True Chocolates India,General Inquiries | info@smoor.in,Vimal Sharma (Founder),"Luxury artisanal chocolatier crafting dark chocolate almond rocks, cashew pralines, and festive dry fruit boxes; needs bespoke corporate gift builder.",High
1010,Theobroma Patisserie Mumbai,India,"Mumbai, Maharashtra",https://maps.google.com/?q=Theobroma%20Patisserie%20Mumbai+Mumbai%2C%20Maharashtra,Traditional web shop lacking an interactive custom dry fruit and nut gift box builder,Instagram: @theobromapatiss / Facebook: Theobroma Patisserie Mumbai,General Inquiries | contact@theobroma.in,Kainaz Messman (Founder),"Legendary Parsi bakery famed for walnut brownies, chocolate almond cakes, and roasted nut tarts; needs modern online bakery ordering app.",High
1011,Le15 Patisserie & Macarons,India,"Mumbai, Maharashtra",https://maps.google.com/?q=Le15%20Patisserie%20%26%20Macarons+Mumbai%2C%20Maharashtra,Traditional web shop lacking an interactive custom dry fruit and nut gift box builder,Instagram: @le15patisseriem / Facebook: Le15 Patisserie & Macarons,General Inquiries | contact@le15.com,Pooja Dhingra (Pastry Chef & Founder),"India's macaron queen crafting hazelnut macarons, almond cookies, and gourmet hot chocolate; needs modern celebratory gift boutique.",High
1012,Paul And Mike Craft Chocolates,India,"Kochi, Kerala",https://maps.google.com/?q=Paul%20And%20Mike%20Craft%20Chocolates+Kochi%2C%20Kerala,Traditional web shop lacking an interactive custom dry fruit and nut gift box builder,Instagram: @paulandmikecraf / Facebook: Paul And Mike Craft Chocolates,General Inquiries | info@paulandmike.co,Vikas Temani (Founder),International award-winning bean-to-bar chocolate maker pairing single-origin cacao with roasted pistachios and dried mango; needs luxury gift crate shop.,High
1013,Subko Coffee Roasters Mumbai,India,"Mumbai, Maharashtra",https://maps.google.com/?q=Subko%20Coffee%20Roasters%20Mumbai+Mumbai%2C%20Maharashtra,Traditional web shop lacking an interactive custom dry fruit and nut gift box builder,Instagram: @subkocoffeeroas / Facebook: Subko Coffee Roasters Mumbai,General Inquiries | info@subko.coffee,Rahul Reddy (Founder),Specialty coffee roastery and craft bakehouse celebrating Indian provenance with walnut babkas and cardamom roasted nuts; needs luxury VIP boutique.,High
1014,Araku Coffee Sustainable Estate,India,"Bengaluru, Karnataka",https://maps.google.com/?q=Araku%20Coffee%20Sustainable%20Estate+Bengaluru%2C%20Karnataka,Traditional web shop lacking an interactive custom dry fruit and nut gift box builder,Instagram: @arakucoffeesust / Facebook: Araku Coffee Sustainable Estate,General Inquiries | support@arakucoffee.in,Manoj Kumar (CEO),Regenerative tribal-farmed organic specialty coffee paired with Andhra roasted cashews; needs international luxury storefront.,High
1015,Choko La Fine Chocolates Delhi,India,New Delhi,https://maps.google.com/?q=Choko%20La%20Fine%20Chocolates%20Delhi+New%20Delhi,Traditional web shop lacking an interactive custom dry fruit and nut gift box builder,Instagram: @chokolafinechoc / Facebook: Choko La Fine Chocolates Delhi,General Inquiries | customercare@chokola.in,Vasudha Munjal (Founder),"Artisan chocolate atelier creating roasted almond florentines, hazelnut spreads, and chocolate bonbons; needs festive holiday gift builder.",High
1016,Entisi Chocolatier Mumbai,India,"Mumbai, Maharashtra",https://maps.google.com/?q=Entisi%20Chocolatier%20Mumbai+Mumbai%2C%20Maharashtra,Traditional web shop lacking an interactive custom dry fruit and nut gift box builder,Instagram: @entisichocolati / Facebook: Entisi Chocolatier Mumbai,General Inquiries | info@entisi.com,Nikki Thakker (Founder),"Contemporary chocolate atelier crafting hazelnut dragees, roasted pistachio bars, and luxury gift boxes; needs interactive gift tin configurator.",High
1017,Stumptown Coffee Roasters,USA,"Portland, OR",https://maps.google.com/?q=Stumptown%20Coffee%20Roasters+Portland%2C%20OR,Traditional web shop lacking an interactive custom dry fruit and nut gift box builder,Instagram: @stumptowncoffee / Facebook: Stumptown Coffee Roasters,General Inquiries | info@stumptowncoffee.com,Laura Szeliga (President),Portland specialty roasting pioneer pairing single origin coffees with dark chocolate covered almonds; needs corporate gift tin portal.,High
1018,Intelligentsia Coffee & Teas,USA,"Chicago, IL",https://maps.google.com/?q=Intelligentsia%20Coffee%20%26%20Teas+Chicago%2C%20IL,Traditional web shop lacking an interactive custom dry fruit and nut gift box builder,Instagram: @intelligentsiac / Facebook: Intelligentsia Coffee & Teas,General Inquiries | customersupport@intelligentsiacoffee.com,James McLaughlin (CEO),Direct trade specialty roaster offering limited-edition reserve coffees and chocolate fruit bars; needs VIP subscription shop.,High
1019,Counter Culture Coffee Direct,USA,"Durham, NC",https://maps.google.com/?q=Counter%20Culture%20Coffee%20Direct+Durham%2C%20NC,Traditional web shop lacking an interactive custom dry fruit and nut gift box builder,Instagram: @counterculturec / Facebook: Counter Culture Coffee Direct,General Inquiries | info@counterculturecoffee.com,Brett Smith (President),Sustainable coffee roaster celebrating direct trade relationships and holiday coffee & nut pairings; needs interactive tasting box builder.,High
1020,Caribou Coffee Company,USA,"Minneapolis, MN",https://maps.google.com/?q=Caribou%20Coffee%20Company+Minneapolis%2C%20MN,Traditional web shop lacking an interactive custom dry fruit and nut gift box builder,Instagram: @cariboucoffeeco / Facebook: Caribou Coffee Company,General Inquiries | customercare@cariboucoffee.com,John Butcher (President & CEO),Iconic northern coffee brand pairing handcrafted beverages with toasted almond pastries and berry bites; needs holiday gift shop.,High
1021,La Colombe Coffee Roasters,USA,"Philadelphia, PA",https://maps.google.com/?q=La%20Colombe%20Coffee%20Roasters+Philadelphia%2C%20PA,Traditional web shop lacking an interactive custom dry fruit and nut gift box builder,Instagram: @lacolombecoffee / Facebook: La Colombe Coffee Roasters,General Inquiries | help@lacolombe.com,Todd Carmichael (Co-Founder),Pioneering draft latte creator and specialty roaster pairing espresso with roasted nut biscotti; needs dynamic DTC storefront.,High
1022,Philz Coffee San Francisco,USA,"San Francisco, CA",https://maps.google.com/?q=Philz%20Coffee%20San%20Francisco+San%20Francisco%2C%20CA,Traditional web shop lacking an interactive custom dry fruit and nut gift box builder,Instagram: @philzcoffeesanf / Facebook: Philz Coffee San Francisco,General Inquiries | info@philzcoffee.com,Jacob Jaber (Co-Founder & CEO),Beloved Bay Area coffee creator famous for handcrafted blends paired with almond baklava and nut treats; needs mobile pre-order app.,High
1023,Ritual Coffee Roasters SF,USA,"San Francisco, CA",https://maps.google.com/?q=Ritual%20Coffee%20Roasters%20SF+San%20Francisco%2C%20CA,Traditional web shop lacking an interactive custom dry fruit and nut gift box builder,Instagram: @ritualcoffeeroa / Facebook: Ritual Coffee Roasters SF,General Inquiries | info@ritualcoffee.com,Eileen Rinaldi (Founder & CEO),Pioneering San Francisco woman-owned roastery celebrating relationship coffee and seasonal chocolate fruit bars; needs modern boutique.,High
1024,Sightglass Coffee San Francisco,USA,"San Francisco, CA",https://maps.google.com/?q=Sightglass%20Coffee%20San%20Francisco+San%20Francisco%2C%20CA,Traditional web shop lacking an interactive custom dry fruit and nut gift box builder,Instagram: @sightglasscoffe / Facebook: Sightglass Coffee San Francisco,General Inquiries | orders@sightglasscoffee.com,Justin & Jerad Morrison (Co-Founders),Independent craft roastery and tasting room pairing micro-lot coffees with roasted walnut pastries; needs luxury retail portal.,High
1025,Verve Coffee Roasters Santa Cruz,USA,"Santa Cruz, CA",https://maps.google.com/?q=Verve%20Coffee%20Roasters%20Santa%20Cruz+Santa%20Cruz%2C%20CA,Traditional web shop lacking an interactive custom dry fruit and nut gift box builder,Instagram: @vervecoffeeroas / Facebook: Verve Coffee Roasters Santa Cruz,General Inquiries | customerservice@vervecoffee.com,Colby Barr (Co-Founder),Farmlevel specialty coffee roaster featuring single origin coffees and artisan nut butters; needs interactive subscription club.,High
1026,Equator Coffees San Rafael,USA,"San Rafael, CA",https://maps.google.com/?q=Equator%20Coffees%20San%20Rafael+San%20Rafael%2C%20CA,Traditional web shop lacking an interactive custom dry fruit and nut gift box builder,Instagram: @equatorcoffeess / Facebook: Equator Coffees San Rafael,General Inquiries | info@equatorcoffees.com,Helen Russell (Co-Founder),B-Corp certified craft roaster pairing fair trade coffees with artisan chocolate covered nuts; needs corporate gift crate tool.,High
1027,Four Barrel Coffee San Francisco,USA,"San Francisco, CA",https://maps.google.com/?q=Four%20Barrel%20Coffee%20San%20Francisco+San%20Francisco%2C%20CA,Traditional web shop lacking an interactive custom dry fruit and nut gift box builder,Instagram: @fourbarrelcoffe / Facebook: Four Barrel Coffee San Francisco,General Inquiries | info@fourbarrelcoffee.com,Tal Mor (Director),Pioneering Mission District third-wave roastery sourcing clean coffees and crafting espresso pairings; needs responsive web shop.,High
1028,Coava Coffee Roasters Portland,USA,"Portland, OR",https://maps.google.com/?q=Coava%20Coffee%20Roasters%20Portland+Portland%2C%20OR,Traditional web shop lacking an interactive custom dry fruit and nut gift box builder,Instagram: @coavacoffeeroas / Facebook: Coava Coffee Roasters Portland,General Inquiries | info@coavacoffee.com,Matt Higgins (Founder),Single origin coffee and craft tea roastery known for meticulous sourcing and roasted nut treats; needs wholesale & gift portal.,High
1029,Water Avenue Coffee Portland,USA,"Portland, OR",https://maps.google.com/?q=Water%20Avenue%20Coffee%20Portland+Portland%2C%20OR,Traditional web shop lacking an interactive custom dry fruit and nut gift box builder,Instagram: @wateravenuecoff / Facebook: Water Avenue Coffee Portland,General Inquiries | info@wateravenuecoffee.com,Bruce & Matt Milletto (Founders),Handcrafted Pacific Northwest roasted coffees paired with local hazelnuts and dried fruit granola; needs modern retail presence.,High
1030,Heart Coffee Roasters Portland,USA,"Portland, OR",https://maps.google.com/?q=Heart%20Coffee%20Roasters%20Portland+Portland%2C%20OR,Traditional web shop lacking an interactive custom dry fruit and nut gift box builder,Instagram: @heartcoffeeroas / Facebook: Heart Coffee Roasters Portland,General Inquiries | info@heartroasters.com,Wille & Rebekah Yli-Luoma (Owners),Nordic-style light roast coffee roaster celebrating crisp fruit notes and artisan chocolate dragees; needs luxury online salon.,High
1031,Onyx Coffee Lab Arkansas,USA,"Rogers, AR",https://maps.google.com/?q=Onyx%20Coffee%20Lab%20Arkansas+Rogers%2C%20AR,Traditional web shop lacking an interactive custom dry fruit and nut gift box builder,Instagram: @onyxcoffeelabar / Facebook: Onyx Coffee Lab Arkansas,General Inquiries | info@onyxcoffeelab.com,Jon & Andrea Allen (Co-Founders),World barista champion roastery crafting ultra-premium coffees and limited-edition holiday gift boxes; needs interactive gift tin builder.,High
1032,Madcap Coffee Company,USA,"Grand Rapids, MI",https://maps.google.com/?q=Madcap%20Coffee%20Company+Grand%20Rapids%2C%20MI,Traditional web shop lacking an interactive custom dry fruit and nut gift box builder,Instagram: @madcapcoffeecom / Facebook: Madcap Coffee Company,General Inquiries | info@madcapcoffee.com,Trevor Corlett (Co-Founder),Michigan specialty coffee pioneer offering single-farm lots paired with roasted almond chocolate bars; needs direct-to-consumer store.,High
1033,Spyhouse Coffee Roasters,USA,"Minneapolis, MN",https://maps.google.com/?q=Spyhouse%20Coffee%20Roasters+Minneapolis%2C%20MN,Traditional web shop lacking an interactive custom dry fruit and nut gift box builder,Instagram: @spyhousecoffeer / Facebook: Spyhouse Coffee Roasters,General Inquiries | info@spyhousecoffee.com,Christian Johnson (Founder),Twin Cities artisan coffee roaster and bakery offering seasonal coffees and roasted spiced pecans; needs corporate holiday gift shop.,High
1034,Dogwood Coffee Company,USA,"Minneapolis, MN",https://maps.google.com/?q=Dogwood%20Coffee%20Company+Minneapolis%2C%20MN,Traditional web shop lacking an interactive custom dry fruit and nut gift box builder,Instagram: @dogwoodcoffeeco / Facebook: Dogwood Coffee Company,General Inquiries | info@dogwoodcoffee.com,Dan Anderson (Co-Founder),"Specialty coffee roaster celebrating quality, craft, and seasonal fruit & nut coffee pairing boxes; needs interactive gift customizer.",High
1035,Wonderstate Coffee Wisconsin,USA,"Viroqua, WI",https://maps.google.com/?q=Wonderstate%20Coffee%20Wisconsin+Viroqua%2C%20WI,Traditional web shop lacking an interactive custom dry fruit and nut gift box builder,Instagram: @wonderstatecoff / Facebook: Wonderstate Coffee Wisconsin,General Inquiries | info@wonderstate.com,Caleb Nicholes (Co-Founder),100% solar-powered roastery sourcing direct-trade organic coffees and dried fruit snacks; needs modern eco-friendly store.,High
1036,Anodyne Coffee Roasting Co,USA,"Milwaukee, WI",https://maps.google.com/?q=Anodyne%20Coffee%20Roasting%20Co+Milwaukee%2C%20WI,Traditional web shop lacking an interactive custom dry fruit and nut gift box builder,Instagram: @anodynecoffeero / Facebook: Anodyne Coffee Roasting Co,General Inquiries | info@anodynecoffee.com,Matthew McClutchy (Founder),Small-batch roaster in Milwaukee roasting certified organic coffees and pairing with holiday nut tins; needs modern web presence.,High
1037,Metric Coffee Chicago,USA,"Chicago, IL",https://maps.google.com/?q=Metric%20Coffee%20Chicago+Chicago%2C%20IL,Traditional web shop lacking an interactive custom dry fruit and nut gift box builder,Instagram: @metriccoffeechi / Facebook: Metric Coffee Chicago,General Inquiries | info@metriccoffee.com,Darko Arandjelovic (Co-Founder),Chicago independent roastery sourcing transparently and serving local nut pastries; needs modern subscription storefront.,High
1038,Dark Matter Coffee Chicago,USA,"Chicago, IL",https://maps.google.com/?q=Dark%20Matter%20Coffee%20Chicago+Chicago%2C%20IL,Traditional web shop lacking an interactive custom dry fruit and nut gift box builder,Instagram: @darkmattercoffe / Facebook: Dark Matter Coffee Chicago,General Inquiries | info@darkmattercoffee.com,Jesse Diaz (Founder),Creative Chicago coffee roasters famous for barrel-aged coffees and Mexican chocolate spices; needs interactive merchandise shop.,High
1039,Colectivo Coffee Milwaukee,USA,"Milwaukee, WI",https://maps.google.com/?q=Colectivo%20Coffee%20Milwaukee+Milwaukee%2C%20WI,Traditional web shop lacking an interactive custom dry fruit and nut gift box builder,Instagram: @colectivocoffee / Facebook: Colectivo Coffee Milwaukee,General Inquiries | info@colectivocoffee.com,Lincoln Fowler (Co-Founder),Session coffees roasted fresh on custom roasters paired with Troubadour bakery walnut scones; needs online order delivery portal.,High
1040,Ruby Coffee Roasters Nelsonville,USA,"Nelsonville, WI",https://maps.google.com/?q=Ruby%20Coffee%20Roasters%20Nelsonville+Nelsonville%2C%20WI,Traditional web shop lacking an interactive custom dry fruit and nut gift box builder,Instagram: @rubycoffeeroast / Facebook: Ruby Coffee Roasters Nelsonville,General Inquiries | info@rubycoffeeroasters.com,Jared Linzmeier (Founder),"Rural Wisconsin specialty coffee roaster focusing on sweet, clean coffees and dried fruit tasting kits; needs boutique web shop.",High
1041,PT's Coffee Roasting Co,USA,"Topeka, KS",https://maps.google.com/?q=PT's%20Coffee%20Roasting%20Co+Topeka%2C%20KS,Traditional web shop lacking an interactive custom dry fruit and nut gift box builder,Instagram: @ptscoffeeroasti / Facebook: PT's Coffee Roasting Co,General Inquiries | info@ptscoffee.com,Jeff Taylor (Co-Founder),Direct trade pioneer roasting award-winning coffees paired with artisanal chocolate nut barks; needs corporate gift tin configurator.,High
1042,Messenger Coffee Kansas City,USA,"Kansas City, MO",https://maps.google.com/?q=Messenger%20Coffee%20Kansas%20City+Kansas%20City%2C%20MO,Traditional web shop lacking an interactive custom dry fruit and nut gift box builder,Instagram: @messengercoffee / Facebook: Messenger Coffee Kansas City,General Inquiries | info@messengercoffee.co,Nick Robertson (Director),Artisan roastery and Ibis bakery crafting naturally leavened walnut breads and specialty coffees; needs modern bakery portal.,High
1043,Kaldi's Coffee Roasting Co,USA,"St. Louis, MO",https://maps.google.com/?q=Kaldi's%20Coffee%20Roasting%20Co+St.%20Louis%2C%20MO,Traditional web shop lacking an interactive custom dry fruit and nut gift box builder,Instagram: @kaldiscoffeeroa / Facebook: Kaldi's Coffee Roasting Co,General Inquiries | info@kaldiscoffee.com,Tricia Zimmer Ferguson (President),Specialty coffee roaster operating community cafes and pairing coffee with roasted nut granolas; needs corporate gifting shop.,High
1044,Frothy Monkey Coffee & Roasting,USA,"Nashville, TN",https://maps.google.com/?q=Frothy%20Monkey%20Coffee%20%26%20Roasting+Nashville%2C%20TN,Traditional web shop lacking an interactive custom dry fruit and nut gift box builder,Instagram: @frothymonkeycof / Facebook: Frothy Monkey Coffee & Roasting,General Inquiries | info@frothymonkey.com,Ryan Pruitt (Managing Partner),Nashville hospitality group roasting specialty coffee and baking pecan pies and nut cookies; needs online retail storefront.,High
1045,Barista Parlor Nashville,USA,"Nashville, TN",https://maps.google.com/?q=Barista%20Parlor%20Nashville+Nashville%2C%20TN,Traditional web shop lacking an interactive custom dry fruit and nut gift box builder,Instagram: @baristaparlorna / Facebook: Barista Parlor Nashville,General Inquiries | info@baristaparlor.com,Andy Mumma (Founder),Design-forward specialty coffee purveyor crafting house-made chocolate nut bars and seasonal beans; needs bespoke lifestyle salon.,High
1046,East Pole Coffee Co Atlanta,USA,"Atlanta, GA",https://maps.google.com/?q=East%20Pole%20Coffee%20Co%20Atlanta+Atlanta%2C%20GA,Traditional web shop lacking an interactive custom dry fruit and nut gift box builder,Instagram: @eastpolecoffeec / Facebook: East Pole Coffee Co Atlanta,General Inquiries | info@eastpole.coffee,Jared Tompkins (Co-Founder),Atlanta specialty coffee roaster crafting single origin coffees paired with Georgia pecan treats; needs direct consumer boutique.,High
1047,Panther Coffee Miami,USA,"Miami, FL",https://maps.google.com/?q=Panther%20Coffee%20Miami+Miami%2C%20FL,Traditional web shop lacking an interactive custom dry fruit and nut gift box builder,Instagram: @panthercoffeemi / Facebook: Panther Coffee Miami,General Inquiries | info@panthercoffee.com,Joel & Leticia Pollock (Founders),Miami specialty coffee icon roasting on vintage equipment and pairing with artisan fruit pastries; needs online specialty shop.,High
1048,Greater Goods Coffee Co Austin,USA,"Austin, TX",https://maps.google.com/?q=Greater%20Goods%20Coffee%20Co%20Austin+Austin%2C%20TX,Traditional web shop lacking an interactive custom dry fruit and nut gift box builder,Instagram: @greatergoodscof / Facebook: Greater Goods Coffee Co Austin,General Inquiries | info@greatergoodsroasting.com,Khanh Nguyen (Founder),Roaster of the Year crafting exceptional coffees and supporting local Texas food charities; needs modern gift crate builder.,High
1049,Cuvee Coffee Austin,USA,"Austin, TX",https://maps.google.com/?q=Cuvee%20Coffee%20Austin+Austin%2C%20TX,Traditional web shop lacking an interactive custom dry fruit and nut gift box builder,Instagram: @cuveecoffeeaust / Facebook: Cuvee Coffee Austin,General Inquiries | info@cuveecoffee.com,Mike McKim (Founder),Craft coffee pioneer introducing nitro cold brew and Texas roasted pecan blend coffees; needs dynamic subscription storefront.,High
1050,Houndstooth Coffee Texas,USA,"Austin, TX",https://maps.google.com/?q=Houndstooth%20Coffee%20Texas+Austin%2C%20TX,Traditional web shop lacking an interactive custom dry fruit and nut gift box builder,Instagram: @houndstoothcoff / Facebook: Houndstooth Coffee Texas,General Inquiries | info@houndstoothcoffee.com,Sean Henry (Founder),Texas specialty coffee purveyor curating artisan coffees and locally made dark chocolate nut treats; needs modern cafe store.,High
1051,Merit Coffee Roasting Co,USA,"San Antonio, TX",https://maps.google.com/?q=Merit%20Coffee%20Roasting%20Co+San%20Antonio%2C%20TX,Traditional web shop lacking an interactive custom dry fruit and nut gift box builder,Instagram: @meritcoffeeroas / Facebook: Merit Coffee Roasting Co,General Inquiries | info@meritcoffee.com,Bill Ellis (Founder),Direct-sourcing specialty coffee roaster with cafes across Texas offering nut snack pairings; needs modern mobile app.,High
1052,Sweet Bloom Coffee Roasters,USA,"Lakewood, CO",https://maps.google.com/?q=Sweet%20Bloom%20Coffee%20Roasters+Lakewood%2C%20CO,Traditional web shop lacking an interactive custom dry fruit and nut gift box builder,Instagram: @sweetbloomcoffe / Facebook: Sweet Bloom Coffee Roasters,General Inquiries | info@sweetbloomcoffee.com,Andy Sprenger (Founder),World coffee competition champion roasting exquisite micro-lots paired with single-origin chocolates; needs VIP tasting portal.,High
1053,Corvus Coffee Roasters Denver,USA,"Denver, CO",https://maps.google.com/?q=Corvus%20Coffee%20Roasters%20Denver+Denver%2C%20CO,Traditional web shop lacking an interactive custom dry fruit and nut gift box builder,Instagram: @corvuscoffeeroa / Facebook: Corvus Coffee Roasters Denver,General Inquiries | info@corvuscoffee.com,Phil Goodlaxson (Founder),Relationship-focused craft roastery and bakery crafting sourdough walnut loaves and specialty coffees; needs artisan gift crate tool.,High
1054,Huckleberry Roasters Denver,USA,"Denver, CO",https://maps.google.com/?q=Huckleberry%20Roasters%20Denver+Denver%2C%20CO,Traditional web shop lacking an interactive custom dry fruit and nut gift box builder,Instagram: @huckleberryroas / Facebook: Huckleberry Roasters Denver,General Inquiries | info@huckleberryroasters.com,Koan Goedman (Co-Founder),Denver specialty coffee roaster celebrating good coffee and good people with roasted nut snacks; needs modern responsive storefront.,High
1055,Novo Coffee Denver,USA,"Denver, CO",https://maps.google.com/?q=Novo%20Coffee%20Denver+Denver%2C%20CO,Traditional web shop lacking an interactive custom dry fruit and nut gift box builder,Instagram: @novocoffeedenve / Facebook: Novo Coffee Denver,General Inquiries | info@novocoffee.com,Jake Brodsky (Co-Founder),Family-owned Denver specialty coffee roaster roasting relationship coffees since 2002; needs modern wholesale & gift shop.,High
1056,Caffe Vita Coffee Roasting Co,USA,"Seattle, WA",https://maps.google.com/?q=Caffe%20Vita%20Coffee%20Roasting%20Co+Seattle%2C%20WA,Traditional web shop lacking an interactive custom dry fruit and nut gift box builder,Instagram: @caffevitacoffee / Facebook: Caffe Vita Coffee Roasting Co,General Inquiries | info@caffevita.com,Deming Maclise (Owner),Pioneering Seattle independent roastery roasting farm-direct coffees and chocolate almond treats; needs modern digital shop.,High
1057,Espresso Vivace Seattle,USA,"Seattle, WA",https://maps.google.com/?q=Espresso%20Vivace%20Seattle+Seattle%2C%20WA,Traditional web shop lacking an interactive custom dry fruit and nut gift box builder,Instagram: @espressovivaces / Facebook: Espresso Vivace Seattle,General Inquiries | info@espressovivace.com,David Schomer (Founder),Legendary Seattle espresso pioneer dedicated to the art of Northern Italian style espresso roasting; needs online bean ordering.,High
1058,Olympia Coffee Roasting Co,USA,"Olympia, WA",https://maps.google.com/?q=Olympia%20Coffee%20Roasting%20Co+Olympia%2C%20WA,Traditional web shop lacking an interactive custom dry fruit and nut gift box builder,Instagram: @olympiacoffeero / Facebook: Olympia Coffee Roasting Co,General Inquiries | info@olympiacoffee.com,Oliver Stormshak (Co-Owner),Fair For All certified Pacific Northwest roaster pairing micro-lots with local Washington berries; needs interactive subscription shop.,High
1059,Camber Coffee Bellingham,USA,"Bellingham, WA",https://maps.google.com/?q=Camber%20Coffee%20Bellingham+Bellingham%2C%20WA,Traditional web shop lacking an interactive custom dry fruit and nut gift box builder,Instagram: @cambercoffeebel / Facebook: Camber Coffee Bellingham,General Inquiries | hello@cambercoffee.com,David Yake (Co-Founder),Award-winning specialty roaster celebrating sweetness and balance in coffees and roasted nut pairings; needs luxury online salon.,High
1060,Tony's Coffee Bellingham,USA,"Bellingham, WA",https://maps.google.com/?q=Tony's%20Coffee%20Bellingham+Bellingham%2C%20WA,Traditional web shop lacking an interactive custom dry fruit and nut gift box builder,Instagram: @tonyscoffeebell / Facebook: Tony's Coffee Bellingham,General Inquiries | info@tonyscoffee.com,Todd Elliott (President),"Roasting fine coffees in the Pacific Northwest since 1971, crafting certified organic roasted nut blends; needs direct web store.",High
1061,Anchorhead Coffee Seattle,USA,"Seattle, WA",https://maps.google.com/?q=Anchorhead%20Coffee%20Seattle+Seattle%2C%20WA,Traditional web shop lacking an interactive custom dry fruit and nut gift box builder,Instagram: @anchorheadcoffe / Facebook: Anchorhead Coffee Seattle,General Inquiries | info@anchorheadcoffee.com,Jake & Mike Powell (Co-Founders),"Artisanal Seattle roastery and bakery famous for quilliams, cinnamon rolls with pecans, and cold brews; needs digital bakery shop.",High
1062,Storyville Coffee Pike Place,USA,"Seattle, WA",https://maps.google.com/?q=Storyville%20Coffee%20Pike%20Place+Seattle%2C%20WA,Traditional web shop lacking an interactive custom dry fruit and nut gift box builder,Instagram: @storyvillecoffe / Facebook: Storyville Coffee Pike Place,General Inquiries | info@storyville.com,Jamie Munson (President),Private specialty coffee company at Pike Place Market baking artisan walnut cinnamon rolls; needs luxury gift hamper portal.,High
1063,Kicking Horse Coffee Invermere,Canada,"Invermere, BC",https://maps.google.com/?q=Kicking%20Horse%20Coffee%20Invermere+Invermere%2C%20BC,Traditional web shop lacking an interactive custom dry fruit and nut gift box builder,Instagram: @kickinghorsecof / Facebook: Kicking Horse Coffee Invermere,General Inquiries | info@kickinghorsecoffee.com,Elana Rosenfeld (Co-Founder),Canada's #1 organic fair trade coffee roaster roasting deep in the Canadian Rocky Mountains; needs modern DTC shopping store.,High
1064,49th Parallel Coffee Roasters,Canada,"Vancouver, BC",https://maps.google.com/?q=49th%20Parallel%20Coffee%20Roasters+Vancouver%2C%20BC,Traditional web shop lacking an interactive custom dry fruit and nut gift box builder,Instagram: @49thparallelcof / Facebook: 49th Parallel Coffee Roasters,General Inquiries | info@49thcoffee.com,Vince & Michael Piccolo (Founders),Direct-trade Vancouver specialty roaster paired with Lucky's handcrafted glazed doughnuts; needs interactive subscription portal.,High
1065,Pilot Coffee Roasters Toronto,Canada,"Toronto, ON",https://maps.google.com/?q=Pilot%20Coffee%20Roasters%20Toronto+Toronto%2C%20ON,Traditional web shop lacking an interactive custom dry fruit and nut gift box builder,Instagram: @pilotcoffeeroas / Facebook: Pilot Coffee Roasters Toronto,General Inquiries | info@pilotcoffeeroasters.com,Andy & Amy Wilkin (Founders),Full-service specialty coffee roastery celebrating direct trade and seasonal chocolate fruit bars; needs corporate gift tin builder.,High
1066,Detour Coffee Roasters Hamilton,Canada,"Dundas, ON",https://maps.google.com/?q=Detour%20Coffee%20Roasters%20Hamilton+Dundas%2C%20ON,Traditional web shop lacking an interactive custom dry fruit and nut gift box builder,Instagram: @detourcoffeeroa / Facebook: Detour Coffee Roasters Hamilton,General Inquiries | info@detourcoffee.com,Kaelin McCowan (Founder),Artisan Ontario coffee roaster celebrating seasonal harvests paired with handcrafted nut granolas; needs modern mobile store.,High
1067,Balzac's Coffee Roasters Ontario,Canada,"Stoney Creek, ON",https://maps.google.com/?q=Balzac's%20Coffee%20Roasters%20Ontario+Stoney%20Creek%2C%20ON,Traditional web shop lacking an interactive custom dry fruit and nut gift box builder,Instagram: @balzacscoffeero / Facebook: Balzac's Coffee Roasters Ontario,General Inquiries | info@balzacs.com,Diana Olsen (Founder),Boutique Canadian cafe and roasting company inspired by French Parisian cafes; needs holiday gift box customizer.,High
1068,Bridgehead Coffee Ottawa,Canada,"Ottawa, ON",https://maps.google.com/?q=Bridgehead%20Coffee%20Ottawa+Ottawa%2C%20ON,Traditional web shop lacking an interactive custom dry fruit and nut gift box builder,Instagram: @bridgeheadcoffe / Facebook: Bridgehead Coffee Ottawa,General Inquiries | inquiries@bridgehead.ca,Ian Clark (Director),Fair trade and organic coffee roaster in Canada's capital pairing coffee with artisan dried fruit pastries; needs online ordering portal.,High
1069,JJ Bean Coffee Roasters Vancouver,Canada,"Vancouver, BC",https://maps.google.com/?q=JJ%20Bean%20Coffee%20Roasters%20Vancouver+Vancouver%2C%20BC,Traditional web shop lacking an interactive custom dry fruit and nut gift box builder,Instagram: @jjbeancoffeeroa / Facebook: JJ Bean Coffee Roasters Vancouver,General Inquiries | info@jjbeancoffee.com,John Neate Jr. (Founder),Four generations of coffee roasting in Vancouver pairing single origins with fresh baked nut muffins; needs direct web storefront.,High
1070,Timbertrain Coffee Roasters,Canada,"Vancouver, BC",https://maps.google.com/?q=Timbertrain%20Coffee%20Roasters+Vancouver%2C%20BC,Traditional web shop lacking an interactive custom dry fruit and nut gift box builder,Instagram: @timbertraincoff / Facebook: Timbertrain Coffee Roasters,General Inquiries | info@timbertraincoffeeroasters.com,Peter & Jeff (Founders),Artisanal Vancouver roaster crafting specialty micro-lots paired with chocolate hazelnut pastries; needs modern digital shop.,High
1071,Elysian Coffee Vancouver,Canada,"Vancouver, BC",https://maps.google.com/?q=Elysian%20Coffee%20Vancouver+Vancouver%2C%20BC,Traditional web shop lacking an interactive custom dry fruit and nut gift box builder,Instagram: @elysiancoffeeva / Facebook: Elysian Coffee Vancouver,General Inquiries | info@elysiancoffee.com,Alistair Durie (Founder),Vancouver specialty coffee roaster sourcing coffees from dedicated producers and baking fresh treats; needs modern cafe store.,High
1072,Monogram Coffee Calgary,Canada,"Calgary, AB",https://maps.google.com/?q=Monogram%20Coffee%20Calgary+Calgary%2C%20AB,Traditional web shop lacking an interactive custom dry fruit and nut gift box builder,Instagram: @monogramcoffeec / Facebook: Monogram Coffee Calgary,General Inquiries | hello@monogramcoffee.com,Ben Put (Co-Founder),Canadian national barista champions roasting exceptional coffees and curating chocolate nut treats; needs luxury VIP boutique.,High
1073,Rosso Coffee Roasters Calgary,Canada,"Calgary, AB",https://maps.google.com/?q=Rosso%20Coffee%20Roasters%20Calgary+Calgary%2C%20AB,Traditional web shop lacking an interactive custom dry fruit and nut gift box builder,Instagram: @rossocoffeeroas / Facebook: Rosso Coffee Roasters Calgary,General Inquiries | info@rossocoffeeroasters.com,David & Jessie Rosso (Founders),Calgary specialty coffee roaster sourcing directly from producer families and offering holiday nut tins; needs gift box builder.,High
1074,Phil & Sebastian Coffee Roasters,Canada,"Calgary, AB",https://maps.google.com/?q=Phil%20%26%20Sebastian%20Coffee%20Roasters+Calgary%2C%20AB,Traditional web shop lacking an interactive custom dry fruit and nut gift box builder,Instagram: @philsebastianco / Facebook: Phil & Sebastian Coffee Roasters,General Inquiries | info@philsebastian.com,Phil Robertson & Sebastian Sztabzyb (Founders),Pioneering Canadian roastery focusing on meticulous sourcing and pairing with Hoopla baked treats; needs subscription club.,High
1075,Analog Coffee Calgary,Canada,"Calgary, AB",https://maps.google.com/?q=Analog%20Coffee%20Calgary+Calgary%2C%20AB,Traditional web shop lacking an interactive custom dry fruit and nut gift box builder,Instagram: @analogcoffeecal / Facebook: Analog Coffee Calgary,General Inquiries | info@analogcoffee.ca,Russ Prefontaine (Co-Founder),Calgary craft coffee roasters serving meticulously prepared coffees and pairing with dry fruit pastries; needs modern online store.,High
1076,De Mello Coffee Toronto,Canada,"Toronto, ON",https://maps.google.com/?q=De%20Mello%20Coffee%20Toronto+Toronto%2C%20ON,Traditional web shop lacking an interactive custom dry fruit and nut gift box builder,Instagram: @demellocoffeeto / Facebook: De Mello Coffee Toronto,General Inquiries | info@hellodemello.com,Felix Cha (Co-Founder),Vibrant Toronto specialty coffee roaster and bakery crafting colorful coffee tins and almond brioches; needs playful DTC storefront.,High
1077,Dineen Coffee Co Toronto,Canada,"Toronto, ON",https://maps.google.com/?q=Dineen%20Coffee%20Co%20Toronto+Toronto%2C%20ON,Traditional web shop lacking an interactive custom dry fruit and nut gift box builder,Instagram: @dineencoffeecot / Facebook: Dineen Coffee Co Toronto,General Inquiries | info@dineencoffee.com,Dineen Team (Owners),Heritage boutique cafe in downtown Toronto serving roasted coffees and artisan chocolate nut biscotti; needs luxury gift crate tool.,High
1078,Propeller Coffee Co Toronto,Canada,"Toronto, ON",https://maps.google.com/?q=Propeller%20Coffee%20Co%20Toronto+Toronto%2C%20ON,Traditional web shop lacking an interactive custom dry fruit and nut gift box builder,Instagram: @propellercoffee / Facebook: Propeller Coffee Co Toronto,General Inquiries | info@propellercoffee.com,Losel Tethong (President),Micro-batch specialty coffee roaster winning Roaster of the Year and offering corporate gift sets; needs modern e-commerce portal.,High
1079,Ethical Bean Coffee Vancouver,Canada,"Vancouver, BC",https://maps.google.com/?q=Ethical%20Bean%20Coffee%20Vancouver+Vancouver%2C%20BC,Traditional web shop lacking an interactive custom dry fruit and nut gift box builder,Instagram: @ethicalbeancoff / Facebook: Ethical Bean Coffee Vancouver,General Inquiries | info@ethicalbean.com,Aaron DeCosimo (Director),100% fairtrade and organic certified coffee roaster with traceable bean journey and dried snack treats; needs direct web store.,High
1080,Salt Spring Coffee BC,Canada,"Richmond, BC",https://maps.google.com/?q=Salt%20Spring%20Coffee%20BC+Richmond%2C%20BC,Traditional web shop lacking an interactive custom dry fruit and nut gift box builder,Instagram: @saltspringcoffe / Facebook: Salt Spring Coffee BC,General Inquiries | info@saltspringcoffee.com,Mickey McLeod (Co-Founder),Pioneering organic and fair-to-farmer coffee roaster in British Columbia pairing with dried fruit trail snacks; needs modern shop.,High
1081,Discovery Coffee Victoria,Canada,"Victoria, BC",https://maps.google.com/?q=Discovery%20Coffee%20Victoria+Victoria%2C%20BC,Traditional web shop lacking an interactive custom dry fruit and nut gift box builder,Instagram: @discoverycoffee / Facebook: Discovery Coffee Victoria,General Inquiries | info@discoverycoffee.com,Logan Gray (Owner),Victoria Vancouver Island roastery serving fresh roasted single origins and Yonni's handmade doughnuts; needs local ordering app.,High
1082,Fernwood Coffee Company,Canada,"Victoria, BC",https://maps.google.com/?q=Fernwood%20Coffee%20Company+Victoria%2C%20BC,Traditional web shop lacking an interactive custom dry fruit and nut gift box builder,Instagram: @fernwoodcoffeec / Facebook: Fernwood Coffee Company,General Inquiries | info@fernwoodcoffee.com,Terra & Ben Myers (Owners),Artisanal roastery in Victoria crafting award-winning coffees and pairing with hazelnut chocolate bars; needs modern web boutique.,High
1083,Gail's Artisan Bakery London,UK,London,https://maps.google.com/?q=Gail's%20Artisan%20Bakery%20London+London,Traditional web shop lacking an interactive custom dry fruit and nut gift box builder,Instagram: @gailsartisanbak / Facebook: Gail's Artisan Bakery London,General Inquiries | bread@gailsbread.co.uk,Tom Molnar (Co-Founder & CEO),"Acclaimed London craft bakery baking pecan cinnamon buns, sourdough walnut loaves, and almond croissants; needs corporate catering portal.",High
1084,Ole & Steen Danish Bakery UK,UK,London,https://maps.google.com/?q=Ole%20%26%20Steen%20Danish%20Bakery%20UK+London,Traditional web shop lacking an interactive custom dry fruit and nut gift box builder,Instagram: @olesteendanishb / Facebook: Ole & Steen Danish Bakery UK,General Inquiries | care@oleandsteen.co.uk,Ole Kristoffersen (Co-Founder),"All-day Danish bakery celebrated for cinnamon social slices, marzipan pastries, and dark rye seed breads; needs interactive pre-order app.",High
1085,Paul UK French Artisan Bakeries,UK,London,https://maps.google.com/?q=Paul%20UK%20French%20Artisan%20Bakeries+London,Traditional web shop lacking an interactive custom dry fruit and nut gift box builder,Instagram: @paulukfrenchart / Facebook: Paul UK French Artisan Bakeries,General Inquiries | contact@paul-uk.com,Mark Hilton (CEO),"Traditional French family bakery baking walnut baguettes, almond tartlets, and macarons; needs celebratory gift box builder.",High
1086,Cutter & Squidge Bakery London,UK,London,https://maps.google.com/?q=Cutter%20%26%20Squidge%20Bakery%20London+London,Traditional web shop lacking an interactive custom dry fruit and nut gift box builder,Instagram: @cuttersquidgeba / Facebook: Cutter & Squidge Bakery London,General Inquiries | hello@cutterandsquidge.com,Annabel & Emily Lui (Founders),"All-natural London bakery inventing biskies, hazelnut dream cakes, and gourmet afternoon tea hampers; needs interactive hamper tool.",High
1087,Konditor Cake Makers London,UK,London,https://maps.google.com/?q=Konditor%20Cake%20Makers%20London+London,Traditional web shop lacking an interactive custom dry fruit and nut gift box builder,Instagram: @konditorcakemak / Facebook: Konditor Cake Makers London,General Inquiries | support@konditor.co.uk,Gerhard Jenne (Founder),Pioneering London cake bakery crafting legendary curly whirly cakes and pecan brownies; needs nationwide cake shipping shop.,High
1088,The Hummingbird Bakery London,UK,London,https://maps.google.com/?q=The%20Hummingbird%20Bakery%20London+London,Traditional web shop lacking an interactive custom dry fruit and nut gift box builder,Instagram: @thehummingbirdb / Facebook: The Hummingbird Bakery London,General Inquiries | orders@hummingbirdbakery.com,Tarek Malouf (Founder),"American-style bakery famous for red velvet cupcakes, pecan pies, and celebration cakes; needs interactive custom celebration cake portal.",High
1089,Crosstown Sourdough Doughnuts,UK,London,https://maps.google.com/?q=Crosstown%20Sourdough%20Doughnuts+London,Traditional web shop lacking an interactive custom dry fruit and nut gift box builder,Instagram: @crosstownsourdo / Facebook: Crosstown Sourdough Doughnuts,General Inquiries | orders@crosstown.co.uk,Adam Wills & JP Then (Co-Founders),Pioneering scratch-made sourdough doughnuts filled with pistachio custard and dark chocolate almond ganache; needs corporate gifting shop.,High
1090,Bread Ahead Bakery Borough Market,UK,London,https://maps.google.com/?q=Bread%20Ahead%20Bakery%20Borough%20Market+London,Traditional web shop lacking an interactive custom dry fruit and nut gift box builder,Instagram: @breadaheadbaker / Facebook: Bread Ahead Bakery Borough Market,General Inquiries | admin@breadahead.com,Matthew Jones (Founder),Borough Market artisan bakery and baking school renowned for vanilla bean glazed almond doughnuts; needs digital course & bread shop.,High
1091,Poilâne Sourdough Bakery Paris,France,Paris,https://maps.google.com/?q=Poil%C3%A2ne%20Sourdough%20Bakery%20Paris+Paris,Traditional web shop lacking an interactive custom dry fruit and nut gift box builder,Instagram: @poilnesourdough / Facebook: Poilâne Sourdough Bakery Paris,General Inquiries | contact@poilane.com,Apollonia Poilâne (CEO),World-renowned Paris wood-fired sourdough bakery baking walnut bread and punitions butter biscuits; needs international express shop.,High
1092,Ladurée Paris Maison de Macarons,France,Paris,https://maps.google.com/?q=Ladur%C3%A9e%20Paris%20Maison%20de%20Macarons+Paris,Traditional web shop lacking an interactive custom dry fruit and nut gift box builder,Instagram: @ladureparismais / Facebook: Ladurée Paris Maison de Macarons,General Inquiries | contact@laduree.com,Mélanie Carron (CEO),"Historic luxury French tearoom crafting salted caramel macarons, pistachio dragees, and confection boxes; needs bespoke luxury gift boutique.",High
1093,Pierre Hermé Paris Haute Pâtisserie,France,Paris,https://maps.google.com/?q=Pierre%20Herm%C3%A9%20Paris%20Haute%20P%C3%A2tisserie+Paris,Traditional web shop lacking an interactive custom dry fruit and nut gift box builder,Instagram: @pierrehermparis / Facebook: Pierre Hermé Paris Haute Pâtisserie,General Inquiries | contact@pierreherme.com,Pierre Hermé (Pastry Chef),"The Picasso of Pastry handcrafting Ispahan macarons with rose, raspberry & lychee, and hazelnut praline chocolates; needs VIP luxury salon.",High
1094,Dalloyau Paris Gastronomie 1682,France,Paris,https://maps.google.com/?q=Dalloyau%20Paris%20Gastronomie%201682+Paris,Traditional web shop lacking an interactive custom dry fruit and nut gift box builder,Instagram: @dalloyauparisga / Facebook: Dalloyau Paris Gastronomie 1682,General Inquiries | contact@dalloyau.fr,Dalloyau Team (Directors),Historic caterer to the Palace of Versailles and inventor of the Opera cake with almond sponge; needs royal celebration portal.,High
1095,Fauchon Paris Luxury Gastronomy,France,Paris,https://maps.google.com/?q=Fauchon%20Paris%20Luxury%20Gastronomy+Paris,Traditional web shop lacking an interactive custom dry fruit and nut gift box builder,Instagram: @fauchonparislux / Facebook: Fauchon Paris Luxury Gastronomy,General Inquiries | service-client@fauchon.com,Jérôme Tacnet (CEO),"Iconic Place de la Madeleine gourmet house curating candied marrons, roasted nut confitures, and fine teas; needs luxury gift crate tool.",High
1096,Gran Caffè Gambrinus Naples,Italy,Naples,https://maps.google.com/?q=Gran%20Caff%C3%A8%20Gambrinus%20Naples+Naples,Traditional web shop lacking an interactive custom dry fruit and nut gift box builder,Instagram: @grancaffgambrin / Facebook: Gran Caffè Gambrinus Naples,General Inquiries | info@grancaffegambrinus.com,Massimiliano Rosati (Owner),"Historic literary café in Naples crafting Sfogliatella riccia, Neapolitan babà, and roasted hazelnut pastries; needs online souvenir shop.",High
1097,Demel K. u. K. Hofzuckerbäckerei,Austria,Vienna,https://maps.google.com/?q=Demel%20K.%20u.%20K.%20Hofzuckerb%C3%A4ckerei+Vienna,Traditional web shop lacking an interactive custom dry fruit and nut gift box builder,Instagram: @demelkukhofzuck / Facebook: Demel K. u. K. Hofzuckerbäckerei,General Inquiries | wien@demel.com,Demel Management (Directors),Former Imperial and Royal Court Confectionery bakery in Vienna famous for candied violets and walnut Dobostorte; needs luxury imperial gift shop.,High
1098,Café Sacher Vienna Original,Austria,Vienna,https://maps.google.com/?q=Caf%C3%A9%20Sacher%20Vienna%20Original+Vienna,Traditional web shop lacking an interactive custom dry fruit and nut gift box builder,Instagram: @cafsachervienna / Facebook: Café Sacher Vienna Original,General Inquiries | hotel@sacher.com,Elisabeth Gürtler (Managing Director),Home of the world-famous Original Sacher-Torte layered with apricot jam and dark chocolate icing; needs international express delivery portal.,High
1099,Café Central Vienna Historic,Austria,Vienna,https://maps.google.com/?q=Caf%C3%A9%20Central%20Vienna%20Historic+Vienna,Traditional web shop lacking an interactive custom dry fruit and nut gift box builder,Instagram: @cafcentralvienn / Facebook: Café Central Vienna Historic,General Inquiries | cafecentral@palaisevents.at,Palais Events Management (Directors),"Historic grand Viennese café where intellectuals met, crafting apfelstrudel with raisins and hazelnut tortes; needs celebration order portal.",High
1100,Gerstner K. u. K. Hofzuckerbäcker,Austria,Vienna,https://maps.google.com/?q=Gerstner%20K.%20u.%20K.%20Hofzuckerb%C3%A4cker+Vienna,Traditional web shop lacking an interactive custom dry fruit and nut gift box builder,Instagram: @gerstnerkukhofz / Facebook: Gerstner K. u. K. Hofzuckerbäcker,General Inquiries | info@gerstner.at,Gerstner Team (Directors),"Over 170 years of imperial Viennese confectionery creating punch cakes, marzipan fruits, and chocolate truffles; needs digital palace boutique.",High
1101,Café Landtmann Ringstraße Vienna,Austria,Vienna,https://maps.google.com/?q=Caf%C3%A9%20Landtmann%20Ringstra%C3%9Fe%20Vienna+Vienna,Traditional web shop lacking an interactive custom dry fruit and nut gift box builder,Instagram: @caflandtmannrin / Facebook: Café Landtmann Ringstraße Vienna,General Inquiries | cafe@landtmann.at,Querfeld Family (Owners),"Iconic Ringstraße coffeehouse since 1873 serving Mozart torte with pistachios, almond Gugelhupf, and Melange; needs online cake delivery shop.",High
1102,Konditorei Oberlaa Kurkonditorei,Austria,Vienna,https://maps.google.com/?q=Konditorei%20Oberlaa%20Kurkonditorei+Vienna,Traditional web shop lacking an interactive custom dry fruit and nut gift box builder,Instagram: @konditoreioberl / Facebook: Konditorei Oberlaa Kurkonditorei,General Inquiries | zentrale@oberlaa-wien.at,Oberlaa Management (Directors),"Vienna's premier confectionery producing handmade almond macarons, marzipan figurines, and chocolate pralines; needs interactive gift tin builder.",High
