id,business_name,country,city,maps_profile,website_status,social,contact,owner,why_need_website,quality
503,Golden Kernel Pecan Co,USA,"Cameron, SC",https://maps.google.com/?q=Golden%20Kernel%20Pecan%20Co+Cameron%2C%20SC,Traditional web shop lacking an interactive custom dry fruit and nut gift box builder,Instagram: @goldenkernelpec / Facebook: Golden Kernel Pecan Co,General Inquiries | pecans@goldenkernel.com,David Summers (Owner),Specializes in high-oil content South Carolina pecans and chocolate-dipped pecan clusters; needs a recurring seasonal subscription box service.,High
504,Durham-Ellis Pecan Co,USA,"Comanche, TX",https://maps.google.com/?q=Durham-Ellis%20Pecan%20Co+Comanche%2C%20TX,Traditional web shop lacking an interactive custom dry fruit and nut gift box builder,Instagram: @durhamellispeca / Facebook: Durham-Ellis Pecan Co,General Inquiries | orders@durhampecan.com,Kenneth Durham (President),Large-scale Texas pecan processor with high-end retail gift packs; needs a streamlined B2B wholesale portal and consumer holiday gifting portal.,High
505,Millican Pecan Company,USA,"San Saba, TX",https://maps.google.com/?q=Millican%20Pecan%20Company+San%20Saba%2C%20TX,Traditional web shop lacking an interactive custom dry fruit and nut gift box builder,Instagram: @millicanpecanco / Facebook: Millican Pecan Company,General Inquiries | support@pecan.com,Winston Millican (Owner),Operating in the Pecan Capital of the World since 1888; requires an updated headless luxury storefront to match their historical premium legacy.,High
506,Cane River Pecan Company,USA,"New Iberia, LA",https://maps.google.com/?q=Cane%20River%20Pecan%20Company+New%20Iberia%2C%20LA,Traditional web shop lacking an interactive custom dry fruit and nut gift box builder,Instagram: @caneriverpecanc / Facebook: Cane River Pecan Company,General Inquiries | service@caneriverpecan.com,Jady Regard (Chief Nut Officer),Specializes in executive corporate gifting with custom tin embossing and Louisiana roasted pecans; would benefit from real-time corporate branding preview.,High
507,Green Valley Pecan Company,USA,"Sahuarita, AZ",https://maps.google.com/?q=Green%20Valley%20Pecan%20Company+Sahuarita%2C%20AZ,Traditional web shop lacking an interactive custom dry fruit and nut gift box builder,Instagram: @greenvalleypeca / Facebook: Green Valley Pecan Company,General Inquiries | info@greenvalleypecan.com,Dick Walden (President),World's largest irrigated pecan orchard; needs direct-to-consumer gourmet brand storefront to showcase organic certified and Kosher pecan halves.,High
508,Whaley Pecan Company,USA,"Troy, AL",https://maps.google.com/?q=Whaley%20Pecan%20Company+Troy%2C%20AL,Traditional web shop lacking an interactive custom dry fruit and nut gift box builder,Instagram: @whaleypecancomp / Facebook: Whaley Pecan Company,General Inquiries | customerservice@whaleypecan.com,Jimmy Whaley (Owner),Family-owned since 1937 supplying premium mammoth halves and pieces; missing interactive customer reviews and mobile 1-click Apple Pay checkout.,High
509,Holmquist Hazelnut Orchards,USA,"Lynden, WA",https://maps.google.com/?q=Holmquist%20Hazelnut%20Orchards+Lynden%2C%20WA,Traditional web shop lacking an interactive custom dry fruit and nut gift box builder,Instagram: @holmquisthazeln / Facebook: Holmquist Hazelnut Orchards,General Inquiries | info@holmquisthazelnuts.com,Richard Holmquist (Owner),Family orchard dry-roasting Washington DuChilly hazelnuts without added oils; needs modern direct-to-consumer store with wholesale tiers.,High
510,Freddy Guys Hazelnuts,USA,"Monmouth, OR",https://maps.google.com/?q=Freddy%20Guys%20Hazelnuts+Monmouth%2C%20OR,Traditional web shop lacking an interactive custom dry fruit and nut gift box builder,Instagram: @freddyguyshazel / Facebook: Freddy Guys Hazelnuts,General Inquiries | hazelnuts@freddyguys.com,Barb Gehrett (Co-Owner),"Certified sustainable Oregon hazelnut grower known for fresh-roasted, diced, and hazelnut pancake flour; lacks automated subscription deliveries.",High
511,Ken & June's Hazelnuts,USA,"St. Paul, OR",https://maps.google.com/?q=Ken%20%26%20June's%20Hazelnuts+St.%20Paul%2C%20OR,Traditional web shop lacking an interactive custom dry fruit and nut gift box builder,Instagram: @kenjuneshazelnu / Facebook: Ken & June's Hazelnuts,General Inquiries | info@kjhazelnuts.com,Ken Iverson (Owner),"Willamette Valley orchard producing milk chocolate, dark chocolate, and marionberry hazelnuts; needs an interactive Build-A-Box feature.",High
512,Glenda's Farmhouse,USA,"Vina, CA",https://maps.google.com/?q=Glenda's%20Farmhouse+Vina%2C%20CA,Traditional web shop lacking an interactive custom dry fruit and nut gift box builder,Instagram: @glendasfarmhous / Facebook: Glenda's Farmhouse,General Inquiries | hello@glendasfarmhouse.com,Mike Evans (COO),Northern California regenerative walnut and almond orchard; needs custom nut butter and snack subscription management portal.,High
513,Andersen & Sons Shelling,USA,"Vina, CA",https://maps.google.com/?q=Andersen%20%26%20Sons%20Shelling+Vina%2C%20CA,Traditional web shop lacking an interactive custom dry fruit and nut gift box builder,Instagram: @andersensonsshe / Facebook: Andersen & Sons Shelling,General Inquiries | info@andersenshelling.com,Ryan Andersen (Vice President),Processors of organic certified California walnuts and cold-pressed walnut oil; needs premium retail brand showcase for health-conscious foodies.,High
514,Crain Walnut Shelling,USA,"Los Molinos, CA",https://maps.google.com/?q=Crain%20Walnut%20Shelling+Los%20Molinos%2C%20CA,Traditional web shop lacking an interactive custom dry fruit and nut gift box builder,Instagram: @crainwalnutshel / Facebook: Crain Walnut Shelling,General Inquiries | info@crainwalnut.com,Charles Crain (President),Pioneer English walnut processor in Tehama County; needs a dedicated gourmet consumer line website with recipes and gift boxes.,High
515,Carriere Family Farms,USA,"Glenn, CA",https://maps.google.com/?q=Carriere%20Family%20Farms+Glenn%2C%20CA,Traditional web shop lacking an interactive custom dry fruit and nut gift box builder,Instagram: @carrierefamilyf / Facebook: Carriere Family Farms,General Inquiries | info@carrierefarms.com,Bill Carriere (President),Fifth-generation Sacramento Valley rice and walnut grower; needs modern digital storefront for direct sales of farm-fresh in-shell and halves.,High
516,Dixon Ridge Farms,USA,"Winters, CA",https://maps.google.com/?q=Dixon%20Ridge%20Farms+Winters%2C%20CA,Traditional web shop lacking an interactive custom dry fruit and nut gift box builder,Instagram: @dixonridgefarms / Facebook: Dixon Ridge Farms,General Inquiries | info@dixonridgefarms.com,Russ Lester (Founder),"Pioneering 100% organic, solar and biomass-powered walnut grower; needs luxury sustainability-focused branding and e-commerce checkout.",High
517,Stewart & Jasper Orchards,USA,"Newman, CA",https://maps.google.com/?q=Stewart%20%26%20Jasper%20Orchards+Newman%2C%20CA,Traditional web shop lacking an interactive custom dry fruit and nut gift box builder,Instagram: @stewartjasperor / Facebook: Stewart & Jasper Orchards,General Inquiries | orders@stewartandjasper.com,Jason Jasper (President),"California almond growers known for gourmet almond butter, roasted glazed nuts, and fruit baskets; needs responsive gift builder.",High
518,Sierra Nut House,USA,"Fresno, CA",https://maps.google.com/?q=Sierra%20Nut%20House+Fresno%2C%20CA,Traditional web shop lacking an interactive custom dry fruit and nut gift box builder,Instagram: @sierranuthouse / Facebook: Sierra Nut House,General Inquiries | info@sierranuthouse.com,Joann Sollimo (General Manager),"San Joaquin Valley institution curating fresh dried fruits, raw nuts, and regional wine pairings; needs updated online gift basket builder.",High
519,Fiddyment Farms Pistachios,USA,"Lincoln, CA",https://maps.google.com/?q=Fiddyment%20Farms%20Pistachios+Lincoln%2C%20CA,Traditional web shop lacking an interactive custom dry fruit and nut gift box builder,Instagram: @fiddymentfarmsp / Facebook: Fiddyment Farms Pistachios,General Inquiries | sales@fiddymentfarms.com,Diane Peterson (President),Grown and roasted pistachios in California since 1958 with 12 gourmet flavors; needs modern mobile commerce and subscription club.,High
520,Nichols Farms Pistachios & Almonds,USA,"Hanford, CA",https://maps.google.com/?q=Nichols%20Farms%20Pistachios%20%26%20Almonds+Hanford%2C%20CA,Traditional web shop lacking an interactive custom dry fruit and nut gift box builder,Instagram: @nicholsfarmspis / Facebook: Nichols Farms Pistachios & Almonds,General Inquiries | info@nicholsfarms.com,Chuck Nichols (President),San Joaquin Valley grower producing nonpareil almonds and colossal pistachios; needs consumer retail storefront highlighting farm-to-table traceability.,High
521,Heart of the Desert Pistachios & Wine,USA,"Alamogordo, NM",https://maps.google.com/?q=Heart%20of%20the%20Desert%20Pistachios%20%26%20Wine+Alamogordo%2C%20NM,Traditional web shop lacking an interactive custom dry fruit and nut gift box builder,Instagram: @heartofthedeser / Facebook: Heart of the Desert Pistachios & Wine,General Inquiries | orders@heartofthedesert.com,Marianne Schweers (Owner),Home to New Mexico's premier pistachio groves and vineyards; needs an integrated wine and gourmet nut gift basket checkout system.,High
522,Traina Dried Fruit,USA,"Patterson, CA",https://maps.google.com/?q=Traina%20Dried%20Fruit+Patterson%2C%20CA,Traditional web shop lacking an interactive custom dry fruit and nut gift box builder,Instagram: @trainadriedfrui / Facebook: Traina Dried Fruit,General Inquiries | info@traina.com,Willie Traina (CEO),"Specializes in California sun-dried plums, apricots, and California Sun Dried Tomato Ketchup; needs direct-to-consumer store with custom recipe pairings.",High
523,B&R Farms Blenheim Apricots,USA,"Hollister, CA",https://maps.google.com/?q=B%26R%20Farms%20Blenheim%20Apricots+Hollister%2C%20CA,Traditional web shop lacking an interactive custom dry fruit and nut gift box builder,Instagram: @brfarmsblenheim / Facebook: B&R Farms Blenheim Apricots,General Inquiries | info@brfarms.com,Jim Rossi (Co-Owner),"Specializes exclusively in California Blenheim apricots, preserves, and dried fruit gift trays; needs custom gift box builder for corporate gifting.",High
524,Mariani Nut Company,USA,"Winters, CA",https://maps.google.com/?q=Mariani%20Nut%20Company+Winters%2C%20CA,Traditional web shop lacking an interactive custom dry fruit and nut gift box builder,Instagram: @marianinutcompa / Facebook: Mariani Nut Company,General Inquiries | info@marianinut.com,Matt Mariani (Sales Director),Global supplier of California premium almonds and walnuts; needs a direct retail customer store showcasing premium reserve selections.,High
525,Superior Nut Company,USA,"Cambridge, MA",https://maps.google.com/?q=Superior%20Nut%20Company+Cambridge%2C%20MA,Traditional web shop lacking an interactive custom dry fruit and nut gift box builder,Instagram: @superiornutcomp / Facebook: Superior Nut Company,General Inquiries | customerservice@superiornut.com,Mark Singer (President),"Roasting high-grade cashews, macadamias, and fruit nut mixes in Boston since 1929; needs modern mobile navigation and tiered subscriptions.",High
526,Fastachi Artisanal Nut Roasters,USA,"Watertown, MA",https://maps.google.com/?q=Fastachi%20Artisanal%20Nut%20Roasters+Watertown%2C%20MA,Traditional web shop lacking an interactive custom dry fruit and nut gift box builder,Instagram: @fastachiartisan / Facebook: Fastachi Artisanal Nut Roasters,General Inquiries | orders@fastachi.com,Souren Etyemezian (Master Roaster),"Hand-roasts small-batch nuts in steel drums, known for gourmet gift tins; needs a digital custom tin builder for holiday wedding favors.",High
527,Nuts On Clark,USA,"Chicago, IL",https://maps.google.com/?q=Nuts%20On%20Clark+Chicago%2C%20IL,Traditional web shop lacking an interactive custom dry fruit and nut gift box builder,Instagram: @nutsonclark / Facebook: Nuts On Clark,General Inquiries | info@nutsonclark.com,Estelle Kenney (Owner),Chicago institution famous for fresh warm roasted nuts and gourmet popcorn tins; needs multi-address corporate gift shipping tool.,High
528,Bazzini Gourmet Nuts & Confections,USA,"Allentown, PA",https://maps.google.com/?q=Bazzini%20Gourmet%20Nuts%20%26%20Confections+Allentown%2C%20PA,Traditional web shop lacking an interactive custom dry fruit and nut gift box builder,Instagram: @bazzinigourmetn / Facebook: Bazzini Gourmet Nuts & Confections,General Inquiries | sales@bazzininuts.com,Rocco Gangemi (President),Supplying gourmet roasted nuts and chocolate fruits to premier venues since 1886; needs a modern B2C direct storefront.,High
529,Traverse Bay Farms,USA,"Bellaire, MI",https://maps.google.com/?q=Traverse%20Bay%20Farms+Bellaire%2C%20MI,Traditional web shop lacking an interactive custom dry fruit and nut gift box builder,Instagram: @traversebayfarm / Facebook: Traverse Bay Farms,General Inquiries | contact@traversebayfarms.com,Andy LaPointe (Marketing Director),"Specializes in dried Montmorency tart cherries, fruit salsas, and natural wellness snacks; needs modern subscription management.",High
530,Meduri Farms,USA,"Dallas, OR",https://maps.google.com/?q=Meduri%20Farms+Dallas%2C%20OR,Traditional web shop lacking an interactive custom dry fruit and nut gift box builder,Instagram: @medurifarms / Facebook: Meduri Farms,General Inquiries | customerservice@medurifarms.com,Joe Meduri (President),"Small-batch Oregon dried berries, cranberries, and artisanal chocolate fruits; needs custom corporate gifting basket tool.",High
531,Stoneridge Orchards,USA,"Royal City, WA",https://maps.google.com/?q=Stoneridge%20Orchards+Royal%20City%2C%20WA,Traditional web shop lacking an interactive custom dry fruit and nut gift box builder,Instagram: @stoneridgeorcha / Facebook: Stoneridge Orchards,General Inquiries | info@stoneridgeorchards.com,Patrick Dorsing (Brand Director),Whole Montmorency cherries and berries dipped in 70% dark chocolate; needs modern luxury confectionery aesthetic.,High
532,Fruit d'Or Organic,Canada,"Villeroy, QC",https://maps.google.com/?q=Fruit%20d'Or%20Organic+Villeroy%2C%20QC,Traditional web shop lacking an interactive custom dry fruit and nut gift box builder,Instagram: @fruitdororganic / Facebook: Fruit d'Or Organic,General Inquiries | info@fruit-dor.ca,Martin Le Moine (President),Global leader in organic cranberry and wild blueberry drying; needs modern brand showcase for gourmet consumer lines.,High
533,Terra Beata Cranberries,Canada,"Lunenburg, NS",https://maps.google.com/?q=Terra%20Beata%20Cranberries+Lunenburg%2C%20NS,Traditional web shop lacking an interactive custom dry fruit and nut gift box builder,Instagram: @terrabeatacranb / Facebook: Terra Beata Cranberries,General Inquiries | sales@terrabeata.com,David Ernst (Owner),Nova Scotia coastal cranberry and blueberry farm crafting dried berries and preserves; needs modern online gift crate order tool.,High
534,Oasis Date Gardens,USA,"Thermal, CA",https://maps.google.com/?q=Oasis%20Date%20Gardens+Thermal%2C%20CA,Traditional web shop lacking an interactive custom dry fruit and nut gift box builder,Instagram: @oasisdategarden / Facebook: Oasis Date Gardens,General Inquiries | info@oasisdate.com,Don O'Dell (General Manager),Organic date grower operating in the Coachella Valley since 1912 with 15+ heirloom varieties; needs custom date flight sampler box.,High
535,Sam Cobb Date Farms,USA,"Desert Hot Springs, CA",https://maps.google.com/?q=Sam%20Cobb%20Date%20Farms+Desert%20Hot%20Springs%2C%20CA,Traditional web shop lacking an interactive custom dry fruit and nut gift box builder,Instagram: @samcobbdatefarm / Facebook: Sam Cobb Date Farms,General Inquiries | samcobbdatefarms@gmail.com,Sam Cobb (Owner),Specializes in exclusive Black Gold and Cobb Gem date cultivars; needs high-end direct-to-consumer farm-to-table subscription.,High
536,Bautista Family Organic Date Ranch,USA,"Mecca, CA",https://maps.google.com/?q=Bautista%20Family%20Organic%20Date%20Ranch+Mecca%2C%20CA,Traditional web shop lacking an interactive custom dry fruit and nut gift box builder,Instagram: @bautistafamilyo / Facebook: Bautista Family Organic Date Ranch,General Inquiries | bautistadates@gmail.com,Alicia Bautista (Co-Owner),"Permaculture organic date farm famous for creamy Barhi, Halawi, and Khadrawi dates; needs modern online ordering interface.",High
537,Joolies Organic Medjool Dates,USA,"Venice, CA",https://maps.google.com/?q=Joolies%20Organic%20Medjool%20Dates+Venice%2C%20CA,Traditional web shop lacking an interactive custom dry fruit and nut gift box builder,Instagram: @jooliesorganicm / Facebook: Joolies Organic Medjool Dates,General Inquiries | hi@joolies.com,David Kranz (Co-Founder),Playful modern brand bringing organic California Medjool dates to young shoppers; needs custom bundle discount checkout.,High
538,SunDate California,USA,"Coachella, CA",https://maps.google.com/?q=SunDate%20California+Coachella%2C%20CA,Traditional web shop lacking an interactive custom dry fruit and nut gift box builder,Instagram: @sundatecaliforn / Facebook: SunDate California,General Inquiries | info@sundateusa.com,DJ Ryan (Sales Director),Major grower-shipper of fresh Californian Medjool and Deglet Noor dates; needs direct retail consumer storefront.,High
539,Desert Valley Date,USA,"Coachella, CA",https://maps.google.com/?q=Desert%20Valley%20Date+Coachella%2C%20CA,Traditional web shop lacking an interactive custom dry fruit and nut gift box builder,Instagram: @desertvalleydat / Facebook: Desert Valley Date,General Inquiries | info@desertvalleydate.com,Anthony Bianco (Managing Partner),"Supplying pitted, chopped, and whole Coachella dates to food manufacturers; needs automated sample request and retail packaging shop.",High
540,Q's Nuts Artisanal Roasters,USA,"Somerville, MA",https://maps.google.com/?q=Q's%20Nuts%20Artisanal%20Roasters+Somerville%2C%20MA,Traditional web shop lacking an interactive custom dry fruit and nut gift box builder,Instagram: @qsnutsartisanal / Facebook: Q's Nuts Artisanal Roasters,General Inquiries | orders@qsnuts.com,Beth Quinn (Co-Founder),"Small-batch roast house known for Cayenne Mango, Rosemary Sea Salt, and Chocolate Lavender almonds; needs custom tin builder.",High
541,City Peanut Nutrition & Roasters,USA,"Boise, ID",https://maps.google.com/?q=City%20Peanut%20Nutrition%20%26%20Roasters+Boise%2C%20ID,Traditional web shop lacking an interactive custom dry fruit and nut gift box builder,Instagram: @citypeanutnutri / Facebook: City Peanut Nutrition & Roasters,General Inquiries | info@citypeanut.com,Dan Balluff (Owner),"Handcrafted nut brittles, candied wild berries, and spiced craft beer peanuts; needs holiday corporate gift box customization.",High
542,P-Nut Processors & Nut Co,USA,"Houston, TX",https://maps.google.com/?q=P-Nut%20Processors%20%26%20Nut%20Co+Houston%2C%20TX,Traditional web shop lacking an interactive custom dry fruit and nut gift box builder,Instagram: @pnutprocessorsn / Facebook: P-Nut Processors & Nut Co,General Inquiries | sales@pnut.com,Robert Perez (Owner),"Southern Texas nut roaster specializing in giant cashews, smoked almonds, and praline pecans; needs sleek mobile checkout.",High
543,The Peanut Shop of Williamsburg,USA,"Williamsburg, VA",https://maps.google.com/?q=The%20Peanut%20Shop%20of%20Williamsburg+Williamsburg%2C%20VA,Traditional web shop lacking an interactive custom dry fruit and nut gift box builder,Instagram: @thepeanutshopof / Facebook: The Peanut Shop of Williamsburg,General Inquiries | customerservice@thepeanutshop.com,Michael Valentine (President),Virginia hand-cooked jumbo peanuts and specialty nut gift samplers; needs corporate gifting multi-ship address manager.,High
544,Feridies Virginia Peanuts,USA,"Courtland, VA",https://maps.google.com/?q=Feridies%20Virginia%20Peanuts+Courtland%2C%20VA,Traditional web shop lacking an interactive custom dry fruit and nut gift box builder,Instagram: @feridiesvirgini / Facebook: Feridies Virginia Peanuts,General Inquiries | customerservice@feridies.com,Jane Riddick-Fries (Co-Owner),"Specialty gourmet peanuts, cashews, dried fruit snack mixes, and tower gifts; needs interactive custom gift tower builder.",High
545,Virginia Diner Specialty Nuts,USA,"Wakefield, VA",https://maps.google.com/?q=Virginia%20Diner%20Specialty%20Nuts+Wakefield%2C%20VA,Traditional web shop lacking an interactive custom dry fruit and nut gift box builder,Instagram: @virginiadinersp / Facebook: Virginia Diner Specialty Nuts,General Inquiries | customerservice@vadiner.com,Andrew Bauer (President),"Legendary diner brand producing gourmet seasoned peanuts, butter toffee nuts, and gift boxes; needs modern e-commerce platform.",High
546,Hope & Harmony Farms Peanuts,USA,"Drewryville, VA",https://maps.google.com/?q=Hope%20%26%20Harmony%20Farms%20Peanuts+Drewryville%2C%20VA,Traditional web shop lacking an interactive custom dry fruit and nut gift box builder,Instagram: @hopeharmonyfarm / Facebook: Hope & Harmony Farms Peanuts,General Inquiries | info@hopeandharmonyfarms.com,Stephanie Pope (Co-Founder),Fourth-generation peanut farmers offering fresh-roasted jumbo Virginia peanuts in vintage burlap sacks; needs gift set customizer.,High
547,Koeze Company Gourmet Nuts,USA,"Grand Rapids, MI",https://maps.google.com/?q=Koeze%20Company%20Gourmet%20Nuts+Grand%20Rapids%2C%20MI,Traditional web shop lacking an interactive custom dry fruit and nut gift box builder,Instagram: @koezecompanygou / Facebook: Koeze Company Gourmet Nuts,General Inquiries | service@koeze.com,Jeff Koeze (President),Famed for Cream-Nut peanut butter and glass decanter gift jars of colossal cashews; needs luxury editorial redesign and corporate portal.,High
548,GNS Foods Gourmet Nut Shoppe,USA,"Arlington, TX",https://maps.google.com/?q=GNS%20Foods%20Gourmet%20Nut%20Shoppe+Arlington%2C%20TX,Traditional web shop lacking an interactive custom dry fruit and nut gift box builder,Instagram: @gnsfoodsgourmet / Facebook: GNS Foods Gourmet Nut Shoppe,General Inquiries | sales@gnsfoods.com,Kim Peacock (President),"Woman-owned nut processor manufacturing roasted nuts, praline pecans, and fruit nut clusters; needs responsive B2B/B2C store.",High
549,Nutstop Gourmet Bulk & Retail,USA,"North Hollywood, CA",https://maps.google.com/?q=Nutstop%20Gourmet%20Bulk%20%26%20Retail+North%20Hollywood%2C%20CA,Traditional web shop lacking an interactive custom dry fruit and nut gift box builder,Instagram: @nutstopgourmetb / Facebook: Nutstop Gourmet Bulk & Retail,General Inquiries | support@nutstop.com,Albert Varkoni (Owner),"Extensive range of imported dried fruits, raw nuts, and superfood seeds; needs interactive custom trail mix designer.",High
550,We Got Nuts,USA,"Brooklyn, NY",https://maps.google.com/?q=We%20Got%20Nuts+Brooklyn%2C%20NY,Traditional web shop lacking an interactive custom dry fruit and nut gift box builder,Instagram: @wegotnuts / Facebook: We Got Nuts,General Inquiries | support@wegotnuts.com,Isaac Mizrahi (Co-Founder),"Brooklyn roaster offering colossal nuts, dried ginger, and exotic fruit trays; needs modern mobile-first cart and loyalty rewards.",High
551,Oh! Nuts Confections & Dried Fruit,USA,"Brooklyn, NY",https://maps.google.com/?q=Oh!%20Nuts%20Confections%20%26%20Dried%20Fruit+Brooklyn%2C%20NY,Traditional web shop lacking an interactive custom dry fruit and nut gift box builder,Instagram: @ohnutsconfectio / Facebook: Oh! Nuts Confections & Dried Fruit,General Inquiries | orders@ohnuts.com,David Klein (Operations Director),"High-end Kosher certified dried fruit platters, nut gift baskets, and holiday trays; needs corporate bulk order spreadsheet uploader.",High
552,Sincerely Nuts,USA,"Marlboro, NJ",https://maps.google.com/?q=Sincerely%20Nuts+Marlboro%2C%20NJ,Traditional web shop lacking an interactive custom dry fruit and nut gift box builder,Instagram: @sincerelynuts / Facebook: Sincerely Nuts,General Inquiries | support@sincerelynuts.com,Michael Cohen (Founder),"Supplying dried tropical fruits, organic nuts, and chia seeds; needs dynamic bulk discounts and recurring subscription delivery.",High
553,Living Tree Community Foods,USA,"Berkeley, CA",https://maps.google.com/?q=Living%20Tree%20Community%20Foods+Berkeley%2C%20CA,Traditional web shop lacking an interactive custom dry fruit and nut gift box builder,Instagram: @livingtreecommu / Facebook: Living Tree Community Foods,General Inquiries | info@livingtreecommunity.com,Jesse Schwartz (Founder),Specializes in organic raw sprouted California almond butters and sun-dried olives/figs; needs clean organic storefront upgrade.,High
554,Sunfood Superfoods,USA,"El Cajon, CA",https://maps.google.com/?q=Sunfood%20Superfoods+El%20Cajon%2C%20CA,Traditional web shop lacking an interactive custom dry fruit and nut gift box builder,Instagram: @sunfoodsuperfoo / Facebook: Sunfood Superfoods,General Inquiries | support@sunfood.com,David Wolfe (Co-Founder),"Wildcrafted and organic raw cacao, golden berries, and sun-dried white mulberries; needs interactive wellness bundle builder.",High
555,Wildway Grain-Free Snacks,USA,"San Antonio, TX",https://maps.google.com/?q=Wildway%20Grain-Free%20Snacks+San%20Antonio%2C%20TX,Traditional web shop lacking an interactive custom dry fruit and nut gift box builder,Instagram: @wildwaygrainfre / Facebook: Wildway Grain-Free Snacks,General Inquiries | info@wildwayoflife.com,Kyler Phillips (Co-Founder),"Grain-free granolas made purely of dates, nuts, seeds, and dried fruit; needs custom snack box subscription builder.",High
556,Prana Organic Snacks,Canada,"Montreal, QC",https://maps.google.com/?q=Prana%20Organic%20Snacks+Montreal%2C%20QC,Traditional web shop lacking an interactive custom dry fruit and nut gift box builder,Instagram: @pranaorganicsna / Facebook: Prana Organic Snacks,General Inquiries | info@pranaorganic.ca,Marie-Josée Richer (Co-Founder),"Organic trail mixes, sprouted chia seeds, and chocolate covered nuts; needs US/Canada bilingual storefront and gift builder.",High
557,Yupik Dried Fruits & Nuts,Canada,"Montreal, QC",https://maps.google.com/?q=Yupik%20Dried%20Fruits%20%26%20Nuts+Montreal%2C%20QC,Traditional web shop lacking an interactive custom dry fruit and nut gift box builder,Instagram: @yupikdriedfruit / Facebook: Yupik Dried Fruits & Nuts,General Inquiries | info@yupik.com,Tony Tedeschi (VP Retail),"Broad selection of raw nuts, sun-dried dates, and organic seeds; needs modern responsive storefront with wholesale inquiry.",High
558,Whitworths Dried Fruits & Seeds,United Kingdom,Irthlingborough,https://maps.google.com/?q=Whitworths%20Dried%20Fruits%20%26%20Seeds+Irthlingborough,Traditional web shop lacking an interactive custom dry fruit and nut gift box builder,Instagram: @whitworthsdried / Facebook: Whitworths Dried Fruits & Seeds,General Inquiries | consumer.care@whitworths.co.uk,Peter Gardner (Managing Director),"UK's historic leader in premium dried baking fruits, snacking nuts, and exotic dates; needs a bespoke direct-to-door luxury subscription club.",High
559,Grape Tree Wholefoods & Nuts,United Kingdom,Kingswinford,https://maps.google.com/?q=Grape%20Tree%20Wholefoods%20%26%20Nuts+Kingswinford,Traditional web shop lacking an interactive custom dry fruit and nut gift box builder,Instagram: @grapetreewholef / Facebook: Grape Tree Wholefoods & Nuts,General Inquiries | online@grapetree.co.uk,Nick Shutts (Founder),Fast-growing high-street wholefoods retailer with extensive nut & dried fruit offerings; needs modernized online click-and-collect and subscription.,High
560,Community Foods Organic,United Kingdom,"Witham, Essex",https://maps.google.com/?q=Community%20Foods%20Organic+Witham%2C%20Essex,Traditional web shop lacking an interactive custom dry fruit and nut gift box builder,Instagram: @communityfoodso / Facebook: Community Foods Organic,General Inquiries | sales@communityfoods.co.uk,David Neal (Managing Director),"Specialist importer of organic dried vines, nuts, and organic seeds; needs direct-to-consumer artisanal marketplace experience.",High
561,Good4U Super-sprouts & Seeds,Ireland,Sligo,https://maps.google.com/?q=Good4U%20Super-sprouts%20%26%20Seeds+Sligo,Traditional web shop lacking an interactive custom dry fruit and nut gift box builder,Instagram: @good4usuperspro / Facebook: Good4U Super-sprouts & Seeds,General Inquiries | hello@good4u.co,Bernie Butler (Founder),Family business creating functional salad toppers and roasted seed snacks; needs interactive salad recipe and snack box builder.,High
562,Munchy Seeds Roasted Seeds,United Kingdom,"Leiston, Suffolk",https://maps.google.com/?q=Munchy%20Seeds%20Roasted%20Seeds+Leiston%2C%20Suffolk,Traditional web shop lacking an interactive custom dry fruit and nut gift box builder,Instagram: @munchyseedsroas / Facebook: Munchy Seeds Roasted Seeds,General Inquiries | hello@munchyseeds.co.uk,Lucinda Clay (Co-Founder),"Crunchy dry-roasted pumpkin, sunflower, and sesame seed blends; needs modern mobile checkout and gift tin packaging.",High
563,Hatton Hill Organic Nuts,United Kingdom,London,https://maps.google.com/?q=Hatton%20Hill%20Organic%20Nuts+London,Traditional web shop lacking an interactive custom dry fruit and nut gift box builder,Instagram: @hattonhillorgan / Facebook: Hatton Hill Organic Nuts,General Inquiries | support@hattonhill.com,Naveen Sharma (Founder),"Curates certified organic cashews, walnuts, dates, and superfood spices; needs interactive corporate gifting portal.",High
564,Wholefood Earth Organics,United Kingdom,"Broadstairs, Kent",https://maps.google.com/?q=Wholefood%20Earth%20Organics+Broadstairs%2C%20Kent,Traditional web shop lacking an interactive custom dry fruit and nut gift box builder,Instagram: @wholefoodeartho / Facebook: Wholefood Earth Organics,General Inquiries | info@wholefoodearth.com,Constantin Tudor (Managing Director),"Sustainable organic dried fruits, chia seeds, and raw nuts in 100% biodegradable bags; needs loyalty points and bundle savings.",High
565,Real Foods Scotland,United Kingdom,Edinburgh,https://maps.google.com/?q=Real%20Foods%20Scotland+Edinburgh,Traditional web shop lacking an interactive custom dry fruit and nut gift box builder,Instagram: @realfoodsscotla / Facebook: Real Foods Scotland,General Inquiries | web@realfoods.co.uk,Richard Howard (Director),Edinburgh's natural food pioneer since 1963 stocking heirloom nuts and organic dried fruits; needs responsive online shopping UI.,High
566,Highland Wholefoods,United Kingdom,Inverness,https://maps.google.com/?q=Highland%20Wholefoods+Inverness,Traditional web shop lacking an interactive custom dry fruit and nut gift box builder,Instagram: @highlandwholefo / Facebook: Highland Wholefoods,General Inquiries | sales@highlandwholefoods.co.uk,Ewan Campbell (Manager),Worker co-operative supplying fair trade dried fruits and nuts to the Scottish Highlands; needs modern digital B2B catalog.,High
567,Suma Wholefoods Co-operative,United Kingdom,"Elland, West Yorkshire",https://maps.google.com/?q=Suma%20Wholefoods%20Co-operative+Elland%2C%20West%20Yorkshire,Traditional web shop lacking an interactive custom dry fruit and nut gift box builder,Instagram: @sumawholefoodsc / Facebook: Suma Wholefoods Co-operative,General Inquiries | orders@suma.coop,Nigel Smith (Procurement),"Renowned worker co-operative supplying organic dried fruits, nuts, and fair trade seeds; needs consumer-facing gift box showcase.",High
568,Essential Trading Co-operative,United Kingdom,Bristol,https://maps.google.com/?q=Essential%20Trading%20Co-operative+Bristol,Traditional web shop lacking an interactive custom dry fruit and nut gift box builder,Instagram: @essentialtradin / Facebook: Essential Trading Co-operative,General Inquiries | sales@essential-trading.coop,Eliot Brown (Sales Manager),"Ethical wholesaler of organic dried mango, mulberries, and almonds; needs modernized digital sample and gift box portal.",High
569,Boundless Activated Snacking,United Kingdom,Bristol,https://maps.google.com/?q=Boundless%20Activated%20Snacking+Bristol,Traditional web shop lacking an interactive custom dry fruit and nut gift box builder,Instagram: @boundlessactiva / Facebook: Boundless Activated Snacking,General Inquiries | hello@weareboundless.co.uk,Cathy Moseley (Founder),Activated gut-friendly chips and nuts using ancestral water-soaking and baking techniques; needs modern snack subscription.,High
570,Mister Freed Healthy Snacks,United Kingdom,London,https://maps.google.com/?q=Mister%20Freed%20Healthy%20Snacks+London,Traditional web shop lacking an interactive custom dry fruit and nut gift box builder,Instagram: @misterfreedheal / Facebook: Mister Freed Healthy Snacks,General Inquiries | info@misterfreed.com,Tomas Rovira (Co-Founder),Guilt-free artisanal seed snacks and nut treats; needs dynamic bundle configurator for fitness consumers.,High
571,Raw Gorilla Organic Nuts,United Kingdom,London,https://maps.google.com/?q=Raw%20Gorilla%20Organic%20Nuts+London,Traditional web shop lacking an interactive custom dry fruit and nut gift box builder,Instagram: @rawgorillaorgan / Facebook: Raw Gorilla Organic Nuts,General Inquiries | info@rawgorilla.co.uk,Fraser Doherty (Director),Grain-free activated raw nut and seed granolas; needs dynamic mobile storefront and health-focused content blog.,High
572,Ferme de la Noix du Périgord,France,Sarlat-la-Canéda,https://maps.google.com/?q=Ferme%20de%20la%20Noix%20du%20P%C3%A9rigord+Sarlat-la-Can%C3%A9da,Traditional web shop lacking an interactive custom dry fruit and nut gift box builder,Instagram: @fermedelanoixdu / Facebook: Ferme de la Noix du Périgord,General Inquiries | contact@noixduperigord.com,Philippe Maneyrol (Proprietor),"Generations-old walnut groves crafting AOC walnut cakes, chocolate walnuts, and liqueurs; needs international express shipping checkout.",High
573,Huilerie Beaujolaise & Fruits Secs,France,Beaujeu,https://maps.google.com/?q=Huilerie%20Beaujolaise%20%26%20Fruits%20Secs+Beaujeu,Traditional web shop lacking an interactive custom dry fruit and nut gift box builder,Instagram: @huileriebeaujol / Facebook: Huilerie Beaujolaise & Fruits Secs,General Inquiries | contact@huilerie-beaujolaise.fr,Jean-Marc Montegottero (Founder),"Crafts cold-pressed virgin hazelnut, pecan, and pine nut oils paired with roasted nut aperitifs; needs luxury culinary shop.",High
574,Huilerie J. Leblanc 1878,France,Iguerande,https://maps.google.com/?q=Huilerie%20J.%20Leblanc%201878+Iguerande,Traditional web shop lacking an interactive custom dry fruit and nut gift box builder,Instagram: @huileriejleblan / Facebook: Huilerie J. Leblanc 1878,General Inquiries | contact@huile-leblanc.com,Jean-Charles Leblanc (Artisan),"Mill running since 1878 stone-grinding French walnuts, pistachios, and almonds; needs high-end gastronomic storefront.",High
575,François Doucet Confiseur,France,"Oraison, Provence",https://maps.google.com/?q=Fran%C3%A7ois%20Doucet%20Confiseur+Oraison%2C%20Provence,Traditional web shop lacking an interactive custom dry fruit and nut gift box builder,Instagram: @franoisdoucetco / Facebook: François Doucet Confiseur,General Inquiries | contact@francois-doucet.com,François Doucet (Master Confectioner),Provence master confectioner coating almonds in nougatine and crafting real fruit pastes; needs bespoke gift box builder.,High
576,Confiserie du Roy René,France,Aix-en-Provence,https://maps.google.com/?q=Confiserie%20du%20Roy%20Ren%C3%A9+Aix-en-Provence,Traditional web shop lacking an interactive custom dry fruit and nut gift box builder,Instagram: @confiserieduroy / Facebook: Confiserie du Roy René,General Inquiries | contact@calisson.com,Olivier Baussan (President),Historic maker of Calissons d'Aix made of ground sweet almonds and candied melon; needs digital VIP gifting salon.,High
577,Confiserie Florian Nice,France,"Nice, Côte d'Azur",https://maps.google.com/?q=Confiserie%20Florian%20Nice+Nice%2C%20C%C3%B4te%20d'Azur,Traditional web shop lacking an interactive custom dry fruit and nut gift box builder,Instagram: @confiserieflori / Facebook: Confiserie Florian Nice,General Inquiries | contact@confiserieflorian.com,Frédéric de Groeve (Director),"French Riviera confectioner crystalizing edible flower petals, clementines, and chocolate almonds; needs interactive gift hamper tool.",High
578,Maison Jougla Confitures & Noisettes,France,Saint-Girons,https://maps.google.com/?q=Maison%20Jougla%20Confitures%20%26%20Noisettes+Saint-Girons,Traditional web shop lacking an interactive custom dry fruit and nut gift box builder,Instagram: @maisonjouglacon / Facebook: Maison Jougla Confitures & Noisettes,General Inquiries | contact@maisonjougla.com,Bernard Jougla (Master Confiturier),"Pyrenees artisan pairing organic dried fruits, prunes, and roasted hazelnuts; needs multi-lingual international e-commerce.",High
579,Favols Fruits & Délices,France,Villeneuve-sur-Lot,https://maps.google.com/?q=Favols%20Fruits%20%26%20D%C3%A9lices+Villeneuve-sur-Lot,Traditional web shop lacking an interactive custom dry fruit and nut gift box builder,Instagram: @favolsfruitsdli / Facebook: Favols Fruits & Délices,General Inquiries | contact@favols.fr,Laurent Cherchi (General Manager),Located in the heart of Lot-et-Garonne crafting stuffed Agen prunes and fruit compotes; needs corporate holiday gift shop.,High
580,Lucien Georgelin Gourmandises,France,Virazeil,https://maps.google.com/?q=Lucien%20Georgelin%20Gourmandises+Virazeil,Traditional web shop lacking an interactive custom dry fruit and nut gift box builder,Instagram: @luciengeorgelin / Facebook: Lucien Georgelin Gourmandises,General Inquiries | contact@lucien-georgelin.com,Lucien Georgelin (Founder),"Southwest France specialty producer of slow-cooked fruit spreads, dried figs, and hazelnut pastes; needs responsive direct store.",High
581,Andros Gourmet Fruits,France,Biars-sur-Cère,https://maps.google.com/?q=Andros%20Gourmet%20Fruits+Biars-sur-C%C3%A8re,Traditional web shop lacking an interactive custom dry fruit and nut gift box builder,Instagram: @androsgourmetfr / Facebook: Andros Gourmet Fruits,General Inquiries | service.consommateur@andros.fr,Frédéric Gervoson (CEO),French fruit expert supplying premium dried fruits and compotes; needs a dedicated gourmet consumer line website.,High
582,Madi Ventura Frutta Secca,Italy,Genoa,https://maps.google.com/?q=Madi%20Ventura%20Frutta%20Secca+Genoa,Traditional web shop lacking an interactive custom dry fruit and nut gift box builder,Instagram: @madiventurafrut / Facebook: Madi Ventura Frutta Secca,General Inquiries | info@madiventura.it,Fabio Calvini (Commercial Director),"Major Italian brand specializing in raw dried fruit mixes, shelled almonds, and bio-nuts; needs responsive digital storefront.",High
583,Besana Group Specialty Nuts,Italy,"San Gennaro Vesuviano, Naples",https://maps.google.com/?q=Besana%20Group%20Specialty%20Nuts+San%20Gennaro%20Vesuviano%2C%20Naples,Traditional web shop lacking an interactive custom dry fruit and nut gift box builder,Instagram: @besanagroupspec / Facebook: Besana Group Specialty Nuts,General Inquiries | info@besanagroup.com,Pino Calcagni (President),"Supplying global fine food houses with premium hazelnuts, pine nuts, and dried berries; needs consumer brand boutique.",High
584,Pariani Pistacchio di Bronte,Italy,"Bronte, Sicily",https://maps.google.com/?q=Pariani%20Pistacchio%20di%20Bronte+Bronte%2C%20Sicily,Traditional web shop lacking an interactive custom dry fruit and nut gift box builder,Instagram: @parianipistacch / Facebook: Pariani Pistacchio di Bronte,General Inquiries | commerciale@pariani.org,Emanuele Pariani (Director),Specializes in DOP Green Pistachio of Bronte and Avola almonds for Michelin star chefs; needs direct-to-consumer gourmet boutique.,High
585,Antica Dolceria Bonajuto,Italy,"Modica, Sicily",https://maps.google.com/?q=Antica%20Dolceria%20Bonajuto+Modica%2C%20Sicily,Traditional web shop lacking an interactive custom dry fruit and nut gift box builder,Instagram: @anticadolceriab / Facebook: Antica Dolceria Bonajuto,General Inquiries | info@bonajuto.it,Pierpaolo Ruta (Proprietor),Oldest chocolate factory in Sicily cold-processing cocoa with toasted pistachios and almonds; needs custom tasting box builder.,High
586,Caffè Sicilia Noto,Italy,"Noto, Sicily",https://maps.google.com/?q=Caff%C3%A8%20Sicilia%20Noto+Noto%2C%20Sicily,Traditional web shop lacking an interactive custom dry fruit and nut gift box builder,Instagram: @caffsicilianoto / Facebook: Caffè Sicilia Noto,General Inquiries | info@caffesicilia.it,Corrado Assenza (Master Pastry Chef),"Legendary Sicilian cafe celebrated globally for artisanal almond granita, Torrone, and candied citrus; needs global shipping portal.",High
587,Brontedolci Dolci & Pistacchio,Italy,"Bronte, Sicily",https://maps.google.com/?q=Brontedolci%20Dolci%20%26%20Pistacchio+Bronte%2C%20Sicily,Traditional web shop lacking an interactive custom dry fruit and nut gift box builder,Instagram: @brontedolcidolc / Facebook: Brontedolci Dolci & Pistacchio,General Inquiries | info@brontedolci.it,Vincenzo Longhitano (Director),Traditional Sicilian producer of pistachio and almond torrone and gourmet spreads; needs international customer checkout.,High
588,Sperlari Torrone & Mandorle,Italy,Cremona,https://maps.google.com/?q=Sperlari%20Torrone%20%26%20Mandorle+Cremona,Traditional web shop lacking an interactive custom dry fruit and nut gift box builder,Instagram: @sperlaritorrone / Facebook: Sperlari Torrone & Mandorle,General Inquiries | contatti@sperlari.it,Piergiorgio Rossi (CEO),"Historic Italian confectioner celebrated for Cremona almond torrone, mostarda, and nut pralines; needs online holiday gifting portal.",High
589,Fabbri 1905 Gourmet Specialties,Italy,Bologna,https://maps.google.com/?q=Fabbri%201905%20Gourmet%20Specialties+Bologna,Traditional web shop lacking an interactive custom dry fruit and nut gift box builder,Instagram: @fabbri1905gourm / Facebook: Fabbri 1905 Gourmet Specialties,General Inquiries | info@fabbri1905.com,Nicola Fabbri (President),"Historic house famed for Amarena cherries in ceramic jars, dried fruits, and fruit syrups; needs luxury gift set configurator.",High
590,Agrimontana Confit Fruit & Marrons,Italy,"Borgo San Dalmazzo, Cuneo",https://maps.google.com/?q=Agrimontana%20Confit%20Fruit%20%26%20Marrons+Borgo%20San%20Dalmazzo%2C%20Cuneo,Traditional web shop lacking an interactive custom dry fruit and nut gift box builder,Instagram: @agrimontanaconf / Facebook: Agrimontana Confit Fruit & Marrons,General Inquiries | info@agrimontana.it,Enrico Bardini (CEO),"Specializes in pure candied chestnuts (marrons glacés), wild berry preserves, and candied peels; needs luxury brand boutique.",High
591,Corsini Biscotti & Dried Fruit,Italy,"Castel del Piano, Tuscany",https://maps.google.com/?q=Corsini%20Biscotti%20%26%20Dried%20Fruit+Castel%20del%20Piano%2C%20Tuscany,Traditional web shop lacking an interactive custom dry fruit and nut gift box builder,Instagram: @corsinibiscotti / Facebook: Corsini Biscotti & Dried Fruit,General Inquiries | info@corsinibiscotti.com,Ubaldo Corsini (Owner),Tuscan heritage bakery baking cantuccini with whole toasted almonds and dried fruit panforte; needs modern direct-to-consumer store.,High
592,Borges Agricultural & Industrial Nuts,Spain,"Reus, Tarragona",https://maps.google.com/?q=Borges%20Agricultural%20%26%20Industrial%20Nuts+Reus%2C%20Tarragona,Traditional web shop lacking an interactive custom dry fruit and nut gift box builder,Instagram: @borgesagricultu / Facebook: Borges Agricultural & Industrial Nuts,General Inquiries | info@borges.es,Josep Pont (Executive Director),"Spain's premier nut processor specializing in Mediterranean walnuts, pistachios, and hazelnut oils; needs consumer gifting storefront.",High
593,Aperitivos Medina Frutos Secos,Spain,"Móstoles, Madrid",https://maps.google.com/?q=Aperitivos%20Medina%20Frutos%20Secos+M%C3%B3stoles%2C%20Madrid,Traditional web shop lacking an interactive custom dry fruit and nut gift box builder,Instagram: @aperitivosmedin / Facebook: Aperitivos Medina Frutos Secos,General Inquiries | info@aperitivosmedina.com,Antonio Medina (General Manager),"Roaster of premium Iberian nuts, raw dried fruit blends, and roasted seeds; needs modern responsive shopping cart.",High
594,Frit Ravich Frutos Secos,Spain,"Maçanet de la Selva, Girona",https://maps.google.com/?q=Frit%20Ravich%20Frutos%20Secos+Ma%C3%A7anet%20de%20la%20Selva%2C%20Girona,Traditional web shop lacking an interactive custom dry fruit and nut gift box builder,Instagram: @fritravichfruto / Facebook: Frit Ravich Frutos Secos,General Inquiries | info@fritravich.com,Judit Viader (General Director),"Catalan manufacturer of artisanal roasted almonds, cashews, and Mediterranean aperitifs; needs custom snack crate builder.",High
595,Turrones Pablo Garrigós Ibáñez,Spain,"Jijona, Alicante",https://maps.google.com/?q=Turrones%20Pablo%20Garrig%C3%B3s%20Ib%C3%A1%C3%B1ez+Jijona%2C%20Alicante,Traditional web shop lacking an interactive custom dry fruit and nut gift box builder,Instagram: @turronespabloga / Facebook: Turrones Pablo Garrigós Ibáñez,General Inquiries | info@pablogarrigos.com,Pablo Garrigós (Proprietor),Haute confectionery creating gourmet wooden gift boxes of supreme quality Marcona almond turrón; needs digital VIP concierge.,High
596,Almendras de la Mancha,Spain,"Hellín, Albacete",https://maps.google.com/?q=Almendras%20de%20la%20Mancha+Hell%C3%ADn%2C%20Albacete,Traditional web shop lacking an interactive custom dry fruit and nut gift box builder,Instagram: @almendrasdelama / Facebook: Almendras de la Mancha,General Inquiries | info@almendrasdelamancha.com,Javier López (Managing Partner),Specializes in high-altitude organic Guara and Ferragnes almonds; needs modern online ordering and recipe integration.,High
597,Unió Nuts Catalonia,Spain,"Reus, Tarragona",https://maps.google.com/?q=Uni%C3%B3%20Nuts%20Catalonia+Reus%2C%20Tarragona,Traditional web shop lacking an interactive custom dry fruit and nut gift box builder,Instagram: @uninutscataloni / Facebook: Unió Nuts Catalonia,General Inquiries | info@unio.coop,Ferran Huguet (Director General),Agricultural cooperative producing DOP Reus hazelnuts and Arbequina olive oil gift sets; needs an interactive gourmet box customizer.,High
598,Frutos Secos El Rincón,Spain,Zaragoza,https://maps.google.com/?q=Frutos%20Secos%20El%20Rinc%C3%B3n+Zaragoza,Traditional web shop lacking an interactive custom dry fruit and nut gift box builder,Instagram: @frutossecoselri / Facebook: Frutos Secos El Rincón,General Inquiries | info@elrincon.net,Antonio Flórez (Managing Director),"Aragonese chain known for freshly roasted sunflower seeds, dried fruits, and holiday sweets; needs mobile ordering app.",High
599,Quinta de Jugais Frutos & Cestas,Portugal,Oliveira do Hospital,https://maps.google.com/?q=Quinta%20de%20Jugais%20Frutos%20%26%20Cestas+Oliveira%20do%20Hospital,Traditional web shop lacking an interactive custom dry fruit and nut gift box builder,Instagram: @quintadejugaisf / Facebook: Quinta de Jugais Frutos & Cestas,General Inquiries | geral@jugais.com,António Jugais (Founder),"Portuguese artisan crafting premium holiday gift hampers filled with dried figs, walnuts, and Serra da Estrela honey; needs digital builder.",High
600,Flores Farm Bio-Nüsse,Germany,Stuttgart,https://maps.google.com/?q=Flores%20Farm%20Bio-N%C3%BCsse+Stuttgart,Traditional web shop lacking an interactive custom dry fruit and nut gift box builder,Instagram: @floresfarmbions / Facebook: Flores Farm Bio-Nüsse,General Inquiries | info@floresfarm.de,Jochen Flores (Founder),"Fair-trade organic cashew nuts, sun-dried physalis, and sprouted nut snacks; needs modern zero-waste bulk subscription checkout.",High
601,Landgarten Bio-Snacks & Nuts,Austria,Bruck an der Leitha,https://maps.google.com/?q=Landgarten%20Bio-Snacks%20%26%20Nuts+Bruck%20an%20der%20Leitha,Traditional web shop lacking an interactive custom dry fruit and nut gift box builder,Instagram: @landgartenbiosn / Facebook: Landgarten Bio-Snacks & Nuts,General Inquiries | office@landgarten.at,Herbert Stava (Founder),Austrian snack company coating organic roasted pumpkin seeds and soy nuts in Fairtrade chocolate; needs interactive snack box.,High
602,Nectaflor Gourmet Honey & Dried Fruit,Switzerland,Biel/Bienne,https://maps.google.com/?q=Nectaflor%20Gourmet%20Honey%20%26%20Dried%20Fruit+Biel%2FBienne,Traditional web shop lacking an interactive custom dry fruit and nut gift box builder,Instagram: @nectaflorgourme / Facebook: Nectaflor Gourmet Honey & Dried Fruit,General Inquiries | info@narimpex.ch,Stefan Portmann (Director),"Swiss heritage brand creating soft dried prunes, apricots, and roasted luxury nuts; needs multi-lingual Swiss/EU boutique.",High
603,Max Felchlin Pralines & Fine Nuts,Switzerland,"Ibach, Schwyz",https://maps.google.com/?q=Max%20Felchlin%20Pralines%20%26%20Fine%20Nuts+Ibach%2C%20Schwyz,Traditional web shop lacking an interactive custom dry fruit and nut gift box builder,Instagram: @maxfelchlinpral / Facebook: Max Felchlin Pralines & Fine Nuts,General Inquiries | info@felchlin.com,Christian Aschwanden (CEO),Swiss grand cru couverture maker pairing rare cocoa with roasted Piedmont hazelnuts and almonds; needs B2C tasting box portal.,High
604,Chocolats Camille Bloch (Ragusa),Switzerland,"Courtelary, Bern",https://maps.google.com/?q=Chocolats%20Camille%20Bloch%20(Ragusa)+Courtelary%2C%20Bern,Traditional web shop lacking an interactive custom dry fruit and nut gift box builder,Instagram: @chocolatscamill / Facebook: Chocolats Camille Bloch (Ragusa),General Inquiries | info@camillebloch.ch,Daniel Bloch (CEO),Swiss family confectioner celebrated for whole roasted hazelnut chocolate bars (Ragusa & Torino); needs interactive gift boutique.,High
605,Tadım Roasted Nuts & Seeds,Turkey,"Gebze, Kocaeli",https://maps.google.com/?q=Tad%C4%B1m%20Roasted%20Nuts%20%26%20Seeds+Gebze%2C%20Kocaeli,Traditional web shop lacking an interactive custom dry fruit and nut gift box builder,Instagram: @tadmroastednuts / Facebook: Tadım Roasted Nuts & Seeds,General Inquiries | info@tadim.com.tr,İsmet Tekinalp (President),"Turkey's premier roasted sunflower seed, hazelnut, and almond roaster; needs international retail gift tin ordering.",High
606,Hacı Bekir 1777 Turkish Delights,Turkey,"Fatih, Istanbul",https://maps.google.com/?q=Hac%C4%B1%20Bekir%201777%20Turkish%20Delights+Fatih%2C%20Istanbul,Traditional web shop lacking an interactive custom dry fruit and nut gift box builder,Instagram: @hacbekir1777tur / Facebook: Hacı Bekir 1777 Turkish Delights,General Inquiries | info@hacibekir.com,Leyla Celalyan (Managing Director),"World's oldest continuous confectionery, creators of Turkish Delight infused with hazelnuts and pistachios; needs heritage luxury shop.",High
607,Tuğba Kuruyemiş,Turkey,Aydın,https://maps.google.com/?q=Tu%C4%9Fba%20Kuruyemi%C5%9F+Ayd%C4%B1n,Traditional web shop lacking an interactive custom dry fruit and nut gift box builder,Instagram: @tubakuruyemi / Facebook: Tuğba Kuruyemiş,General Inquiries | info@tugbakuruyemis.com.tr,Ahmet Tonkul (Owner),"Aydın-based roaster celebrated for dried Aegean figs, roasted chestnuts, and Turkish coffee nuts; needs modern e-commerce checkout.",High
608,Nakheel Alya Organic Dates,Saudi Arabia,Madinah,https://maps.google.com/?q=Nakheel%20Alya%20Organic%20Dates+Madinah,Traditional web shop lacking an interactive custom dry fruit and nut gift box builder,Instagram: @nakheelalyaorga / Facebook: Nakheel Alya Organic Dates,General Inquiries | sales@nakheelalya.com,Fahad Al-Harbi (General Manager),"Specializes in authentic certified Madinah Ajwa, Safawi, and Mabroom dates; needs international express shipping checkout.",High
609,The Date Room Abu Dhabi,UAE,Abu Dhabi,https://maps.google.com/?q=The%20Date%20Room%20Abu%20Dhabi+Abu%20Dhabi,Traditional web shop lacking an interactive custom dry fruit and nut gift box builder,Instagram: @thedateroomabud / Facebook: The Date Room Abu Dhabi,General Inquiries | hello@thedateroom.com,Reem Al-Dhaheri (Founder),"Emirati luxury boutique pairing organic local dates with saffron, rose water, and roasted pistachios; needs bespoke VIP concierge checkout.",High
610,Barari Gourmet Dates & Nuts,UAE,Dubai,https://maps.google.com/?q=Barari%20Gourmet%20Dates%20%26%20Nuts+Dubai,Traditional web shop lacking an interactive custom dry fruit and nut gift box builder,Instagram: @bararigourmetda / Facebook: Barari Gourmet Dates & Nuts,General Inquiries | sales@bararidates.com,Mohammad Aslam (Director),"Supplier of Iranian Mazafati dates, Medjool dates, and jumbo roasted pistachios; needs responsive direct-to-consumer store.",High
611,Al Rifai Roastery,Lebanon,Beirut,https://maps.google.com/?q=Al%20Rifai%20Roastery+Beirut,Traditional web shop lacking an interactive custom dry fruit and nut gift box builder,Instagram: @alrifairoastery / Facebook: Al Rifai Roastery,General Inquiries | info@alrifai.com,Moussa Rifai (Managing Director),"Pioneering Lebanese nut roastery celebrated for signature nut blends, dried fruits, and Lebanese kernels; needs modern mobile app.",High
612,Al Seedawi Confectionery & Halwa,Kuwait,"Shuwaikh, Kuwait City",https://maps.google.com/?q=Al%20Seedawi%20Confectionery%20%26%20Halwa+Shuwaikh%2C%20Kuwait%20City,Traditional web shop lacking an interactive custom dry fruit and nut gift box builder,Instagram: @alseedawiconfec / Facebook: Al Seedawi Confectionery & Halwa,General Inquiries | info@seedawi.com,Tariq Al-Seedawi (President),"Kuwait's leading manufacturer of sesame tahini halwa, pistachio delights, and nut confections; needs modern e-commerce storefront.",High
613,Horchani Dattes Deglet Noor,Tunisia,Tunis,https://maps.google.com/?q=Horchani%20Dattes%20Deglet%20Noor+Tunis,Traditional web shop lacking an interactive custom dry fruit and nut gift box builder,Instagram: @horchanidattesd / Facebook: Horchani Dattes Deglet Noor,General Inquiries | commercial@horchani.com,Rached Horchani (CEO),"Tunisia's oldest private date plantation dating back to 1930, exporting branched Deglet Noor dates; needs luxury B2B/B2C storefront.",High
614,Medjool Village Dates,Jordan,"Jordan Valley, Amman",https://maps.google.com/?q=Medjool%20Village%20Dates+Jordan%20Valley%2C%20Amman,Traditional web shop lacking an interactive custom dry fruit and nut gift box builder,Instagram: @medjoolvillaged / Facebook: Medjool Village Dates,General Inquiries | info@medjoolvillage.com,Amer Hijazi (Managing Director),State-of-the-art climate-controlled Medjool date plantations along the Jordan River; needs high-end export ordering portal.,High
615,Rostaa Gourmet Superfoods,India,"Mumbai, Maharashtra",https://maps.google.com/?q=Rostaa%20Gourmet%20Superfoods+Mumbai%2C%20Maharashtra,Traditional web shop lacking an interactive custom dry fruit and nut gift box builder,Instagram: @rostaagourmetsu / Facebook: Rostaa Gourmet Superfoods,General Inquiries | support@rostaa.com,Sourav Agarwal (Brand Head),"Gourmet brand curating Chilean walnuts, Turkish apricots, and hazelnut trail mixes; needs modern subscription snack box checkout.",High
616,Nutraj (VKC Nuts),India,"Jammu, Jammu & Kashmir",https://maps.google.com/?q=Nutraj%20(VKC%20Nuts)+Jammu%2C%20Jammu%20%26%20Kashmir,Traditional web shop lacking an interactive custom dry fruit and nut gift box builder,Instagram: @nutrajvkcnuts / Facebook: Nutraj (VKC Nuts),General Inquiries | care@nutraj.com,Gunjan Jain (Managing Director),India's oldest walnut processor and dry fruit giant based in J&K; needs an interactive high-end Mamra almond and saffron gifting portal.,High
617,Happilo International Superfoods,India,"Bengaluru, Karnataka",https://maps.google.com/?q=Happilo%20International%20Superfoods+Bengaluru%2C%20Karnataka,Traditional web shop lacking an interactive custom dry fruit and nut gift box builder,Instagram: @happilointernat / Facebook: Happilo International Superfoods,General Inquiries | care@happilo.com,Vikas Nahar (Founder & CEO),"Fast-growing dry fruit and health snack company offering California almonds, berries, and nut brittle; needs fast mobile-first UI.",High
618,Farmley (Connought Plaza),India,New Delhi,https://maps.google.com/?q=Farmley%20(Connought%20Plaza)+New%20Delhi,Traditional web shop lacking an interactive custom dry fruit and nut gift box builder,Instagram: @farmleyconnough / Facebook: Farmley (Connought Plaza),General Inquiries | support@farmley.com,Akash Sharma (Co-Founder),Farm-to-fork dry fruits and roasted makhanas brand sourcing directly from farmers; needs custom healthy snacking bundle builder.,High
619,True Elements Clean Superfoods,India,"Pune, Maharashtra",https://maps.google.com/?q=True%20Elements%20Clean%20Superfoods+Pune%2C%20Maharashtra,Traditional web shop lacking an interactive custom dry fruit and nut gift box builder,Instagram: @trueelementscle / Facebook: True Elements Clean Superfoods,General Inquiries | care@true-elements.com,Puru Gupta (Co-Founder),"100% whole grain and seed mixes, raw pumpkin seeds, and dried fruit granolas; needs personalized diet recommendation tool.",High
620,Go Nuts Specialty Nuts,India,"Mumbai, Maharashtra",https://maps.google.com/?q=Go%20Nuts%20Specialty%20Nuts+Mumbai%2C%20Maharashtra,Traditional web shop lacking an interactive custom dry fruit and nut gift box builder,Instagram: @gonutsspecialty / Facebook: Go Nuts Specialty Nuts,General Inquiries | orders@gonuts.in,Deepak Panjwani (Founder),Mumbai 4-star roaster crafting 42 flavors of premium nuts including 4 O'clock Nut Munch; needs bespoke corporate gifting portal.,High
621,Pro Nature Organic Foods,India,"Bengaluru, Karnataka",https://maps.google.com/?q=Pro%20Nature%20Organic%20Foods+Bengaluru%2C%20Karnataka,Traditional web shop lacking an interactive custom dry fruit and nut gift box builder,Instagram: @pronatureorgani / Facebook: Pro Nature Organic Foods,General Inquiries | support@pronatureorganic.com,Varun Gupta (Founder),"Certified organic cold-climate walnuts, sun-dried raisins, and raw sunflower seeds; needs clean organic pantry subscription store.",High
622,Bolas Dry Fruits & Sweets,India,"Mangalore, Karnataka",https://maps.google.com/?q=Bolas%20Dry%20Fruits%20%26%20Sweets+Mangalore%2C%20Karnataka,Traditional web shop lacking an interactive custom dry fruit and nut gift box builder,Instagram: @bolasdryfruitss / Facebook: Bolas Dry Fruits & Sweets,General Inquiries | care@bolas.co.in,Rajat Kamath Bola (Director),Operating 80+ retail stores in South India processing raw cashew nuts and artisanal sweets; needs unified omni-channel web portal.,High
623,Anand Sweets & Royal Dry Fruits,India,"Bengaluru, Karnataka",https://maps.google.com/?q=Anand%20Sweets%20%26%20Royal%20Dry%20Fruits+Bengaluru%2C%20Karnataka,Traditional web shop lacking an interactive custom dry fruit and nut gift box builder,Instagram: @anandsweetsroya / Facebook: Anand Sweets & Royal Dry Fruits,General Inquiries | care@anandsweets.in,Arvind Dadu (Managing Director),"Bangalore's royal sweet maker famed for Badam Halwa, Kaju Katli, and silver-foiled dry fruit hampers; needs wedding gift configurator.",High
624,Bikanervala Royal Gifting,India,New Delhi,https://maps.google.com/?q=Bikanervala%20Royal%20Gifting+New%20Delhi,Traditional web shop lacking an interactive custom dry fruit and nut gift box builder,Instagram: @bikanervalaroya / Facebook: Bikanervala Royal Gifting,General Inquiries | customercare@bikanervala.com,Shyam Sunder Aggarwal (Managing Director),Heritage Indian confectionery crafting elaborate dry fruit wooden boxes and tin platters; needs luxury festive hamper customizer.,High
625,Kanti Sweets & Nuts,India,"Bengaluru, Karnataka",https://maps.google.com/?q=Kanti%20Sweets%20%26%20Nuts+Bengaluru%2C%20Karnataka,Traditional web shop lacking an interactive custom dry fruit and nut gift box builder,Instagram: @kantisweetsnuts / Facebook: Kanti Sweets & Nuts,General Inquiries | info@kantisweets.com,Shailendra Sharma (Owner),"Popular Karnataka sweet institution offering roasted cashews, dry fruit sweets, and festive boxes; needs streamlined mobile checkout.",High
626,Chhappan Bhog Royal Confections,India,"Lucknow, Uttar Pradesh",https://maps.google.com/?q=Chhappan%20Bhog%20Royal%20Confections+Lucknow%2C%20Uttar%20Pradesh,Traditional web shop lacking an interactive custom dry fruit and nut gift box builder,Instagram: @chhappanbhogroy / Facebook: Chhappan Bhog Royal Confections,General Inquiries | info@chhappanbhog.com,Kshitij Gupta (Director),"Legendary Awadhi confectionery celebrated for dry fruit roll, pista paan, and ornate gifting trays; needs national express shipping store.",High
627,Sunbeam Foods Australian Dried Fruit,Australia,"Mildura, Victoria",https://maps.google.com/?q=Sunbeam%20Foods%20Australian%20Dried%20Fruit+Mildura%2C%20Victoria,Traditional web shop lacking an interactive custom dry fruit and nut gift box builder,Instagram: @sunbeamfoodsaus / Facebook: Sunbeam Foods Australian Dried Fruit,General Inquiries | consumer@sunbeamfoods.com.au,Andrew Reeves (CEO),"Over a century of drying Sunraysia grapes, sultanas, currants, and dried apricots; needs modern baking & snacking web store.",High
628,The Australian Superfood Co,Australia,"Melbourne, Victoria",https://maps.google.com/?q=The%20Australian%20Superfood%20Co+Melbourne%2C%20Victoria,Traditional web shop lacking an interactive custom dry fruit and nut gift box builder,Instagram: @theaustraliansu / Facebook: The Australian Superfood Co,General Inquiries | info@austsuperfoods.com.au,Hayley Blieden (Founder),"Freeze-dried native Australian fruits, Kakadu plum, quandong, and roasted wattleseed; needs interactive superfood recipe builder.",High
629,Nougat Limar Australian Almonds,Australia,"Ourimbah, NSW",https://maps.google.com/?q=Nougat%20Limar%20Australian%20Almonds+Ourimbah%2C%20NSW,Traditional web shop lacking an interactive custom dry fruit and nut gift box builder,Instagram: @nougatlimaraust / Facebook: Nougat Limar Australian Almonds,General Inquiries | info@nougatlimar.com.au,Frank Limar (Master Confectioner),French-style soft nougat made with 100% Australian honey and roasted almonds and pistachios; needs bespoke wedding favor builder.,High
630,Kuranda Wholefoods Gluten-Free,Australia,"Sydney, NSW",https://maps.google.com/?q=Kuranda%20Wholefoods%20Gluten-Free+Sydney%2C%20NSW,Traditional web shop lacking an interactive custom dry fruit and nut gift box builder,Instagram: @kurandawholefoo / Facebook: Kuranda Wholefoods Gluten-Free,General Inquiries | info@kurandawholefoods.com.au,Andy Buntin (Founder),"Nut and seed bars made with sunflower, sesame, and chia seeds without added sugar; needs custom box subscription service.",High
631,Springhill Farm Nut & Fruit Slices,Australia,"Ballarat, Victoria",https://maps.google.com/?q=Springhill%20Farm%20Nut%20%26%20Fruit%20Slices+Ballarat%2C%20Victoria,Traditional web shop lacking an interactive custom dry fruit and nut gift box builder,Instagram: @springhillfarmn / Facebook: Springhill Farm Nut & Fruit Slices,General Inquiries | info@springhillfarm.com.au,Fiona Whatley (CEO),"Boutique bakery handcrafting bite-sized rocky road, roasted nut slices, and fruit loaves; needs modern direct-to-consumer cart.",High
632,Justin's Nut Butters & Confections,USA,"Boulder, CO",https://maps.google.com/?q=Justin's%20Nut%20Butters%20%26%20Confections+Boulder%2C%20CO,Traditional web shop lacking an interactive custom dry fruit and nut gift box builder,Instagram: @justinsnutbutte / Facebook: Justin's Nut Butters & Confections,General Inquiries | customercare@justins.com,Justin Gold (Founder),Artisanal organic peanut and almond butter squeeze packs and dark chocolate nut butter cups; needs custom flavor bundle builder.,High
633,Fix & Fogg Nut Butter Ateliers,USA,"Houston, TX",https://maps.google.com/?q=Fix%20%26%20Fogg%20Nut%20Butter%20Ateliers+Houston%2C%20TX,Traditional web shop lacking an interactive custom dry fruit and nut gift box builder,Instagram: @fixfoggnutbutte / Facebook: Fix & Fogg Nut Butter Ateliers,General Inquiries | usa@fixandfogg.com,Roman Jewell (Founder),B-Corp certified craft nut butter maker famous for Everything Butter and Smoke & Fire peanut butter; needs custom bundle box configurator.,High
634,Pic's Peanut Butter USA,USA,"San Francisco, CA",https://maps.google.com/?q=Pic's%20Peanut%20Butter%20USA+San%20Francisco%2C%20CA,Traditional web shop lacking an interactive custom dry fruit and nut gift box builder,Instagram: @picspeanutbutte / Facebook: Pic's Peanut Butter USA,General Inquiries | usasupport@picspeanutbutter.com,Pic Picot (Founder),Crafts 100% Hi-Oleic roasted peanuts stone-ground with sea salt; needs automated subscription box and gift packs.,High
635,Once Again Nut Butter Collective,USA,"Nunda, NY",https://maps.google.com/?q=Once%20Again%20Nut%20Butter%20Collective+Nunda%2C%20NY,Traditional web shop lacking an interactive custom dry fruit and nut gift box builder,Instagram: @onceagainnutbut / Facebook: Once Again Nut Butter Collective,General Inquiries | orders@onceagainnutbutter.com,Bob Rossi (General Manager),"100% employee-owned cooperative producing organic cashew, tahini, and almond butters; needs modern mobile shopping.",High
636,Ground Up PDX Nut Butters,USA,"Portland, OR",https://maps.google.com/?q=Ground%20Up%20PDX%20Nut%20Butters+Portland%2C%20OR,Traditional web shop lacking an interactive custom dry fruit and nut gift box builder,Instagram: @grounduppdxnutb / Facebook: Ground Up PDX Nut Butters,General Inquiries | contact@grounduppdx.com,Carolyn Cesario (Co-Founder),Social-enterprise nut butter company offering Cinnamon Snickerdoodle and Coconut Cardamom nut spreads; needs corporate gift tin customizer.,High
637,Regalis Foods Exotic Nuts & Truffles,USA,"Long Island City, NY",https://maps.google.com/?q=Regalis%20Foods%20Exotic%20Nuts%20%26%20Truffles+Long%20Island%20City%2C%20NY,Traditional web shop lacking an interactive custom dry fruit and nut gift box builder,Instagram: @regalisfoodsexo / Facebook: Regalis Foods Exotic Nuts & Truffles,General Inquiries | orders@regalisfoods.com,Ian Purkayastha (Founder),"Purveyor of rare wild Italian pine nuts, Iranian pistachios, and fresh Périgord truffles; needs VIP client concierge shop.",High
638,Zabar's Dried Fruits & Nuts,USA,"New York, NY",https://maps.google.com/?q=Zabar's%20Dried%20Fruits%20%26%20Nuts+New%20York%2C%20NY,Traditional web shop lacking an interactive custom dry fruit and nut gift box builder,Instagram: @zabarsdriedfrui / Facebook: Zabar's Dried Fruits & Nuts,General Inquiries | orders@zabars.com,Saul Zabar (Co-Owner),"Upper West Side culinary institution renowned for roasted Turkish pistachios, dried figs, and rugelach; needs custom gift basket designer.",High
639,Citarella Gourmet Nuts & Fruit,USA,"New York, NY",https://maps.google.com/?q=Citarella%20Gourmet%20Nuts%20%26%20Fruit+New%20York%2C%20NY,Traditional web shop lacking an interactive custom dry fruit and nut gift box builder,Instagram: @citarellagourme / Facebook: Citarella Gourmet Nuts & Fruit,General Inquiries | help@citarella.com,Joe Gurrera (Owner),"NYC fine food market offering colossal roasted cashews, jumbo Medjool dates, and glacé fruits; needs online gourmet gift ordering.",High
640,Eataly USA Artisanal Nuts & Dolci,USA,"New York, NY",https://maps.google.com/?q=Eataly%20USA%20Artisanal%20Nuts%20%26%20Dolci+New%20York%2C%20NY,Traditional web shop lacking an interactive custom dry fruit and nut gift box builder,Instagram: @eatalyusaartisa / Facebook: Eataly USA Artisanal Nuts & Dolci,General Inquiries | customerservice@eataly.com,Nicola Farinetti (CEO),"Italian marketplace curating DOP Bronte pistachios, Piemonte hazelnuts, and Modena balsamic figs; needs high-conversion digital shop.",High
641,Murray's Cheese Dried Fruit & Nuts,USA,"New York, NY",https://maps.google.com/?q=Murray's%20Cheese%20Dried%20Fruit%20%26%20Nuts+New%20York%2C%20NY,Traditional web shop lacking an interactive custom dry fruit and nut gift box builder,Instagram: @murrayscheesedr / Facebook: Murray's Cheese Dried Fruit & Nuts,General Inquiries | customerservice@murrayscheese.com,Nick Tranchina (President),"Greenwich Village icon curating Marcona almonds, dried Bing cherries, and fig spreads for charcuterie; needs board builder.",High
642,Formaggio Kitchen Artisan Nuts,USA,"Cambridge, MA",https://maps.google.com/?q=Formaggio%20Kitchen%20Artisan%20Nuts+Cambridge%2C%20MA,Traditional web shop lacking an interactive custom dry fruit and nut gift box builder,Instagram: @formaggiokitche / Facebook: Formaggio Kitchen Artisan Nuts,General Inquiries | orders@formaggiokitchen.com,Ihsan Gurdal (Owner),"World-renowned specialty food importer stocking rare Mediterranean nuts, prunes, and candied fruit peels; needs luxury storefront.",High
643,Di Bruno Bros Specialty Nuts,USA,"Philadelphia, PA",https://maps.google.com/?q=Di%20Bruno%20Bros%20Specialty%20Nuts+Philadelphia%2C%20PA,Traditional web shop lacking an interactive custom dry fruit and nut gift box builder,Instagram: @dibrunobrosspec / Facebook: Di Bruno Bros Specialty Nuts,General Inquiries | customerservice@dibruno.com,Bill Mignucci Jr. (President),"Philadelphia culinary pioneer offering Black Lava cashews, sweet toffee pecans, and dried apricots; needs corporate gifting customizer.",High
644,Bi-Rite Market Dried Fruits,USA,"San Francisco, CA",https://maps.google.com/?q=Bi-Rite%20Market%20Dried%20Fruits+San%20Francisco%2C%20CA,Traditional web shop lacking an interactive custom dry fruit and nut gift box builder,Instagram: @biritemarketdri / Facebook: Bi-Rite Market Dried Fruits,General Inquiries | info@biritemarket.com,Sam Mogannam (Founding Partner),San Francisco community market stocking farm-direct organic dried Blenheim apricots and roasted almonds; needs click-and-collect portal.,High
645,Wegmans Organic Dried Fruit,USA,"Rochester, NY",https://maps.google.com/?q=Wegmans%20Organic%20Dried%20Fruit+Rochester%2C%20NY,Traditional web shop lacking an interactive custom dry fruit and nut gift box builder,Instagram: @wegmansorganicd / Facebook: Wegmans Organic Dried Fruit,General Inquiries | consumer.affairs@wegmans.com,Colleen Wegman (CEO),"Beloved grocery chain offering organic dried berries, roasted raw nuts, and holiday fruit platters; needs digital catering tray portal.",High
646,Erewhon Organic Nuts & Dried Fruits,USA,"Los Angeles, CA",https://maps.google.com/?q=Erewhon%20Organic%20Nuts%20%26%20Dried%20Fruits+Los%20Angeles%2C%20CA,Traditional web shop lacking an interactive custom dry fruit and nut gift box builder,Instagram: @erewhonorganicn / Facebook: Erewhon Organic Nuts & Dried Fruits,General Inquiries | support@erewhonmarket.com,Tony Antoci (CEO),"Ultra-premium organic grocer famous for activated sprouted almonds, organic raw dates, and superfood snacks; needs VIP membership shop.",High
647,Bristol Farms Gourmet Gifts,USA,"Carson, CA",https://maps.google.com/?q=Bristol%20Farms%20Gourmet%20Gifts+Carson%2C%20CA,Traditional web shop lacking an interactive custom dry fruit and nut gift box builder,Instagram: @bristolfarmsgou / Facebook: Bristol Farms Gourmet Gifts,General Inquiries | info@bristolfarms.com,Kevin Davis (CEO),Southern California high-end market crafting seasonal dried fruit platters and chocolate nut tins; needs custom corporate gifting builder.,High
648,Gelson's Markets Specialty Nuts,USA,"Encino, CA",https://maps.google.com/?q=Gelson's%20Markets%20Specialty%20Nuts+Encino%2C%20CA,Traditional web shop lacking an interactive custom dry fruit and nut gift box builder,Instagram: @gelsonsmarketss / Facebook: Gelson's Markets Specialty Nuts,General Inquiries | customerservice@gelsons.com,Rob McDougall (CEO),Southern California premier grocer offering roasted colossal nuts and Mediterranean dried fruits; needs online gift tin configurator.,High
649,Balducci's Food Lover's Market,USA,"Bethesda, MD",https://maps.google.com/?q=Balducci's%20Food%20Lover's%20Market+Bethesda%2C%20MD,Traditional web shop lacking an interactive custom dry fruit and nut gift box builder,Instagram: @balduccisfoodlo / Facebook: Balducci's Food Lover's Market,General Inquiries | customerservice@balduccis.com,Judy Spires (CEO),"East coast gourmet authority stocking glazed pecans, roasted cashews, and stuffed holiday dates; needs custom gift basket checkout.",High
650,Eli Zabar Gourmet Gift Baskets,USA,"New York, NY",https://maps.google.com/?q=Eli%20Zabar%20Gourmet%20Gift%20Baskets+New%20York%2C%20NY,Traditional web shop lacking an interactive custom dry fruit and nut gift box builder,Instagram: @elizabargourmet / Facebook: Eli Zabar Gourmet Gift Baskets,General Inquiries | customerservice@elizabar.com,Eli Zabar (Founder),"Manhattan institution baking artisanal crisps paired with dried fruit, roasted nuts, and preserves; needs digital gift crate builder.",High
651,Russ & Daughters Confections & Nuts,USA,"New York, NY",https://maps.google.com/?q=Russ%20%26%20Daughters%20Confections%20%26%20Nuts+New%20York%2C%20NY,Traditional web shop lacking an interactive custom dry fruit and nut gift box builder,Instagram: @russdaughtersco / Facebook: Russ & Daughters Confections & Nuts,General Inquiries | info@russanddaughters.com,Niki Russ Federman (4th Generation),"Lower East Side historic appetizing shop curating dried apricots, chocolate babka, and roasted walnuts; needs heritage shop redesign.",High
652,Katz's Delicatessen Chocolate & Nuts,USA,"New York, NY",https://maps.google.com/?q=Katz's%20Delicatessen%20Chocolate%20%26%20Nuts+New%20York%2C%20NY,Traditional web shop lacking an interactive custom dry fruit and nut gift box builder,Instagram: @katzsdelicatess / Facebook: Katz's Delicatessen Chocolate & Nuts,General Inquiries | support@katzsdelicatessen.com,Jake Dell (Owner),Iconic Lower East Side deli shipping national gift packages with traditional babka and nut treats; needs custom holiday box builder.,High
653,Veniero's Pasticceria & Dolci,USA,"New York, NY",https://maps.google.com/?q=Veniero's%20Pasticceria%20%26%20Dolci+New%20York%2C%20NY,Traditional web shop lacking an interactive custom dry fruit and nut gift box builder,Instagram: @venierospasticc / Facebook: Veniero's Pasticceria & Dolci,General Inquiries | info@venierospastry.com,Frank Zerilli (Proprietor),"East Village landmark baking Italian pignoli (pine nut) cookies, almond biscotti, and panettone; needs national express shipping store.",High
654,Ferrara Bakery Little Italy,USA,"New York, NY",https://maps.google.com/?q=Ferrara%20Bakery%20Little%20Italy+New%20York%2C%20NY,Traditional web shop lacking an interactive custom dry fruit and nut gift box builder,Instagram: @ferrarabakeryli / Facebook: Ferrara Bakery Little Italy,General Inquiries | service@ferraracafe.com,Ernest Lepore (Owner),"America's oldest espresso bar and bakery famous for rainbow cookies, torrone, and roasted almond confections; needs modern web shop.",High
655,Termini Brothers Bakery,USA,"Philadelphia, PA",https://maps.google.com/?q=Termini%20Brothers%20Bakery+Philadelphia%2C%20PA,Traditional web shop lacking an interactive custom dry fruit and nut gift box builder,Instagram: @terminibrothers / Facebook: Termini Brothers Bakery,General Inquiries | support@termini.com,Vincent Termini Jr. (Owner),"South Philadelphia Italian bakery famous for almond paste amaretti, pignoli cookies, and torrone; needs online ordering portal.",High
656,Mike's Pastry Boston,USA,"Boston, MA",https://maps.google.com/?q=Mike's%20Pastry%20Boston+Boston%2C%20MA,Traditional web shop lacking an interactive custom dry fruit and nut gift box builder,Instagram: @mikespastrybost / Facebook: Mike's Pastry Boston,General Inquiries | info@mikespastry.com,Angelo Papa (Owner),"Boston North End landmark famous for cannoli filled with roasted pistachios, candied citron, and almonds; needs national shipping shop.",High
657,Modern Pastry Shop Boston,USA,"Boston, MA",https://maps.google.com/?q=Modern%20Pastry%20Shop%20Boston+Boston%2C%20MA,Traditional web shop lacking an interactive custom dry fruit and nut gift box builder,Instagram: @modernpastrysho / Facebook: Modern Pastry Shop Boston,General Inquiries | info@modernpastry.com,John Picariello (Owner),"Three generations of handcrafting traditional Italian torrone, pignoli cookies, and fruit tarts; needs streamlined online ordering.",High
658,Caffe Ferrara Little Italy,USA,"New York, NY",https://maps.google.com/?q=Caffe%20Ferrara%20Little%20Italy+New%20York%2C%20NY,Traditional web shop lacking an interactive custom dry fruit and nut gift box builder,Instagram: @caffeferraralit / Facebook: Caffe Ferrara Little Italy,General Inquiries | info@ferraranyc.com,Adalgisa Lepore (Owner),"Traditional Italian pastries, panforte, and almond pastries shipped nationwide; needs updated mobile shopping cart.",High
659,Prantl's Bakery Famous Almond Torte,USA,"Pittsburgh, PA",https://maps.google.com/?q=Prantl's%20Bakery%20Famous%20Almond%20Torte+Pittsburgh%2C%20PA,Traditional web shop lacking an interactive custom dry fruit and nut gift box builder,Instagram: @prantlsbakeryfa / Facebook: Prantl's Bakery Famous Almond Torte,General Inquiries | orders@prantlsbakery.com,Joe Yund (Owner),Creators of the nationally renowned Burnt Almond Torte encrusted in toasted sliced almonds; needs custom bakery shipping portal.,High
660,Oakville Grocery Napa Valley,USA,"Oakville, CA",https://maps.google.com/?q=Oakville%20Grocery%20Napa%20Valley+Oakville%2C%20CA,Traditional web shop lacking an interactive custom dry fruit and nut gift box builder,Instagram: @oakvillegrocery / Facebook: Oakville Grocery Napa Valley,General Inquiries | info@oakvillegrocery.com,Jean-Charles Boisset (Proprietor),"California's oldest continually operating grocery stocking Napa dried walnuts, almonds, and wine snacks; needs luxury gifting UI.",High
661,Jimtown Store Sonoma Valley,USA,"Healdsburg, CA",https://maps.google.com/?q=Jimtown%20Store%20Sonoma%20Valley+Healdsburg%2C%20CA,Traditional web shop lacking an interactive custom dry fruit and nut gift box builder,Instagram: @jimtownstoreson / Facebook: Jimtown Store Sonoma Valley,General Inquiries | info@jimtown.com,Carrie Brown (Founder),"Alexander Valley landmark known for spicy nut mixes, fig spreads, and farm-fresh preserves; needs boutique online shop.",High
662,Model Bakery Napa Valley,USA,"St. Helena, CA",https://maps.google.com/?q=Model%20Bakery%20Napa%20Valley+St.%20Helena%2C%20CA,Traditional web shop lacking an interactive custom dry fruit and nut gift box builder,Instagram: @modelbakerynapa / Facebook: Model Bakery Napa Valley,General Inquiries | orders@themodelbakery.com,Paula Stevens (Owner),"Napa Valley staple baking English muffins, walnut sourdough, and pecan morning pastries; needs modern nationwide shipping store.",High
663,Neuhaus Belgian Chocolates & Nuts,Belgium,Brussels,https://maps.google.com/?q=Neuhaus%20Belgian%20Chocolates%20%26%20Nuts+Brussels,Traditional web shop lacking an interactive custom dry fruit and nut gift box builder,Instagram: @neuhausbelgianc / Facebook: Neuhaus Belgian Chocolates & Nuts,General Inquiries | customercare@neuhaus.be,Ignace Van Doorselaere (CEO),"Inventors of the Belgian praline in 1857, filled with freshly roasted hazelnuts, almonds, and Gianduja; needs interactive VIP gift tin designer.",High
664,Leonidas Confectionery & Pralines,Belgium,Brussels,https://maps.google.com/?q=Leonidas%20Confectionery%20%26%20Pralines+Brussels,Traditional web shop lacking an interactive custom dry fruit and nut gift box builder,Instagram: @leonidasconfect / Facebook: Leonidas Confectionery & Pralines,General Inquiries | info@leonidas.com,Philippe de Selliers (CEO),"100% pure cocoa butter pralines packed with Mediterranean walnuts, hazelnuts, and candied fruit; needs digital custom ballotin builder.",High
665,Mary Chocolatier Brussels,Belgium,Brussels,https://maps.google.com/?q=Mary%20Chocolatier%20Brussels+Brussels,Traditional web shop lacking an interactive custom dry fruit and nut gift box builder,Instagram: @marychocolatier / Facebook: Mary Chocolatier Brussels,General Inquiries | contact@mary.be,Olivier Borgerhoff (CEO),Purveyor to the Belgian Royal Court offering refined chocolate date and candied orange collections; needs luxury e-commerce salon.,High
666,Pierre Marcolini Haute Chocolaterie,Belgium,Brussels,https://maps.google.com/?q=Pierre%20Marcolini%20Haute%20Chocolaterie+Brussels,Traditional web shop lacking an interactive custom dry fruit and nut gift box builder,Instagram: @pierremarcolini / Facebook: Pierre Marcolini Haute Chocolaterie,General Inquiries | contact@marcolini.com,Pierre Marcolini (Founder & Master),Haute chocolatier sourcing rare Piedmont hazelnuts and Moroccan almonds for luxury confections; needs interactive tasting box builder.,High
667,Dolfin Chocolates & Roasted Seeds,Belgium,Wauthier-Braine,https://maps.google.com/?q=Dolfin%20Chocolates%20%26%20Roasted%20Seeds+Wauthier-Braine,Traditional web shop lacking an interactive custom dry fruit and nut gift box builder,Instagram: @dolfinchocolate / Facebook: Dolfin Chocolates & Roasted Seeds,General Inquiries | info@dolfin.be,Michaël Bens (Director),"Belgian master chocolate makers blending cocoa with roasted pink peppercorns, toasted almonds, and flaxseed; needs direct shop.",High
668,Guylian Belgian Chocolate Seashells,Belgium,Sint-Niklaas,https://maps.google.com/?q=Guylian%20Belgian%20Chocolate%20Seashells+Sint-Niklaas,Traditional web shop lacking an interactive custom dry fruit and nut gift box builder,Instagram: @guylianbelgianc / Facebook: Guylian Belgian Chocolate Seashells,General Inquiries | info@guylian.be,Tom Jansen (Managing Director),World-renowned for signature roasted hazelnut praline marbling inside chocolate seashells; needs modern interactive gift shop.,High
669,Maison Bernachon Chocolatier,France,Lyon,https://maps.google.com/?q=Maison%20Bernachon%20Chocolatier+Lyon,Traditional web shop lacking an interactive custom dry fruit and nut gift box builder,Instagram: @maisonbernachon / Facebook: Maison Bernachon Chocolatier,General Inquiries | contact@bernachon.com,Philippe Bernachon (Master Chocolatier),Legendary Lyon artisan hand-roasting cocoa beans and Valencia almonds for the iconic President cake; needs luxury export shop.,High
670,Maison Voisin Lyon 1897,France,Lyon,https://maps.google.com/?q=Maison%20Voisin%20Lyon%201897+Lyon,Traditional web shop lacking an interactive custom dry fruit and nut gift box builder,Instagram: @maisonvoisinlyo / Facebook: Maison Voisin Lyon 1897,General Inquiries | contact@chocolats-voisin.fr,Alain Boucaud (Director),Creators of Coussin de Lyon made of Candied Curacao peel and green marzipan almond paste; needs international gifting portal.,High
671,Chocolat Bonnat Voiron,France,Voiron,https://maps.google.com/?q=Chocolat%20Bonnat%20Voiron+Voiron,Traditional web shop lacking an interactive custom dry fruit and nut gift box builder,Instagram: @chocolatbonnatv / Facebook: Chocolat Bonnat Voiron,General Inquiries | bonnat@bonnat-chocolatier.com,Stéphane Bonnat (Master Chocolatier),Historic family house running since 1884 creating grand cru chocolate bars and roasted almond pralinés; needs responsive shop.,High
672,Maison Cluizel Chocolatier,France,"Damville, Normandy",https://maps.google.com/?q=Maison%20Cluizel%20Chocolatier+Damville%2C%20Normandy,Traditional web shop lacking an interactive custom dry fruit and nut gift box builder,Instagram: @maisoncluizelch / Facebook: Maison Cluizel Chocolatier,General Inquiries | contact@cluizel.com,Marc Cluizel (President),True bean-to-bar manufacturer crafting whole roasted almond mendiants and hazelnut spreads; needs modern customer checkout.,High
673,Chocolaterie Pralus Roanne,France,Roanne,https://maps.google.com/?q=Chocolaterie%20Pralus%20Roanne+Roanne,Traditional web shop lacking an interactive custom dry fruit and nut gift box builder,Instagram: @chocolateriepra / Facebook: Chocolaterie Pralus Roanne,General Inquiries | contact@chocolatpralus.com,François Pralus (Master),Famed for the Praluline brioche packed with pink pralines made of Valencia almonds and Piedmont hazelnuts; needs digital bakery shop.,High
674,Maison Boissier Paris 1827,France,Paris,https://maps.google.com/?q=Maison%20Boissier%20Paris%201827+Paris,Traditional web shop lacking an interactive custom dry fruit and nut gift box builder,Instagram: @maisonboissierp / Facebook: Maison Boissier Paris 1827,General Inquiries | contact@maison-boissier.com,Sylvie Douce (Proprietor),"Historic Parisian sweet maker famous for marrons glacés, fruit pastes, and dragées in pastel vintage boxes; needs luxury salon UI.",High
675,À la Mère de Famille Paris 1761,France,Paris,https://maps.google.com/?q=%C3%80%20la%20M%C3%A8re%20de%20Famille%20Paris%201761+Paris,Traditional web shop lacking an interactive custom dry fruit and nut gift box builder,Instagram: @lamredefamillep / Facebook: À la Mère de Famille Paris 1761,General Inquiries | contact@lameredefamille.com,Etienne Dolfi (Proprietor),"Oldest sweet shop in Paris crafting candied fruits, roasted nut pralines, and traditional Calissons; needs interactive gift hamper tool.",High
676,Maison Colibri Madeleines & Nuts,France,"Pons, Charente-Maritime",https://maps.google.com/?q=Maison%20Colibri%20Madeleines%20%26%20Nuts+Pons%2C%20Charente-Maritime,Traditional web shop lacking an interactive custom dry fruit and nut gift box builder,Instagram: @maisoncolibrima / Facebook: Maison Colibri Madeleines & Nuts,General Inquiries | bonjour@maison-colibri.com,David Tourneix (Director),Historic bakery baking traditional madeleines with toasted chopped pecans and dark chocolate hazelnut cores; needs subscription portal.,High
677,Maison Fossier Reims,France,"Reims, Champagne",https://maps.google.com/?q=Maison%20Fossier%20Reims+Reims%2C%20Champagne,Traditional web shop lacking an interactive custom dry fruit and nut gift box builder,Instagram: @maisonfossierre / Facebook: Maison Fossier Reims,General Inquiries | contact@fossier.fr,Charles-Antoine de Fougeroux (President),"Historic creator of the Pink Biscuit of Reims since 1756, paired with almond macaroons and fruit pastes; needs digital gift shop.",High
678,L'Atelier du Chocolat Bayonne,France,"Bayonne, Basque Country",https://maps.google.com/?q=L'Atelier%20du%20Chocolat%20Bayonne+Bayonne%2C%20Basque%20Country,Traditional web shop lacking an interactive custom dry fruit and nut gift box builder,Instagram: @latelierduchoco / Facebook: L'Atelier du Chocolat Bayonne,General Inquiries | contact@atelierduchocolat.fr,Serge Andrieu (Founder),"Basque chocolatier famed for chocolate bouquets encrusted with whole roasted hazelnuts, cranberries, and ginger; needs bouquet builder.",High
679,Maison Pariès Basque Confections,France,Saint-Jean-de-Luz,https://maps.google.com/?q=Maison%20Pari%C3%A8s%20Basque%20Confections+Saint-Jean-de-Luz,Traditional web shop lacking an interactive custom dry fruit and nut gift box builder,Instagram: @maisonparisbasq / Facebook: Maison Pariès Basque Confections,General Inquiries | contact@paries.fr,Françoise Pariès (Managing Director),Basque confectionery crafting Kanougas caramels and Mouchous almond macaroons since 1895; needs bespoke gifting storefront.,High
680,Chocolaterie Weiss Saint-Étienne,France,Saint-Étienne,https://maps.google.com/?q=Chocolaterie%20Weiss%20Saint-%C3%89tienne+Saint-%C3%89tienne,Traditional web shop lacking an interactive custom dry fruit and nut gift box builder,Instagram: @chocolateriewei / Facebook: Chocolaterie Weiss Saint-Étienne,General Inquiries | contact@chocolat-weiss.fr,Nicolas Berger (Director),Pioneer of high-end French chocolate making whole almond praliné bars and candied orange strips; needs corporate gift tin builder.,High
681,Valrhona Gourmet Confections,France,Tain-l'Hermitage,https://maps.google.com/?q=Valrhona%20Gourmet%20Confections+Tain-l'Hermitage,Traditional web shop lacking an interactive custom dry fruit and nut gift box builder,Instagram: @valrhonagourmet / Facebook: Valrhona Gourmet Confections,General Inquiries | scvalrhona@valrhona.fr,Didier Perréol (President),"Iconic gastronomy brand producing grand cru pralinés, giandujas, and roasted nut dragées for pastry chefs; needs consumer gift store.",High
682,Nougat Chabert & Guillot,France,Montélimar,https://maps.google.com/?q=Nougat%20Chabert%20%26%20Guillot+Mont%C3%A9limar,Traditional web shop lacking an interactive custom dry fruit and nut gift box builder,Instagram: @nougatchabertgu / Facebook: Nougat Chabert & Guillot,General Inquiries | contact@nougat-chabert-guillot.com,Didier Chabert (President),Capital of Nougat producer crafting tender and crunchy Montélimar nougat loaded with 30% almonds; needs holiday gift packs.,High
683,Confiserie Arnaud Soubeyran,France,Montélimar,https://maps.google.com/?q=Confiserie%20Arnaud%20Soubeyran+Mont%C3%A9limar,Traditional web shop lacking an interactive custom dry fruit and nut gift box builder,Instagram: @confiseriearnau / Facebook: Confiserie Arnaud Soubeyran,General Inquiries | contact@nougat-soubeyran.com,Didier Honoré (Director),Oldest operating nougat maker in Montélimar running since 1837; needs interactive custom nougat box builder.,High
684,Maison Peltier Miels & Noix,France,"Eure, Normandy",https://maps.google.com/?q=Maison%20Peltier%20Miels%20%26%20Noix+Eure%2C%20Normandy,Traditional web shop lacking an interactive custom dry fruit and nut gift box builder,Instagram: @maisonpeltiermi / Facebook: Maison Peltier Miels & Noix,General Inquiries | contact@maison-peltier.com,Alain Peltier (Beekeeper),"Normandy beekeeper producing raw forest honey paired with walnuts, almonds, and gingerbread; needs farm-to-table web shop.",High
685,Miel Martine Provence,France,Châteauneuf-du-Pape,https://maps.google.com/?q=Miel%20Martine%20Provence+Ch%C3%A2teauneuf-du-Pape,Traditional web shop lacking an interactive custom dry fruit and nut gift box builder,Instagram: @mielmartineprov / Facebook: Miel Martine Provence,General Inquiries | contact@mielmartine.fr,Guillaume Martine (Owner),Traceable Provence lavender honey and honey-caramelized Mediterranean nuts; needs luxury culinary shop.,High
686,Maison Guinguet Chocolats & Pruneaux,France,"Duras, Lot-et-Garonne",https://maps.google.com/?q=Maison%20Guinguet%20Chocolats%20%26%20Pruneaux+Duras%2C%20Lot-et-Garonne,Traditional web shop lacking an interactive custom dry fruit and nut gift box builder,Instagram: @maisonguinguetc / Facebook: Maison Guinguet Chocolats & Pruneaux,General Inquiries | contact@maisonguinguet.com,Arnaud Guinguet (Artisan),"Southwest France producer of stuffed Agen prunes, chocolate pruneaux, and toasted hazelnut rochers; needs modern direct store.",High
687,Napa Nuts & Dried Fruits,USA,"Napa, CA",https://maps.google.com/?q=Napa%20Nuts%20%26%20Dried%20Fruits+Napa%2C%20CA,Traditional web shop lacking an interactive custom dry fruit and nut gift box builder,Instagram: @napanutsdriedfr / Facebook: Napa Nuts & Dried Fruits,General Inquiries | orders@napanuts.com,Josh Poteet (Owner),"Napa Valley family purveyor of wholesale premium roasted nuts, trail mixes, and dried cherries; needs a direct consumer luxury gift shop.",High
688,Nut Factory Gourmet Roasters,USA,"Eugene, OR",https://maps.google.com/?q=Nut%20Factory%20Gourmet%20Roasters+Eugene%2C%20OR,Traditional web shop lacking an interactive custom dry fruit and nut gift box builder,Instagram: @nutfactorygourm / Facebook: Nut Factory Gourmet Roasters,General Inquiries | info@thenutfactory.com,Dan Miller (Owner),"Specializing in freshly roasted whole cashews, Oregon hazelnuts, and glazed pecans; needs an interactive Build-A-Tin gift tool.",High
689,Sunnyside Farms Dried Fruits,USA,"Selma, CA",https://maps.google.com/?q=Sunnyside%20Farms%20Dried%20Fruits+Selma%2C%20CA,Traditional web shop lacking an interactive custom dry fruit and nut gift box builder,Instagram: @sunnysidefarmsd / Facebook: Sunnyside Farms Dried Fruits,General Inquiries | sales@sunnysidepacking.com,Pete Hronis (President),"Central Valley sun-dried raisins, apricots, and peaches; needs a modern e-commerce storefront for consumer holiday gifts.",High
690,Navajo Pride Pecans,USA,"Farmington, NM",https://maps.google.com/?q=Navajo%20Pride%20Pecans+Farmington%2C%20NM,Traditional web shop lacking an interactive custom dry fruit and nut gift box builder,Instagram: @navajopridepeca / Facebook: Navajo Pride Pecans,General Inquiries | info@navajopride.com,Lionel Haskie (General Manager),Grown by the Navajo Agricultural Products Industry in the Four Corners; needs modern direct-to-consumer brand portal.,High
691,Sun Valley Nut Company,USA,"Modesto, CA",https://maps.google.com/?q=Sun%20Valley%20Nut%20Company+Modesto%2C%20CA,Traditional web shop lacking an interactive custom dry fruit and nut gift box builder,Instagram: @sunvalleynutcom / Facebook: Sun Valley Nut Company,General Inquiries | sales@sunvalleynut.com,Jeff Sward (President),Specialized almond and walnut processor in Stanislaus County; needs consumer-facing gourmet brand showcase.,High
692,Roche Brothers International Nuts,USA,"Escalon, CA",https://maps.google.com/?q=Roche%20Brothers%20International%20Nuts+Escalon%2C%20CA,Traditional web shop lacking an interactive custom dry fruit and nut gift box builder,Instagram: @rochebrothersin / Facebook: Roche Brothers International Nuts,General Inquiries | info@rochebrothers.com,Michael Roche (Owner),Family grower and processor of California nonpareil almonds; needs modern digital brand presence.,High
693,P-R Farms California Fruit & Almonds,USA,"Clovis, CA",https://maps.google.com/?q=P-R%20Farms%20California%20Fruit%20%26%20Almonds+Clovis%2C%20CA,Traditional web shop lacking an interactive custom dry fruit and nut gift box builder,Instagram: @prfarmscaliforn / Facebook: P-R Farms California Fruit & Almonds,General Inquiries | info@prfarms.com,Patrick Ricchiuti (President),"Multi-generation farming legacy producing almonds, fresh tree fruit, and extra virgin olive oil; needs high-end gifting portal.",High
694,Almond Acres Nuts & Orchard,USA,"San Miguel, CA",https://maps.google.com/?q=Almond%20Acres%20Nuts%20%26%20Orchard+San%20Miguel%2C%20CA,Traditional web shop lacking an interactive custom dry fruit and nut gift box builder,Instagram: @almondacresnuts / Facebook: Almond Acres Nuts & Orchard,General Inquiries | info@almondacres.com,Frank Vitale (Owner),"Paso Robles area almond farm offering roasted, chocolate covered, and raw almonds; needs direct sales online shop.",High
695,GoldRiver Orchards Walnuts,USA,"Escalon, CA",https://maps.google.com/?q=GoldRiver%20Orchards%20Walnuts+Escalon%2C%20CA,Traditional web shop lacking an interactive custom dry fruit and nut gift box builder,Instagram: @goldriverorchar / Facebook: GoldRiver Orchards Walnuts,General Inquiries | info@goldriverorchards.com,Barton Ferrell (President),Pioneering San Joaquin Valley processor of English walnuts; needs custom gift packaging and corporate order inquiry system.,High
696,Valley Harvest Nut Company,USA,"Modesto, CA",https://maps.google.com/?q=Valley%20Harvest%20Nut%20Company+Modesto%2C%20CA,Traditional web shop lacking an interactive custom dry fruit and nut gift box builder,Instagram: @valleyharvestnu / Facebook: Valley Harvest Nut Company,General Inquiries | sales@valleyharvestnut.com,Jim Simons (Sales VP),Custom roaster and processor of California almonds and walnuts; needs interactive private-label and retail order portal.,High
697,Hughson Nut Inc,USA,"Hughson, CA",https://maps.google.com/?q=Hughson%20Nut%20Inc+Hughson%2C%20CA,Traditional web shop lacking an interactive custom dry fruit and nut gift box builder,Instagram: @hughsonnutinc / Facebook: Hughson Nut Inc,General Inquiries | sales@hughsonnut.com,Martin Pohl (General Manager),"Premier processor of California almonds offering sliced, blanched, and roasted almonds; needs modern online brand shop.",High
698,Waterford Nut Company,USA,"Waterford, CA",https://maps.google.com/?q=Waterford%20Nut%20Company+Waterford%2C%20CA,Traditional web shop lacking an interactive custom dry fruit and nut gift box builder,Instagram: @waterfordnutcom / Facebook: Waterford Nut Company,General Inquiries | info@waterfordnut.com,Paul Ewing (Managing Director),Family-owned almond huller and sheller producing high-grade natural almonds; needs direct consumer retail line.,High
699,Hilltop Ranch California Almonds,USA,"Ballico, CA",https://maps.google.com/?q=Hilltop%20Ranch%20California%20Almonds+Ballico%2C%20CA,Traditional web shop lacking an interactive custom dry fruit and nut gift box builder,Instagram: @hilltopranchcal / Facebook: Hilltop Ranch California Almonds,General Inquiries | info@hilltopranch.com,David Long (President),Independent processor of California almonds shipping to 50+ countries; needs direct consumer web shop.,High
700,Treehouse California Almonds,USA,"Earlimart, CA",https://maps.google.com/?q=Treehouse%20California%20Almonds+Earlimart%2C%20CA,Traditional web shop lacking an interactive custom dry fruit and nut gift box builder,Instagram: @treehousecalifo / Facebook: Treehouse California Almonds,General Inquiries | info@treehousealmonds.com,Jonathan Meyer (CEO),Specializes in high-spec almond ingredients and organic sliced almonds; needs modern customer sample and brand storefront.,High
701,Monte Vista Farming Almonds,USA,"Denair, CA",https://maps.google.com/?q=Monte%20Vista%20Farming%20Almonds+Denair%2C%20CA,Traditional web shop lacking an interactive custom dry fruit and nut gift box builder,Instagram: @montevistafarmi / Facebook: Monte Vista Farming Almonds,General Inquiries | info@montevistafarming.com,Jonathan Cascaddan (Sales VP),Grower cooperative producing premium nonpareil and carmel variety almonds; needs interactive gift tin builder.,High
702,RPAC California Almonds,USA,"Los Banos, CA",https://maps.google.com/?q=RPAC%20California%20Almonds+Los%20Banos%2C%20CA,Traditional web shop lacking an interactive custom dry fruit and nut gift box builder,Instagram: @rpaccaliforniaa / Facebook: RPAC California Almonds,General Inquiries | info@rpacalmonds.com,Dave Phippen (Managing Partner),Integrated grower and packer of California almonds; needs custom holiday gift crate configurator.,High
703,Mid Valley Nut Company,USA,"Hughson, CA",https://maps.google.com/?q=Mid%20Valley%20Nut%20Company+Hughson%2C%20CA,Traditional web shop lacking an interactive custom dry fruit and nut gift box builder,Instagram: @midvalleynutcom / Facebook: Mid Valley Nut Company,General Inquiries | info@midvalleynut.com,Gary Henderson (Owner),Specializing in shelled walnuts and inshell exports; needs direct consumer shop with holiday orders.,High
704,Poindexter Nut Company,USA,"Selma, CA",https://maps.google.com/?q=Poindexter%20Nut%20Company+Selma%2C%20CA,Traditional web shop lacking an interactive custom dry fruit and nut gift box builder,Instagram: @poindexternutco / Facebook: Poindexter Nut Company,General Inquiries | sales@poindexternut.com,Mike Poindexter (CEO),Pioneering walnut grower producing chemical-free walnut snacks and walnut butters; needs modern brand e-commerce.,High
705,Bremner Farms Roadside & Nuts,USA,"Chico, CA",https://maps.google.com/?q=Bremner%20Farms%20Roadside%20%26%20Nuts+Chico%2C%20CA,Traditional web shop lacking an interactive custom dry fruit and nut gift box builder,Instagram: @bremnerfarmsroa / Facebook: Bremner Farms Roadside & Nuts,General Inquiries | bremnerfarms@gmail.com,James Bremner (Owner),"Family orchard producing organic California almonds, walnuts, and dried prunes; needs farm-to-door online shop.",High
706,Chico Nut Company,USA,"Chico, CA",https://maps.google.com/?q=Chico%20Nut%20Company+Chico%2C%20CA,Traditional web shop lacking an interactive custom dry fruit and nut gift box builder,Instagram: @chiconutcompany / Facebook: Chico Nut Company,General Inquiries | sales@chiconut.com,Mark Jansen (Director),Northern California almond processor providing in-shell and shelled almonds; needs direct sales web portal.,High
707,Turlock Walnut Company,USA,"Turlock, CA",https://maps.google.com/?q=Turlock%20Walnut%20Company+Turlock%2C%20CA,Traditional web shop lacking an interactive custom dry fruit and nut gift box builder,Instagram: @turlockwalnutco / Facebook: Turlock Walnut Company,General Inquiries | info@turlockwalnut.com,George Sterling (Manager),Specializing in Chandler and Howard walnut halves; needs direct retail consumer storefront.,High
708,Central Valley Nut Roastery,USA,"Merced, CA",https://maps.google.com/?q=Central%20Valley%20Nut%20Roastery+Merced%2C%20CA,Traditional web shop lacking an interactive custom dry fruit and nut gift box builder,Instagram: @centralvalleynu / Facebook: Central Valley Nut Roastery,General Inquiries | sales@cvnut.com,Brian Vance (Manager),"Artisanal roaster of colossal pistachios, almonds, and dried berries; needs custom holiday gift box customizer.",High
709,The Walnut Tree Gourmet Gifts,United Kingdom,"Radlett, Hertfordshire",https://maps.google.com/?q=The%20Walnut%20Tree%20Gourmet%20Gifts+Radlett%2C%20Hertfordshire,Traditional web shop lacking an interactive custom dry fruit and nut gift box builder,Instagram: @thewalnuttreego / Facebook: The Walnut Tree Gourmet Gifts,General Inquiries | sales@walnut.gifts,Beverley Frank (Founder),Award-winning creator of handmade dried fruit and nut gift boxes and marzipan fruits; needs digital corporate catalog.,High
710,The Raw Chocolate Company,United Kingdom,Brighton,https://maps.google.com/?q=The%20Raw%20Chocolate%20Company+Brighton,Traditional web shop lacking an interactive custom dry fruit and nut gift box builder,Instagram: @therawchocolate / Facebook: The Raw Chocolate Company,General Inquiries | hello@therawchocolatecompany.com,Linus Gorpe (Founder),"Pioneer of raw organic chocolate coated mulberries, almonds, and ginger; needs snack subscription portal.",High
711,Booja-Booja Organic Truffles,United Kingdom,"Brooke, Norfolk",https://maps.google.com/?q=Booja-Booja%20Organic%20Truffles+Brooke%2C%20Norfolk,Traditional web shop lacking an interactive custom dry fruit and nut gift box builder,Instagram: @boojaboojaorgan / Facebook: Booja-Booja Organic Truffles,General Inquiries | welcome@boojabooja.com,Colin Mace (Managing Director),Multi-award-winning vegan organic truffles made with slow-roasted hazelnuts; needs luxury interactive gift box configurator.,High
712,Hotel Chocolat Batons & Nuts,United Kingdom,"Royston, Hertfordshire",https://maps.google.com/?q=Hotel%20Chocolat%20Batons%20%26%20Nuts+Royston%2C%20Hertfordshire,Traditional web shop lacking an interactive custom dry fruit and nut gift box builder,Instagram: @hotelchocolatba / Facebook: Hotel Chocolat Batons & Nuts,General Inquiries | help@hotelchocolat.com,Angus Thirlwell (Co-Founder & CEO),"British luxury chocolatier known for whole hazelnut slabs, Florentines, and chocolate nuts; needs concierge corporate gifting.",High
713,Charbonnel et Walker Luxury Nuts,United Kingdom,London,https://maps.google.com/?q=Charbonnel%20et%20Walker%20Luxury%20Nuts+London,Traditional web shop lacking an interactive custom dry fruit and nut gift box builder,Instagram: @charbonneletwal / Facebook: Charbonnel et Walker Luxury Nuts,General Inquiries | enquiries@charbonnel.co.uk,Peter Coombes (Director),Royal Warrant holder crafting English chocolate truffles and roasted almond confections; needs luxury digital boutique.,High
714,Prestat Fine Confections,United Kingdom,London,https://maps.google.com/?q=Prestat%20Fine%20Confections+London,Traditional web shop lacking an interactive custom dry fruit and nut gift box builder,Instagram: @prestatfineconf / Facebook: Prestat Fine Confections,General Inquiries | sales@prestat.co.uk,Micaela Bonetti (Managing Director),"Established in 1902, famed for chocolate-enrobed nuts and exotic fruit creams; needs modern e-commerce storefront.",High
715,Rococo Chocolates London,United Kingdom,London,https://maps.google.com/?q=Rococo%20Chocolates%20London+London,Traditional web shop lacking an interactive custom dry fruit and nut gift box builder,Instagram: @rococochocolate / Facebook: Rococo Chocolates London,General Inquiries | customerservices@rococochocolates.com,Chantal Coady (Founder),Artisanal London chocolatier known for dark chocolate Persian pistachios and roasted almonds; needs custom gift box builder.,High
716,Montezuma's British Chocolate,United Kingdom,"Chichester, West Sussex",https://maps.google.com/?q=Montezuma's%20British%20Chocolate+Chichester%2C%20West%20Sussex,Traditional web shop lacking an interactive custom dry fruit and nut gift box builder,Instagram: @montezumasbriti / Facebook: Montezuma's British Chocolate,General Inquiries | customerservices@montezumas.co.uk,Helen Pattinson (Co-Founder),"British chocolate maker crafting giant chocolate buttons, nut clusters, and organic bars; needs modern subscription club.",High
717,Holdsworth Chocolates,United Kingdom,"Bakewell, Derbyshire",https://maps.google.com/?q=Holdsworth%20Chocolates+Bakewell%2C%20Derbyshire,Traditional web shop lacking an interactive custom dry fruit and nut gift box builder,Instagram: @holdsworthchoco / Facebook: Holdsworth Chocolates,General Inquiries | info@holdsworthchocolates.co.uk,Genevieve Holdsworth (Director),Handmade luxury chocolates featuring roasted praline nuts and fruit crèmes in vintage boxes; needs digital corporate gifting.,High
718,Chococo Handcrafted Chocolate,United Kingdom,"Wareham, Dorset",https://maps.google.com/?q=Chococo%20Handcrafted%20Chocolate+Wareham%2C%20Dorset,Traditional web shop lacking an interactive custom dry fruit and nut gift box builder,Instagram: @chococohandcraf / Facebook: Chococo Handcrafted Chocolate,General Inquiries | info@chococo.co.uk,Claire Burnet (Co-Founder),"Fresh Dorset chocolates featuring roasted local hazelnuts, dried cherries, and fruit pastes; needs seasonal tasting box selector.",High
719,Duffy's Fine Chocolate & Nuts,United Kingdom,"Cleethorpes, Lincolnshire",https://maps.google.com/?q=Duffy's%20Fine%20Chocolate%20%26%20Nuts+Cleethorpes%2C%20Lincolnshire,Traditional web shop lacking an interactive custom dry fruit and nut gift box builder,Instagram: @duffysfinechoco / Facebook: Duffy's Fine Chocolate & Nuts,General Inquiries | duffy@duffyschocolate.co.uk,Duffy Sheardown (Founder),Single-origin bean-to-bar chocolate maker pairing rare cacao with roasted nuts; needs online tasting kit shop.,High
720,Willie's Cacao Pure Gold,United Kingdom,"Cullompton, Devon",https://maps.google.com/?q=Willie's%20Cacao%20Pure%20Gold+Cullompton%2C%20Devon,Traditional web shop lacking an interactive custom dry fruit and nut gift box builder,Instagram: @williescacaopur / Facebook: Willie's Cacao Pure Gold,General Inquiries | orders@williescacao.com,Willie Harcourt-Cooze (Founder),Artisan chocolate maker producing roasted praline truffles and chocolate nut bars; needs international web boutique.,High
721,Pump Street Chocolate & Bakery,United Kingdom,"Orford, Suffolk",https://maps.google.com/?q=Pump%20Street%20Chocolate%20%26%20Bakery+Orford%2C%20Suffolk,Traditional web shop lacking an interactive custom dry fruit and nut gift box builder,Instagram: @pumpstreetchoco / Facebook: Pump Street Chocolate & Bakery,General Inquiries | hello@pumpstreetchocolate.com,Chris Brennan (Founder),Bean-to-bar maker famous for sourdough crumbs and roasted nut inclusions; needs modern direct-to-consumer store.,High
722,Laux Gourmet Feinkost,Germany,"Föhren, Rhineland-Palatinate",https://maps.google.com/?q=Laux%20Gourmet%20Feinkost+F%C3%B6hren%2C%20Rhineland-Palatinate,Traditional web shop lacking an interactive custom dry fruit and nut gift box builder,Instagram: @lauxgourmetfein / Facebook: Laux Gourmet Feinkost,General Inquiries | info@laux-feinkost.de,Jörg Laux (Managing Director),"Manufacturer of fine food gift sets, roasted almond specialties, and fruit vinegars; needs interactive gift basket builder.",High
723,Niederegger Lübeck Marzipan,Germany,Lübeck,https://maps.google.com/?q=Niederegger%20L%C3%BCbeck%20Marzipan+L%C3%BCbeck,Traditional web shop lacking an interactive custom dry fruit and nut gift box builder,Instagram: @niedereggerlbec / Facebook: Niederegger Lübeck Marzipan,General Inquiries | info@niederegger.de,Holger Strait (Managing Director),World's most famous marzipan manufacturer crafting pure ground almond confections since 1806; needs luxury online gifting salon.,High
724,Sawade Berlin Pralinen,Germany,Berlin,https://maps.google.com/?q=Sawade%20Berlin%20Pralinen+Berlin,Traditional web shop lacking an interactive custom dry fruit and nut gift box builder,Instagram: @sawadeberlinpra / Facebook: Sawade Berlin Pralinen,General Inquiries | kontakt@sawade.berlin,Benno Hübel (Managing Director),Berlin's oldest praline manufactory crafting handmade nut nougats and Florentines; needs digital VIP gifting portal.,High
725,Wagner Pralinen Confectionery,Germany,"Brunsbüttel, Schleswig-Holstein",https://maps.google.com/?q=Wagner%20Pralinen%20Confectionery+Brunsb%C3%BCttel%2C%20Schleswig-Holstein,Traditional web shop lacking an interactive custom dry fruit and nut gift box builder,Instagram: @wagnerpralinenc / Facebook: Wagner Pralinen Confectionery,General Inquiries | info@wagner-pralinen.de,Jürgen Wagner (Owner),"Specializes in luxury handcrafted nut pralines, marzipan, and chocolate fruits; needs custom box configurator.",High
726,Dallmayr Delikatessen München,Germany,"Munich, Bavaria",https://maps.google.com/?q=Dallmayr%20Delikatessen%20M%C3%BCnchen+Munich%2C%20Bavaria,Traditional web shop lacking an interactive custom dry fruit and nut gift box builder,Instagram: @dallmayrdelikat / Facebook: Dallmayr Delikatessen München,General Inquiries | kundenservice@dallmayr.de,Florian Randlkofer (Managing Partner),"Legendary Bavarian purveyor of fine roasted nuts, dried fruits, and luxury gift hampers; needs online luxury salon.",High
727,Käfer Feinkost München,Germany,"Munich, Bavaria",https://maps.google.com/?q=K%C3%A4fer%20Feinkost%20M%C3%BCnchen+Munich%2C%20Bavaria,Traditional web shop lacking an interactive custom dry fruit and nut gift box builder,Instagram: @kferfeinkostmnc / Facebook: Käfer Feinkost München,General Inquiries | feinkost@feinkost-kaefer.de,Michael Käfer (CEO),Munich gourmet icon crafting bespoke corporate gift hampers with candied nuts and fruits; needs digital catering & gift portal.,High
728,Confiserie Sprüngli Zürich,Switzerland,Zurich,https://maps.google.com/?q=Confiserie%20Spr%C3%BCngli%20Z%C3%BCrich+Zurich,Traditional web shop lacking an interactive custom dry fruit and nut gift box builder,Instagram: @confiseriesprng / Facebook: Confiserie Sprüngli Zürich,General Inquiries | chocolat@spruengli.ch,Tomas Prenosil (CEO),Famous for Luxemburgerli and Grand Cru roasted almond and hazelnut truffles; needs interactive luxury gift box customizer.,High
729,Läderach Chocolatier Suisse,Switzerland,"Ennenda, Glarus",https://maps.google.com/?q=L%C3%A4derach%20Chocolatier%20Suisse+Ennenda%2C%20Glarus,Traditional web shop lacking an interactive custom dry fruit and nut gift box builder,Instagram: @lderachchocolat / Facebook: Läderach Chocolatier Suisse,General Inquiries | customerservice@laderach.com,Johannes Läderach (CEO),Artisan chocolatier famous for FrischSchoggi slabs loaded with caramelized Piedmont hazelnuts; needs digital custom slab builder.,High
730,Honold Chocolatier Zürich 1905,Switzerland,Zurich,https://maps.google.com/?q=Honold%20Chocolatier%20Z%C3%BCrich%201905+Zurich,Traditional web shop lacking an interactive custom dry fruit and nut gift box builder,Instagram: @honoldchocolati / Facebook: Honold Chocolatier Zürich 1905,General Inquiries | info@honold.ch,Cristina de Perregaux (Owner),Historic Zurich confectionery famed for Trauben in Grappa (grape confections) and roasted nut pralines; needs luxury web boutique.,High
731,Auer Chocolatier Genève 1939,Switzerland,Geneva,https://maps.google.com/?q=Auer%20Chocolatier%20Gen%C3%A8ve%201939+Geneva,Traditional web shop lacking an interactive custom dry fruit and nut gift box builder,Instagram: @auerchocolatier / Facebook: Auer Chocolatier Genève 1939,General Inquiries | info@chocolat-auer.ch,Philippe Auer (Master),Celebrated for Princesse toasted roasted almonds in delicate milk chocolate; needs international shipping storefront.,High
732,Du Rhône Chocolatier Genève 1875,Switzerland,Geneva,https://maps.google.com/?q=Du%20Rh%C3%B4ne%20Chocolatier%20Gen%C3%A8ve%201875+Geneva,Traditional web shop lacking an interactive custom dry fruit and nut gift box builder,Instagram: @durhnechocolati / Facebook: Du Rhône Chocolatier Genève 1875,General Inquiries | contact@du-rhone.ch,Federico Marangoni (Director),Geneva's oldest master chocolatier producing mocha hazelnut truffles and pralines; needs bespoke gifting portal.,High
733,Favarger Chocolatier Genève 1826,Switzerland,"Versoix, Geneva",https://maps.google.com/?q=Favarger%20Chocolatier%20Gen%C3%A8ve%201826+Versoix%2C%20Geneva,Traditional web shop lacking an interactive custom dry fruit and nut gift box builder,Instagram: @favargerchocola / Facebook: Favarger Chocolatier Genève 1826,General Inquiries | info@favarger.com,Luka Rajic (Owner),Creator of the iconic Avelines roasted hazelnut and almond confections; needs modern responsive shopping cart.,High
734,Pelino Confetti Sulmona 1783,Italy,"Sulmona, L'Aquila",https://maps.google.com/?q=Pelino%20Confetti%20Sulmona%201783+Sulmona%2C%20L'Aquila,Traditional web shop lacking an interactive custom dry fruit and nut gift box builder,Instagram: @pelinoconfettis / Facebook: Pelino Confetti Sulmona 1783,General Inquiries | info@pelino.it,Mario Pelino (Owner),Oldest manufacturer of traditional Italian sugar-coated Avola almonds and nut dragées; needs custom wedding favor builder.,High
735,Mucci Giovanni Confetti 1894,Italy,"Andria, Puglia",https://maps.google.com/?q=Mucci%20Giovanni%20Confetti%201894+Andria%2C%20Puglia,Traditional web shop lacking an interactive custom dry fruit and nut gift box builder,Instagram: @muccigiovannico / Facebook: Mucci Giovanni Confetti 1894,General Inquiries | info@muccigiovanni.it,Cristian Mucci (Director),Artisanal producer of confetti using Filippo Cea Toritto almonds and IGP Piedmont hazelnuts; needs digital tasting kit shop.,High
736,Crispo Confetti 1890,Italy,"San Giuseppe Vesuviano, Naples",https://maps.google.com/?q=Crispo%20Confetti%201890+San%20Giuseppe%20Vesuviano%2C%20Naples,Traditional web shop lacking an interactive custom dry fruit and nut gift box builder,Instagram: @crispoconfetti1 / Facebook: Crispo Confetti 1890,General Inquiries | info@crispoconfetti.com,Gianni Crispo (President),"Historical Italian dragée producer coating toasted almonds, walnuts, and dried fruits; needs responsive online storefront.",High
737,Relanghe Langhe Hazelnuts,Italy,"Alba, Cuneo",https://maps.google.com/?q=Relanghe%20Langhe%20Hazelnuts+Alba%2C%20Cuneo,Traditional web shop lacking an interactive custom dry fruit and nut gift box builder,Instagram: @relanghelangheh / Facebook: Relanghe Langhe Hazelnuts,General Inquiries | info@relanghe.it,Enrico Crippa (Partner),Artisan workshop in Alba roasting IGP Piedmont hazelnuts for traditional Torrone Friabile; needs gourmet international shop.,High
738,Barbero Davide Torrone 1883,Italy,"Asti, Piedmont",https://maps.google.com/?q=Barbero%20Davide%20Torrone%201883+Asti%2C%20Piedmont,Traditional web shop lacking an interactive custom dry fruit and nut gift box builder,Instagram: @barberodavideto / Facebook: Barbero Davide Torrone 1883,General Inquiries | info@barberodavide.it,Davide Barbero (Proprietor),Renowned for crumbly Piedmont hazelnut torrone and chocolate-coated Gianduja; needs luxury holiday pre-order portal.,High
739,Sebaste Torrone & Nocciole,Italy,"Gallo d'Alba, Cuneo",https://maps.google.com/?q=Sebaste%20Torrone%20%26%20Nocciole+Gallo%20d'Alba%2C%20Cuneo,Traditional web shop lacking an interactive custom dry fruit and nut gift box builder,Instagram: @sebastetorronen / Facebook: Sebaste Torrone & Nocciole,General Inquiries | info@sebaste.it,Egle Sebaste (Managing Director),Fourth-generation master of Piedmont hazelnut torrone and hazelnut dragées; needs modern direct-to-consumer store.,High
740,Flamigni Panettone & Torrone,Italy,"Forlì, Emilia-Romagna",https://maps.google.com/?q=Flamigni%20Panettone%20%26%20Torrone+Forl%C3%AC%2C%20Emilia-Romagna,Traditional web shop lacking an interactive custom dry fruit and nut gift box builder,Instagram: @flamignipanetto / Facebook: Flamigni Panettone & Torrone,General Inquiries | info@flamigni.it,Massimo Bomi (Director),"Artisanal bakery crafting soft torrone enriched with whole almonds and pistachios, and candied fruit Panettone; needs gift portal.",High
741,Loison Pasticceri dal 1938,Italy,"Costabissara, Vicenza",https://maps.google.com/?q=Loison%20Pasticceri%20dal%201938+Costabissara%2C%20Vicenza,Traditional web shop lacking an interactive custom dry fruit and nut gift box builder,Instagram: @loisonpasticcer / Facebook: Loison Pasticceri dal 1938,General Inquiries | loison@loison.com,Dario Loison (CEO),World-acclaimed pastry master baking panettoni with Late Mandarin of Ciaculli and Bronte pistachios; needs VIP gifting boutique.,High
742,Fraccaro Spumadoro 1932,Italy,"Castelfranco Veneto, Treviso",https://maps.google.com/?q=Fraccaro%20Spumadoro%201932+Castelfranco%20Veneto%2C%20Treviso,Traditional web shop lacking an interactive custom dry fruit and nut gift box builder,Instagram: @fraccarospumado / Facebook: Fraccaro Spumadoro 1932,General Inquiries | info@fraccaro.it,Luca Fraccaro (President),Naturally leavened sourdough bakery crafting seasonal cakes with whole dried fruits and almonds; needs direct sales web shop.,High
743,Marchesi 1824 Milano,Italy,Milan,https://maps.google.com/?q=Marchesi%201824%20Milano+Milan,Traditional web shop lacking an interactive custom dry fruit and nut gift box builder,Instagram: @marchesi1824mil / Facebook: Marchesi 1824 Milano,General Inquiries | info@pasticceriamarchesi.com,Stefano Cantino (CEO),"Milanese luxury pastry house famed for candied marrons glacés, almond dragees, and gianduja; needs luxury editorial redesign.",High
744,Cova Pasticceria Milano 1817,Italy,Milan,https://maps.google.com/?q=Cova%20Pasticceria%20Milano%201817+Milan,Traditional web shop lacking an interactive custom dry fruit and nut gift box builder,Instagram: @covapasticceria / Facebook: Cova Pasticceria Milano 1817,General Inquiries | info@pasticceriacova.com,Paola Faccioli (CEO),"Historic Milan salon near La Scala crafting artisanal panettone with raisins, candied fruit, and roasted nuts; needs VIP gift salon.",High
745,Sant Ambroeus Milano 1936,Italy,Milan / New York,https://maps.google.com/?q=Sant%20Ambroeus%20Milano%201936+Milan%20%2F%20New%20York,Traditional web shop lacking an interactive custom dry fruit and nut gift box builder,Instagram: @santambroeusmil / Facebook: Sant Ambroeus Milano 1936,General Inquiries | info@santambroeus.com,Alireza Niroomand (Creative Director),"Legendary pastry and confection brand shipping Italian almond cookies, marrons glacés, and panettone; needs corporate store.",High
746,Iginio Massari Alta Pasticceria,Italy,"Brescia, Lombardy",https://maps.google.com/?q=Iginio%20Massari%20Alta%20Pasticceria+Brescia%2C%20Lombardy,Traditional web shop lacking an interactive custom dry fruit and nut gift box builder,Instagram: @iginiomassarial / Facebook: Iginio Massari Alta Pasticceria,General Inquiries | info@iginiomassari.it,Iginio Massari (Master of Masters),"World's most celebrated Italian pastry master crafting panettoni, macaroons, and nut pralines; needs digital pre-order salon.",High
747,Sal De Riso Costa d'Amalfi,Italy,"Minori, Amalfi Coast",https://maps.google.com/?q=Sal%20De%20Riso%20Costa%20d'Amalfi+Minori%2C%20Amalfi%20Coast,Traditional web shop lacking an interactive custom dry fruit and nut gift box builder,Instagram: @salderisocostad / Facebook: Sal De Riso Costa d'Amalfi,General Inquiries | info@salderiso.it,Salvatore De Riso (President),"Famous Amalfi Coast pastry master crafting delizia al limone, hazelnut torta caprese, and dried figs; needs luxury web shop.",High
748,Zoff Foods Organic Spices & Nuts,India,"Raipur, Chhattisgarh",https://maps.google.com/?q=Zoff%20Foods%20Organic%20Spices%20%26%20Nuts+Raipur%2C%20Chhattisgarh,Traditional web shop lacking an interactive custom dry fruit and nut gift box builder,Instagram: @zofffoodsorgani / Facebook: Zoff Foods Organic Spices & Nuts,General Inquiries | care@zofffoods.com,Ashish Agrawal (Founder),"Air-cooled cold-ground spices, California almonds, and cashews; needs dynamic snack bundle configurator.",High
749,Evolve Snacks Superfoods,India,New Delhi,https://maps.google.com/?q=Evolve%20Snacks%20Superfoods+New%20Delhi,Traditional web shop lacking an interactive custom dry fruit and nut gift box builder,Instagram: @evolvesnackssup / Facebook: Evolve Snacks Superfoods,General Inquiries | care@evolvesnacks.com,Deepak Agrawal (Founder),"Roasted makhanas, multigrain seed mixes, and date bites; needs custom health snack subscription box.",High
750,Snackible Healthy Snacking,India,"Mumbai, Maharashtra",https://maps.google.com/?q=Snackible%20Healthy%20Snacking+Mumbai%2C%20Maharashtra,Traditional web shop lacking an interactive custom dry fruit and nut gift box builder,Instagram: @snackiblehealth / Facebook: Snackible Healthy Snacking,General Inquiries | customercare@snackible.com,Aditya Sanghavi (Founder),"Innovative healthy snacks, baked nut chips, and seed trails; needs interactive snack box builder.",High
751,Fabindia Gourmet Dry Fruits,India,New Delhi,https://maps.google.com/?q=Fabindia%20Gourmet%20Dry%20Fruits+New%20Delhi,Traditional web shop lacking an interactive custom dry fruit and nut gift box builder,Instagram: @fabindiagourmet / Facebook: Fabindia Gourmet Dry Fruits,General Inquiries | support@fabindia.net,Dipali Patwa (Brand Head),"India's premier ethnic lifestyle brand offering organic walnuts, wild honey, and dry fruits; needs luxury food portal.",High
752,Nature's Basket Artisanal,India,"Mumbai, Maharashtra",https://maps.google.com/?q=Nature's%20Basket%20Artisanal+Mumbai%2C%20Maharashtra,Traditional web shop lacking an interactive custom dry fruit and nut gift box builder,Instagram: @naturesbasketar / Facebook: Nature's Basket Artisanal,General Inquiries | cs@naturesbasket.co.in,Devendra Chawla (CEO),"India's pioneer gourmet grocer stocking imported dry fruits, Iranian pistachios, and Belgian chocolates; needs online gifting.",High
753,Foodhall Gourmet Foods,India,"Mumbai, Maharashtra",https://maps.google.com/?q=Foodhall%20Gourmet%20Foods+Mumbai%2C%20Maharashtra,Traditional web shop lacking an interactive custom dry fruit and nut gift box builder,Instagram: @foodhallgourmet / Facebook: Foodhall Gourmet Foods,General Inquiries | support@foodhallonline.com,Avni Biyani (Concept Head),"Luxury food superstore crafting bespoke hampers of dried fruits, dates, and nuts; needs digital custom hamper builder.",High
754,Santushti Shakes & Nuts,India,"Rajkot, Gujarat",https://maps.google.com/?q=Santushti%20Shakes%20%26%20Nuts+Rajkot%2C%20Gujarat,Traditional web shop lacking an interactive custom dry fruit and nut gift box builder,Instagram: @santushtishakes / Facebook: Santushti Shakes & Nuts,General Inquiries | info@santushtishakes.com,Sunil Sharma (Founder),"Thick shakes, roasted dry fruit ice creams, and spiced cashews; needs modern retail and franchise portal.",High
755,Havmor Confections & Nuts,India,"Ahmedabad, Gujarat",https://maps.google.com/?q=Havmor%20Confections%20%26%20Nuts+Ahmedabad%2C%20Gujarat,Traditional web shop lacking an interactive custom dry fruit and nut gift box builder,Instagram: @havmorconfectio / Facebook: Havmor Confections & Nuts,General Inquiries | info@havmor.com,Komiko Nishikawa (Managing Director),Iconic ice cream and nut confection brand offering dry fruit kulfi and roasted nut cassatas; needs online catering store.,High
756,Vadilal Gourmet Ice Creams & Nuts,India,"Ahmedabad, Gujarat",https://maps.google.com/?q=Vadilal%20Gourmet%20Ice%20Creams%20%26%20Nuts+Ahmedabad%2C%20Gujarat,Traditional web shop lacking an interactive custom dry fruit and nut gift box builder,Instagram: @vadilalgourmeti / Facebook: Vadilal Gourmet Ice Creams & Nuts,General Inquiries | info@vadilalgroup.com,Rajesh Gandhi (Chairman),"Historic confectionery manufacturing cashew barfi, roasted badam ice creams, and dry fruits; needs modern brand portal.",High
757,Kwality Foods Artisanal,India,New Delhi,https://maps.google.com/?q=Kwality%20Foods%20Artisanal+New%20Delhi,Traditional web shop lacking an interactive custom dry fruit and nut gift box builder,Instagram: @kwalityfoodsart / Facebook: Kwality Foods Artisanal,General Inquiries | care@kwality.in,Sanjay Dhingra (Director),Heritage dairy and confectionery brand offering festive dry fruit sweets; needs online corporate gifting customizer.,High
758,Ghasitaram Sweets & Dry Fruits,India,"Mumbai, Maharashtra",https://maps.google.com/?q=Ghasitaram%20Sweets%20%26%20Dry%20Fruits+Mumbai%2C%20Maharashtra,Traditional web shop lacking an interactive custom dry fruit and nut gift box builder,Instagram: @ghasitaramsweet / Facebook: Ghasitaram Sweets & Dry Fruits,General Inquiries | info@ghasitaram.in,Vipul Bajaj (Owner),"Operating since 1916 in Mumbai, famous for silver-coated dry fruit halwas and assorted nuts; needs modern web checkout.",High
759,Mani Zaver Luxury Dry Fruits,India,"Surat, Gujarat",https://maps.google.com/?q=Mani%20Zaver%20Luxury%20Dry%20Fruits+Surat%2C%20Gujarat,Traditional web shop lacking an interactive custom dry fruit and nut gift box builder,Instagram: @manizaverluxury / Facebook: Mani Zaver Luxury Dry Fruits,General Inquiries | info@manizaver.com,Bhavesh Zaveri (Director),Exclusive Gujarati gifting house offering gold-embossed dry fruit boxes and imported nuts; needs online VIP concierge.,High
760,Vijay Sweets Artisanal,India,"Tiruppur, Tamil Nadu",https://maps.google.com/?q=Vijay%20Sweets%20Artisanal+Tiruppur%2C%20Tamil%20Nadu,Traditional web shop lacking an interactive custom dry fruit and nut gift box builder,Instagram: @vijaysweetsarti / Facebook: Vijay Sweets Artisanal,General Inquiries | info@vijaysweets.com,Vijay Kumar (Founder),"Pioneering vegan and organic sweets crafted with palm jaggery, cashews, and almonds; needs direct shipping web shop.",High
761,Sri Krishna Sweets Mysurpa,India,"Coimbatore, Tamil Nadu",https://maps.google.com/?q=Sri%20Krishna%20Sweets%20Mysurpa+Coimbatore%2C%20Tamil%20Nadu,Traditional web shop lacking an interactive custom dry fruit and nut gift box builder,Instagram: @srikrishnasweet / Facebook: Sri Krishna Sweets Mysurpa,General Inquiries | customercare@srikrishnasweets.net,M. Murali (Managing Director),"Creators of the world-famous melt-in-mouth Mysurpa, roasted cashew balls, and almond halwa; needs international gift shop.",High
762,A2B (Adyar Ananda Bhavan),India,"Chennai, Tamil Nadu",https://maps.google.com/?q=A2B%20(Adyar%20Ananda%20Bhavan)+Chennai%2C%20Tamil%20Nadu,Traditional web shop lacking an interactive custom dry fruit and nut gift box builder,Instagram: @a2badyaranandab / Facebook: A2B (Adyar Ananda Bhavan),General Inquiries | feedback@a2bsweets.com,K.T. Srinivasa Raja (Managing Director),Chennai iconic sweet and dry fruit house famous for Badam Katli and Cashew Halwa; needs global gift delivery portal.,High
763,Grand Sweets and Snacks,India,"Chennai, Tamil Nadu",https://maps.google.com/?q=Grand%20Sweets%20and%20Snacks+Chennai%2C%20Tamil%20Nadu,Traditional web shop lacking an interactive custom dry fruit and nut gift box builder,Instagram: @grandsweetsands / Facebook: Grand Sweets and Snacks,General Inquiries | support@grandsweets.com,Sankaran (Owner),Chennai institution baking traditional cashew seed murukkus and dry fruit laddus; needs modern mobile shopping cart.,High
764,Saravana Bhavan Sweets,India,"Chennai, Tamil Nadu",https://maps.google.com/?q=Saravana%20Bhavan%20Sweets+Chennai%2C%20Tamil%20Nadu,Traditional web shop lacking an interactive custom dry fruit and nut gift box builder,Instagram: @saravanabhavans / Facebook: Saravana Bhavan Sweets,General Inquiries | info@saravanabhavan.com,P. Rajagopal (Founder),Global vegetarian chain offering dry fruit sweets and cashew confections; needs international delivery portal.,High
765,Pacific Nut Company Chile,Chile,Santiago,https://maps.google.com/?q=Pacific%20Nut%20Company%20Chile+Santiago,Traditional web shop lacking an interactive custom dry fruit and nut gift box builder,Instagram: @pacificnutcompa / Facebook: Pacific Nut Company Chile,General Inquiries | info@pacificnut.cl,Juan Pablo Bañados (CEO),"Premier exporter of Chilean Chandler walnuts, shelled almonds, and dried prunes; needs direct consumer gift tin store.",High
766,Frutexsa Dried Fruit Chile,Chile,Santiago,https://maps.google.com/?q=Frutexsa%20Dried%20Fruit%20Chile+Santiago,Traditional web shop lacking an interactive custom dry fruit and nut gift box builder,Instagram: @frutexsadriedfr / Facebook: Frutexsa Dried Fruit Chile,General Inquiries | info@frutexsa.cl,Sebastián Valdés (Managing Director),"Largest exporter of Chilean dried prunes, raisins, and shelled walnuts; needs interactive retail packaging shop.",High
767,Prunesco Chile Organic Prunes,Chile,"Pirque, Santiago",https://maps.google.com/?q=Prunesco%20Chile%20Organic%20Prunes+Pirque%2C%20Santiago,Traditional web shop lacking an interactive custom dry fruit and nut gift box builder,Instagram: @prunescochileor / Facebook: Prunesco Chile Organic Prunes,General Inquiries | info@prunesco.com,Pedro Acuña (President),Grower consortium producing 100% naturally dried Chilean tender prunes; needs direct-to-consumer gourmet brand storefront.,High
768,Geonuts Chilean Walnuts,Chile,Curicó,https://maps.google.com/?q=Geonuts%20Chilean%20Walnuts+Curic%C3%B3,Traditional web shop lacking an interactive custom dry fruit and nut gift box builder,Instagram: @geonutschileanw / Facebook: Geonuts Chilean Walnuts,General Inquiries | info@geonuts.cl,Gonzalo Cruz (General Manager),Specializing in mechanical harvesting and sorting of premium light walnuts; needs modern online inquiry portal.,High
769,Frutos Secos La Nogalera,Mexico,Chihuahua,https://maps.google.com/?q=Frutos%20Secos%20La%20Nogalera+Chihuahua,Traditional web shop lacking an interactive custom dry fruit and nut gift box builder,Instagram: @frutossecoslano / Facebook: Frutos Secos La Nogalera,General Inquiries | info@lanogalera.com,Raúl de la Paz (CEO),Mexico's largest pecan sheller and exporter of Western Schley and Wichita pecans; needs corporate gifting portal.,High
770,Dátiles del Desierto Caborca,Mexico,"Caborca, Sonora",https://maps.google.com/?q=D%C3%A1tiles%20del%20Desierto%20Caborca+Caborca%2C%20Sonora,Traditional web shop lacking an interactive custom dry fruit and nut gift box builder,Instagram: @dtilesdeldesier / Facebook: Dátiles del Desierto Caborca,General Inquiries | info@datilesdeldesierto.com,Héctor Gómez (Owner),Sonoran desert organic Medjool date plantation exporting fresh dates; needs direct-to-consumer store.,High
771,Diamond Foods Emerald Nuts,USA,"Stockton, CA",https://maps.google.com/?q=Diamond%20Foods%20Emerald%20Nuts+Stockton%2C%20CA,Traditional web shop lacking an interactive custom dry fruit and nut gift box builder,Instagram: @diamondfoodseme / Facebook: Diamond Foods Emerald Nuts,General Inquiries | consumerinquiries@diamondfoods.com,Craig Tokusato (CMO),"Iconic California snack nut roaster producing glazed walnuts, Virginia peanuts, and cashews; needs modern direct-to-consumer store.",High
772,Wonderful Pistachios & Almonds,USA,"Los Angeles, CA",https://maps.google.com/?q=Wonderful%20Pistachios%20%26%20Almonds+Los%20Angeles%2C%20CA,Traditional web shop lacking an interactive custom dry fruit and nut gift box builder,Instagram: @wonderfulpistac / Facebook: Wonderful Pistachios & Almonds,General Inquiries | corporateaffairs@wonderful.com,Stewart Resnick (Chairman),World's largest vertically integrated pistachio grower producing No Shells chili roasted nuts; needs corporate gifting boutique.,High
773,Fisher Nuts John B. Sanfilippo,USA,"Elgin, IL",https://maps.google.com/?q=Fisher%20Nuts%20John%20B.%20Sanfilippo+Elgin%2C%20IL,Traditional web shop lacking an interactive custom dry fruit and nut gift box builder,Instagram: @fishernutsjohnb / Facebook: Fisher Nuts John B. Sanfilippo,General Inquiries | info@jbssinc.com,Jeffrey Sanfilippo (CEO),"Leading processor of recipe nuts, trail mixes, and snack nuts; needs direct-to-consumer gourmet brand showcase.",High
774,Planters Nut & Chocolate Co,USA,"Austin, MN",https://maps.google.com/?q=Planters%20Nut%20%26%20Chocolate%20Co+Austin%2C%20MN,Traditional web shop lacking an interactive custom dry fruit and nut gift box builder,Instagram: @plantersnutchoc / Facebook: Planters Nut & Chocolate Co,General Inquiries | customercare@hormel.com,Jim Snee (CEO),"Historic American peanut and nut brand producing Cheez Balls, dry roasted peanuts, and cashews; needs luxury collector tin builder.",High
775,Sun-Maid Growers of California,USA,"Fresno, CA",https://maps.google.com/?q=Sun-Maid%20Growers%20of%20California+Fresno%2C%20CA,Traditional web shop lacking an interactive custom dry fruit and nut gift box builder,Instagram: @sunmaidgrowerso / Facebook: Sun-Maid Growers of California,General Inquiries | info@sunmaid.com,Harry Overly (President),"Historic cooperative processing California sun-dried raisins, golden raisins, and dried figs; needs digital heritage gift store.",High
776,National Raisin Company,USA,"Fowler, CA",https://maps.google.com/?q=National%20Raisin%20Company+Fowler%2C%20CA,Traditional web shop lacking an interactive custom dry fruit and nut gift box builder,Instagram: @nationalraisinc / Facebook: National Raisin Company,General Inquiries | info@nationalraisin.com,Jane Asmar (VP Sales),"Grower-owned processor of Champion brand sun-dried raisins, dried prunes, and figs; needs direct consumer sales shop.",High
777,Del Monte Dried Fruits,USA,"Walnut Creek, CA",https://maps.google.com/?q=Del%20Monte%20Dried%20Fruits+Walnut%20Creek%2C%20CA,Traditional web shop lacking an interactive custom dry fruit and nut gift box builder,Instagram: @delmontedriedfr / Facebook: Del Monte Dried Fruits,General Inquiries | contactus@delmonte.com,Greg Longstreet (President),"Supplying pitted prunes, dried apricots, and fruit snacks; needs modern digital pantry portal.",High
778,Dole Packaged Fruit & Nuts,USA,"Westlake Village, CA",https://maps.google.com/?q=Dole%20Packaged%20Fruit%20%26%20Nuts+Westlake%20Village%2C%20CA,Traditional web shop lacking an interactive custom dry fruit and nut gift box builder,Instagram: @dolepackagedfru / Facebook: Dole Packaged Fruit & Nuts,General Inquiries | dole.consumer.center@dole.com,Pier Luigi Sigismondi (President),"Global leader in dried tropical pineapple slices, mango, and date snacks; needs online gift box customizer.",High
779,KP Snacks & Roasted Nuts,United Kingdom,"Slough, Berkshire",https://maps.google.com/?q=KP%20Snacks%20%26%20Roasted%20Nuts+Slough%2C%20Berkshire,Traditional web shop lacking an interactive custom dry fruit and nut gift box builder,Instagram: @kpsnacksroasted / Facebook: KP Snacks & Roasted Nuts,General Inquiries | consumerrelations@kpsnacks.com,Mark Thorpe (CEO),"UK's favorite roasted salted peanuts, cashews, and spicy nut snacks; needs modern corporate party hamper builder.",High
780,Walkers Shortbread & Fruit Cakes,United Kingdom,"Aberlour, Speyside",https://maps.google.com/?q=Walkers%20Shortbread%20%26%20Fruit%20Cakes+Aberlour%2C%20Speyside,Traditional web shop lacking an interactive custom dry fruit and nut gift box builder,Instagram: @walkersshortbre / Facebook: Walkers Shortbread & Fruit Cakes,General Inquiries | customercare@walkersshortbread.com,Nicky Walker (Managing Director),"Scottish heritage bakery baking pure butter shortbread with dried currants, sultanas, and almonds; needs luxury gift tin customizer.",High
781,Tiptree Wilkin & Sons Preserves,United Kingdom,"Tiptree, Essex",https://maps.google.com/?q=Tiptree%20Wilkin%20%26%20Sons%20Preserves+Tiptree%2C%20Essex,Traditional web shop lacking an interactive custom dry fruit and nut gift box builder,Instagram: @tiptreewilkinso / Facebook: Tiptree Wilkin & Sons Preserves,General Inquiries | tiptree@tiptree.com,Scott Goodfellow (Joint MD),Royal Warrant fruit grower and preserve maker pairing English stone fruits with roasted nut hampers; needs bespoke gifting portal.,High
782,Fortnum & Mason Confections & Nuts,United Kingdom,London,https://maps.google.com/?q=Fortnum%20%26%20Mason%20Confections%20%26%20Nuts+London,Traditional web shop lacking an interactive custom dry fruit and nut gift box builder,Instagram: @fortnummasoncon / Facebook: Fortnum & Mason Confections & Nuts,General Inquiries | customer.services@fortnumandmason.com,Tom Athron (CEO),"Piccadilly luxury icon curating hand-packed dried fruit boxes, roasted Turkish pistachios, and hampers; needs VIP digital salon.",High
783,Harrods Gourmet Food Hall,United Kingdom,London,https://maps.google.com/?q=Harrods%20Gourmet%20Food%20Hall+London,Traditional web shop lacking an interactive custom dry fruit and nut gift box builder,Instagram: @harrodsgourmetf / Facebook: Harrods Gourmet Food Hall,General Inquiries | customer.service@harrods.com,Michael Ward (Managing Director),"Knightsbridge world-renowned luxury department store curating dried figs, roasted nuts, and date platters; needs digital concierge.",High
784,Selfridges Gourmet Food & Wine,United Kingdom,London,https://maps.google.com/?q=Selfridges%20Gourmet%20Food%20%26%20Wine+London,Traditional web shop lacking an interactive custom dry fruit and nut gift box builder,Instagram: @selfridgesgourm / Facebook: Selfridges Gourmet Food & Wine,General Inquiries | customerservices@selfridges.com,Andrew Keith (Managing Director),Oxford Street luxury retailer featuring exclusive artisanal date hampers and gourmet nut canisters; needs interactive hamper tool.,High
785,Liberty London Food & Hampers,United Kingdom,London,https://maps.google.com/?q=Liberty%20London%20Food%20%26%20Hampers+London,Traditional web shop lacking an interactive custom dry fruit and nut gift box builder,Instagram: @libertylondonfo / Facebook: Liberty London Food & Hampers,General Inquiries | customerservices@libertylondon.com,Adil Mehboob-Khan (CEO),Regent Street landmark crafting luxury heritage print gift boxes filled with artisanal nuts and fruits; needs bespoke gift builder.,High
786,Harvey Nichols Foodmarket,United Kingdom,London,https://maps.google.com/?q=Harvey%20Nichols%20Foodmarket+London,Traditional web shop lacking an interactive custom dry fruit and nut gift box builder,Instagram: @harveynicholsfo / Facebook: Harvey Nichols Foodmarket,General Inquiries | customerservices@harveynichols.com,Manju Malhotra (CEO),"Knightsbridge fashion and fine food curator offering chocolate nuts, champagne, and dried fruit trays; needs modern corporate shop.",High
787,Marks & Spencer Gourmet Nuts,United Kingdom,London,https://maps.google.com/?q=Marks%20%26%20Spencer%20Gourmet%20Nuts+London,Traditional web shop lacking an interactive custom dry fruit and nut gift box builder,Instagram: @marksspencergou / Facebook: Marks & Spencer Gourmet Nuts,General Inquiries | customer.services@marks-and-spencer.com,Stuart Machin (CEO),"Iconic British grocer offering Belgian chocolate coated nuts, Mediterranean dried fruit, and date treats; needs online gifting.",High
788,Waitrose & Partners Duchy Organic,United Kingdom,"Bracknell, Berkshire",https://maps.google.com/?q=Waitrose%20%26%20Partners%20Duchy%20Organic+Bracknell%2C%20Berkshire,Traditional web shop lacking an interactive custom dry fruit and nut gift box builder,Instagram: @waitrosepartner / Facebook: Waitrose & Partners Duchy Organic,General Inquiries | customersupport@waitrose.co.uk,James Bailey (Executive Director),"High-end supermarket featuring Prince of Wales organic dried fruits, roasted seeds, and nut mixes; needs digital hamper builder.",High
789,Sainsbury's Taste the Difference Nuts,United Kingdom,London,https://maps.google.com/?q=Sainsbury's%20Taste%20the%20Difference%20Nuts+London,Traditional web shop lacking an interactive custom dry fruit and nut gift box builder,Instagram: @sainsburystaste / Facebook: Sainsbury's Taste the Difference Nuts,General Inquiries | customer.service@sainsburys.co.uk,Simon Roberts (CEO),"Premium supermarket tier offering jumbo cashews, smoked almonds, and Chilean flame raisins; needs digital gift ordering.",High
790,Morrisons The Best Nuts & Fruit,United Kingdom,"Bradford, West Yorkshire",https://maps.google.com/?q=Morrisons%20The%20Best%20Nuts%20%26%20Fruit+Bradford%2C%20West%20Yorkshire,Traditional web shop lacking an interactive custom dry fruit and nut gift box builder,Instagram: @morrisonsthebes / Facebook: Morrisons The Best Nuts & Fruit,General Inquiries | customer.service@morrisonsplc.co.uk,David Potts (CEO),"British retailer's premium range featuring Turkish dried apricots, Medjool dates, and roasted pistachios; needs online order portal.",High
791,Trophy Foods Gourmet Nuts,Canada,"Calgary, AB",https://maps.google.com/?q=Trophy%20Foods%20Gourmet%20Nuts+Calgary%2C%20AB,Traditional web shop lacking an interactive custom dry fruit and nut gift box builder,Instagram: @trophyfoodsgour / Facebook: Trophy Foods Gourmet Nuts,General Inquiries | info@trophyfoods.com,David Johnston (President),"Roasting high-end baking nuts, salted cashews, and glazed pecans across Canada; needs an interactive direct consumer gift box builder.",High
792,Prana Bio Organic Snacks,Canada,"Montreal, QC",https://maps.google.com/?q=Prana%20Bio%20Organic%20Snacks+Montreal%2C%20QC,Traditional web shop lacking an interactive custom dry fruit and nut gift box builder,Instagram: @pranabioorganic / Facebook: Prana Bio Organic Snacks,General Inquiries | service@pranabio.com,Marie-Josée Richer (Founder),"Organic sprouted chia, dark chocolate covered nuts, and dried physalis; needs bilingual Canadian checkout.",High
793,Munch Better Snack Boxes,Canada,"Vancouver, BC",https://maps.google.com/?q=Munch%20Better%20Snack%20Boxes+Vancouver%2C%20BC,Traditional web shop lacking an interactive custom dry fruit and nut gift box builder,Instagram: @munchbettersnac / Facebook: Munch Better Snack Boxes,General Inquiries | support@munchbetter.ca,Sarah Campbell (Founder),Curates artisanal healthy Canadian snack boxes filled with raw nuts and dried fruit; needs corporate gift box tool.,High
794,Level Ground Fair Trade Dried Fruit,Canada,"Victoria, BC",https://maps.google.com/?q=Level%20Ground%20Fair%20Trade%20Dried%20Fruit+Victoria%2C%20BC,Traditional web shop lacking an interactive custom dry fruit and nut gift box builder,Instagram: @levelgroundfair / Facebook: Level Ground Fair Trade Dried Fruit,General Inquiries | info@levelground.com,Hugo Ciro (Co-Founder),"Direct trade tropical dried mango, pineapple, and banana chips; needs clean minimalist web shop.",High
795,New World Natural Foods,Canada,"Burnaby, BC",https://maps.google.com/?q=New%20World%20Natural%20Foods+Burnaby%2C%20BC,Traditional web shop lacking an interactive custom dry fruit and nut gift box builder,Instagram: @newworldnatural / Facebook: New World Natural Foods,General Inquiries | info@newworldfoods.ca,Peter Bahlawanian (Director),"Organic nut butters, sprouted seeds, and raw dried fruits; needs direct customer web portal.",High
796,Sunny Fruit Organic Dried Fruit,USA,"Fairfield, NJ",https://maps.google.com/?q=Sunny%20Fruit%20Organic%20Dried%20Fruit+Fairfield%2C%20NJ,Traditional web shop lacking an interactive custom dry fruit and nut gift box builder,Instagram: @sunnyfruitorgan / Facebook: Sunny Fruit Organic Dried Fruit,General Inquiries | info@sunnyfruit.com,Burak Tokman (President),"Organic sun-dried Smyrna figs, apricots, and dates packed in tender portion pouches; needs direct-to-consumer store.",High
797,Nut Cravings Gourmet Gift Baskets,USA,"New York, NY",https://maps.google.com/?q=Nut%20Cravings%20Gourmet%20Gift%20Baskets+New%20York%2C%20NY,Traditional web shop lacking an interactive custom dry fruit and nut gift box builder,Instagram: @nutcravingsgour / Facebook: Nut Cravings Gourmet Gift Baskets,General Inquiries | support@nutcravings.com,Isaac Mizrahi (Founder),"Curating high-end wooden gift crates of roasted almonds, walnuts, and dried kiwi; needs corporate holiday gift tin tool.",High
798,Jaybee's Gourmet Nuts & Gifts,USA,"Passaic, NJ",https://maps.google.com/?q=Jaybee's%20Gourmet%20Nuts%20%26%20Gifts+Passaic%2C%20NJ,Traditional web shop lacking an interactive custom dry fruit and nut gift box builder,Instagram: @jaybeesgourmetn / Facebook: Jaybee's Gourmet Nuts & Gifts,General Inquiries | info@jaybeesnuts.com,Jacob Bennett (Owner),"Hand-selected roasted cashews, smoked almonds, and party snack jars; needs modern mobile-optimized shopping cart.",High
799,Gourmet Gift Baskets Fruit & Nuts,USA,"Exeter, NH",https://maps.google.com/?q=Gourmet%20Gift%20Baskets%20Fruit%20%26%20Nuts+Exeter%2C%20NH,Traditional web shop lacking an interactive custom dry fruit and nut gift box builder,Instagram: @gourmetgiftbask / Facebook: Gourmet Gift Baskets Fruit & Nuts,General Inquiries | support@gourmetgiftbaskets.com,Ryan Abood (CEO),Nationwide luxury gift basket company curating dried orchard fruits and roasted nut tins; needs custom corporate portal.,High
800,Manhattan Fruitier Luxury Fruit & Nuts,USA,"New York, NY",https://maps.google.com/?q=Manhattan%20Fruitier%20Luxury%20Fruit%20%26%20Nuts+New%20York%2C%20NY,Traditional web shop lacking an interactive custom dry fruit and nut gift box builder,Instagram: @manhattanfruiti / Facebook: Manhattan Fruitier Luxury Fruit & Nuts,General Inquiries | service@manhattanfruitier.com,Lauren Murphy (Director),NYC artistic fruit and nut basket creator crafting luxury seasonal hampers; needs digital gift customizer.,High
801,Wine Country Gift Baskets,USA,"Fullerton, CA",https://maps.google.com/?q=Wine%20Country%20Gift%20Baskets+Fullerton%2C%20CA,Traditional web shop lacking an interactive custom dry fruit and nut gift box builder,Instagram: @winecountrygift / Facebook: Wine Country Gift Baskets,General Inquiries | sales@winecountrygiftbaskets.com,Bill Macfadyen (Director),Curates California almond and dried fruit towers paired with Napa Valley wines; needs multi-address holiday shipping tool.,High
802,Broadway Basketeers Dried Fruit,USA,"Lakewood, NJ",https://maps.google.com/?q=Broadway%20Basketeers%20Dried%20Fruit+Lakewood%2C%20NJ,Traditional web shop lacking an interactive custom dry fruit and nut gift box builder,Instagram: @broadwaybaskete / Facebook: Broadway Basketeers Dried Fruit,General Inquiries | orders@broadwaybasketeers.com,Avi Gross (Managing Director),"Kosher certified dried fruit trays, gourmet nuts, and festive gift towers; needs corporate spreadsheet bulk order uploader.",High
