id,business_name,country,city,maps_profile,website_status,social,contact,owner,why_need_website,quality
"1103","Pastelería Mallorca Madrid","Spain","Madrid","https://maps.google.com/?q=Pastelera+Mallorca+Madrid+Madrid","Traditional shop layout lacking an interactive custom gift tin builder and modern mobile checkout","Instagram: @pasteleramallor / Facebook: Pastelería Mallorca Madrid","General Inquiries | atencioncliente@pasteleria-mallorca.com","Moreno Family (Owners)","Historic Spanish gourmet brand crafting almond tortas, pastries, and festive gourmet hampers; needs custom celebration gift box portal.","High"
"1104","Frutos Secos El Rincón","Spain","Zaragoza","https://maps.google.com/?q=Frutos+Secos+El+Rincn+Zaragoza","Traditional shop layout lacking an interactive custom gift tin builder and modern mobile checkout","Instagram: @frutossecoselri / Facebook: Frutos Secos El Rincón","General Inquiries | atencionalcliente@elrincon.com","Javier Rincón (Founder)","Beloved regional Spanish snack and roasted nut shop chain; needs unified e-commerce ordering and festive gift hampers.","High"
"1105","La Chinata Gourmet Oleotecas","Spain","Plasencia, Cáceres","https://maps.google.com/?q=La+Chinata+Gourmet+Oleotecas+Plasencia+Cceres","Traditional shop layout lacking an interactive custom gift tin builder and modern mobile checkout","Instagram: @lachinatagourme / Facebook: La Chinata Gourmet Oleotecas","General Inquiries | info@lachinata.es","Fernando Oliva (Managing Director)","Spanish gourmet artisan pairing virgin olive oil with caramelised almonds and dried figs; needs luxury gift crate customizer.","High"
"1106","Chocolates Valor Villajoyosa","Spain","Villajoyosa, Alicante","https://maps.google.com/?q=Chocolates+Valor+Villajoyosa+Villajoyosa+Alicante","Traditional shop layout lacking an interactive custom gift tin builder and modern mobile checkout","Instagram: @chocolatesvalor / Facebook: Chocolates Valor Villajoyosa","General Inquiries | chocolates@valor.es","Pedro López (CEO)","Pioneering Spanish master chocolatiers crafting pure chocolate bars studded with whole Mediterranean almonds; needs VIP tasting portal.","High"
"1107","El Almendro Turrón & Almonds","Spain","Sonseca, Toledo","https://maps.google.com/?q=El+Almendro+Turrn+Almonds+Sonseca+Toledo","Traditional shop layout lacking an interactive custom gift tin builder and modern mobile checkout","Instagram: @elalmendroturrn / Facebook: El Almendro Turrón & Almonds","General Inquiries | info@delaviuda.com","Isabel Sánchez (CEO)","World-renowned Spanish almond specialty brand since 1890; needs an interactive Build-A-Turrón-Box gift experience.","High"
"1108","Confitería Rialto Oviedo","Spain","Oviedo, Asturias","https://maps.google.com/?q=Confitera+Rialto+Oviedo+Oviedo+Asturias","Traditional shop layout lacking an interactive custom gift tin builder and modern mobile checkout","Instagram: @confiterarialto / Facebook: Confitería Rialto Oviedo","General Inquiries | pedidos@moscovitas.com","Francisco Gayoso (General Manager)","Legendary creator of Moscovitas (delicate marcona almond and chocolate biscuits); needs international luxury gift store.","High"
"1109","Pietro Romanengo fu Stefano 1780","Italy","Genova","https://maps.google.com/?q=Pietro+Romanengo+fu+Stefano+1780+Genova","Traditional shop layout lacking an interactive custom gift tin builder and modern mobile checkout","Instagram: @pietroromanengo / Facebook: Pietro Romanengo fu Stefano 1780","General Inquiries | info@romanengo.com","Jean-Sébastien Romanengo (Director)","One of Italy's oldest confectioners hand-candying clementines, chestnuts, and almond pasta reale; needs digital luxury heritage boutique.","High"
"1110","Antica Torroneria Piemontese","Italy","Grinzane Cavour, Cuneo","https://maps.google.com/?q=Antica+Torroneria+Piemontese+Grinzane+Cavour+Cuneo","Traditional shop layout lacking an interactive custom gift tin builder and modern mobile checkout","Instagram: @anticatorroneri / Facebook: Antica Torroneria Piemontese","General Inquiries | info@torrone.it","Sebastiano Conte (Director)","Artisan nougat maker since 1885 blending Langhe hazelnuts with wildflower honey; needs interactive Italian hamper customizer.","High"
"1111","Baratti & Milano Torino 1858","Italy","Torino","https://maps.google.com/?q=Baratti+Milano+Torino+1858+Torino","Traditional shop layout lacking an interactive custom gift tin builder and modern mobile checkout","Instagram: @barattimilanoto / Facebook: Baratti & Milano Torino 1858","General Inquiries | info@barattiemilano.it","Guido Repetto (CEO)","Historic royal court confectioner famous for Cremino and Piedmont hazelnut praline assortments; needs modern corporate gift builder.","High"
"1112","Amarelli Fabbrica di Liquirizia 1731","Italy","Rossano, Cosenza","https://maps.google.com/?q=Amarelli+Fabbrica+di+Liquirizia+1731+Rossano+Cosenza","Traditional shop layout lacking an interactive custom gift tin builder and modern mobile checkout","Instagram: @amarellifabbric / Facebook: Amarelli Fabbrica di Liquirizia 1731","General Inquiries | info@amarelli.it","Fortunato Amarelli (CEO)","Historic Italian confectionery house producing world-famous pure Calabrian licorice tins; needs interactive vintage tin customizer.","High"
"1113","Cartwright & Butler Yorkshire","UK","Cottingham, Yorkshire","https://maps.google.com/?q=Cartwright+Butler+Yorkshire+Cottingham+Yorkshire","Traditional shop layout lacking an interactive custom gift tin builder and modern mobile checkout","Instagram: @cartwrightbutle / Facebook: Cartwright & Butler Yorkshire","General Inquiries | orders@cartwrightandbutler.co.uk","Tony Arnett (Managing Director)","British luxury teatime treats, caramelised nuts, and keepsake embossed gift tins; needs interactive Build-Your-Own-Hamper tool.","High"
"1114","The Fine Cheese Co. Bath","UK","Bath, Somerset","https://maps.google.com/?q=The+Fine+Cheese+Co+Bath+Bath+Somerset","Traditional shop layout lacking an interactive custom gift tin builder and modern mobile checkout","Instagram: @thefinecheeseco / Facebook: The Fine Cheese Co. Bath","General Inquiries | orders@finecheese.co.uk","John Shepherd (Founder)","Specialist artisan cheese and gourmet accompaniment merchant making walnut crackers and fruit purées; needs interactive tasting box customizer.","High"
"1115","Dukeshill Luxury Hampers","UK","Telford, Shropshire","https://maps.google.com/?q=Dukeshill+Luxury+Hampers+Telford+Shropshire","Traditional shop layout lacking an interactive custom gift tin builder and modern mobile checkout","Instagram: @dukeshillluxury / Facebook: Dukeshill Luxury Hampers","General Inquiries | hamperorders@dukeshill.co.uk","Mark Duke (Managing Director)","Royal Warrant-holding producer of fine cured meats, candied orange slices, and fruit loaves; needs festive corporate gifting shop.","High"
"1116","Partridges of Duke of York Square","UK","London","https://maps.google.com/?q=Partridges+of+Duke+of+York+Square+London","Traditional shop layout lacking an interactive custom gift tin builder and modern mobile checkout","Instagram: @partridgesofduk / Facebook: Partridges of Duke of York Square","General Inquiries | enquiries@partridges.co.uk","John Shepherd (Managing Director)","Royal grocer to HM Queen Elizabeth II curating artisanal teas, roasted nuts, and bespoke hampers; needs digital royal hamper creator.","High"
"1117","Paxton & Whitfield London 1797","UK","London","https://maps.google.com/?q=Paxton+Whitfield+London+1797+London","Traditional shop layout lacking an interactive custom gift tin builder and modern mobile checkout","Instagram: @paxtonwhitfield / Facebook: Paxton & Whitfield London 1797","General Inquiries | care@paxtonandwhitfield.co.uk","Jemima Bird (Managing Director)","Britain's leading cheesemonger stocking artisan oatcakes, fruit crackers, and dried muscatels; needs luxury pairing basket builder.","High"
"1118","Pump Street Chocolate & Bakery","UK","Orford, Suffolk","https://maps.google.com/?q=Pump+Street+Chocolate+Bakery+Orford+Suffolk","Traditional shop layout lacking an interactive custom gift tin builder and modern mobile checkout","Instagram: @pumpstreetchoco / Facebook: Pump Street Chocolate & Bakery","General Inquiries | orders@pumpstreetchocolate.com","Chris & Joanna Brennan (Founders)","Suffolk bean-to-bar chocolate maker combining sourdough crumbs and roasted hazelnuts; needs boutique DTC craft shop.","High"
"1119","The Artisan General Store","UK","Manchester","https://maps.google.com/?q=The+Artisan+General+Store+Manchester","Traditional shop layout lacking an interactive custom gift tin builder and modern mobile checkout","Instagram: @theartisangener / Facebook: The Artisan General Store","General Inquiries | hello@theartisangeneralstore.co.uk","David Lewis (Owner)","Specialty wholefood purveyor stocking raw macadamias, organic dried white mulberries, and chia seeds; needs modern mobile store.","High"
"1120","LoveRaw Plant Based Chocolates","UK","Altrincham, Greater Manchester","https://maps.google.com/?q=LoveRaw+Plant+Based+Chocolates+Altrincham+Greater+Manchester","Traditional shop layout lacking an interactive custom gift tin builder and modern mobile checkout","Instagram: @loverawplantbas / Facebook: LoveRaw Plant Based Chocolates","General Inquiries | hello@eatloveraw.com","Rimi & Manav Thapar (Founders)","Disrupting confectionery with vegan roasted hazelnut cre*m wafers and chocolate nut cups; needs direct-to-consumer store.","High"
"1121","Maison Brémond 1830 Provence","France","Mane, Alpes-de-Haute-Provence","https://maps.google.com/?q=Maison+Brmond+1830+Provence+Mane+AlpesdeHauteProvence","Traditional shop layout lacking an interactive custom gift tin builder and modern mobile checkout","Instagram: @maisonbrmond183 / Facebook: Maison Brémond 1830 Provence","General Inquiries | service-client@maisonbremond1830.com","Olivier Baussan (President)","High-end Provençal gourmet epicerie curating truffle almonds, tapenades, and date spreads; needs international luxury gift store.","High"
"1122","Maison Colibri Madeleines 1896","France","Pons, Charente-Maritime","https://maps.google.com/?q=Maison+Colibri+Madeleines+1896+Pons+CharenteMaritime","Traditional shop layout lacking an interactive custom gift tin builder and modern mobile checkout","Instagram: @maisoncolibrima / Facebook: Maison Colibri Madeleines 1896","General Inquiries | contact@maison-colibri.com","Renaud Saada (Managing Director)","Artisan French pastry maker baking hazelnut praline madeleines with crunchy dark chocolate shells; needs custom madeleine tin builder.","High"
"1123","Maison Corsiglia Marrons Glacés","France","Aubagne, Provence","https://maps.google.com/?q=Maison+Corsiglia+Marrons+Glacs+Aubagne+Provence","Traditional shop layout lacking an interactive custom gift tin builder and modern mobile checkout","Instagram: @maisoncorsiglia / Facebook: Maison Corsiglia Marrons Glacés","General Inquiries | contact@corsiglia.fr","Jean-Louis Corsiglia (CEO)","Over 120 years of craftsmanship in candied chestnuts (Marrons Glacés) from Naples and Turin; needs digital luxury confectionery salon.","High"
"1124","Le Comptoir de Mathilde","France","Tulette, Drôme","https://maps.google.com/?q=Le+Comptoir+de+Mathilde+Tulette+Drme","Traditional shop layout lacking an interactive custom gift tin builder and modern mobile checkout","Instagram: @lecomptoirdemat / Facebook: Le Comptoir de Mathilde","General Inquiries | service.client@lecomptoirdemathilde.com","Richard Fournier (Founder)","Artisanal French deli crafting gourmet chocolate tapenades, salted caramels, and nut spreads; needs custom gift crate customizer.","High"
"1125","Maison Pécou Confiseur 1880","France","Montauban","https://maps.google.com/?q=Maison+Pcou+Confiseur+1880+Montauban","Traditional shop layout lacking an interactive custom gift tin builder and modern mobile checkout","Instagram: @maisonpcouconfi / Facebook: Maison Pécou Confiseur 1880","General Inquiries | contact@dragees-pecou.com","Bernard Pécou (CEO)","Renowned French dragée master coating roasted Avola almonds and chocolate centres in fine sugar; needs wedding & event portal.","High"
"1126","Chocolaterie Voisin Lyon 1897","France","Lyon","https://maps.google.com/?q=Chocolaterie+Voisin+Lyon+1897+Lyon","Traditional shop layout lacking an interactive custom gift tin builder and modern mobile checkout","Instagram: @chocolaterievoi / Facebook: Chocolaterie Voisin Lyon 1897","General Inquiries | service-client@chocolats-voisin.fr","Alain Boucaud (Director)","Master of the Coussin de Lyon (candied curaçao marzipan and dark chocolate ganache); needs interactive luxury gift box customizer.","High"
"1127","La Cure Gourmande France","France","Balaruc-les-Bains","https://maps.google.com/?q=La+Cure+Gourmande+France+BalaruclesBains","Traditional shop layout lacking an interactive custom gift tin builder and modern mobile checkout","Instagram: @lacuregourmande / Facebook: La Cure Gourmande France","General Inquiries | contact@curegourmande.com","Edouard Hennebert (Co-Founder)","French traditional biscuit and confectionery maker in vintage tin packaging; needs custom assortment tin builder.","High"
"1128","Sawade Berlin Pralinen 1880","Germany","Berlin","https://maps.google.com/?q=Sawade+Berlin+Pralinen+1880+Berlin","Traditional shop layout lacking an interactive custom gift tin builder and modern mobile checkout","Instagram: @sawadeberlinpra / Facebook: Sawade Berlin Pralinen 1880","General Inquiries | kundenservice@sawade.berlin","Benno Hübel (Managing Director)","Berlin's oldest confectionery manufactory handcrafting walnut marzipan and hazelnut nougat praline boxes; needs luxury gift builder.","High"
"1129","Confiserie Sprüngli Zürich 1836","Switzerland","Zürich","https://maps.google.com/?q=Confiserie+Sprngli+Zrich+1836+Zrich","Traditional shop layout lacking an interactive custom gift tin builder and modern mobile checkout","Instagram: @confiseriesprng / Facebook: Confiserie Sprüngli Zürich 1836","General Inquiries | kontakt@spruengli.ch","Tomas Prenosil (CEO)","Swiss haute chocolaterie pioneer famous for Luxemburgerli and roasted nut truffles; needs interactive VIP celebration portal.","High"
"1130","Sprüngli Confiserie Zurich","Switzerland","Zurich","https://maps.google.com/?q=Sprngli+Confiserie+Zurich+Zurich","Traditional shop layout lacking an interactive custom gift tin builder and modern mobile checkout","Instagram: @sprngliconfiser / Facebook: Sprüngli Confiserie Zurich","General Inquiries | customerservices@spruengli.ch","Tomas Prenosil (CEO)","Swiss pioneer crafting Luxemburgerli macarons, roasted hazelnut pralines, and candied chestnuts; needs luxury VIP boutique.","High"
"1131","Basler Läckerli Huus 1904","Switzerland","Frenkendorf, Basel","https://maps.google.com/?q=Basler+Lckerli+Huus+1904+Frenkendorf+Basel","Traditional shop layout lacking an interactive custom gift tin builder and modern mobile checkout","Instagram: @baslerlckerlihu / Facebook: Basler Läckerli Huus 1904","General Inquiries | info@laeckerli-huus.ch","Miriam Baumann-Blocher (Owner)","Famous for traditional Basel honey gingerbread studded with almonds, candied peel, and hazelnuts; needs seasonal gift tin builder.","High"
"1132","Coppeneur Confiseur Deutschland","Germany","Bad Honnef, NRW","https://maps.google.com/?q=Coppeneur+Confiseur+Deutschland+Bad+Honnef+NRW","Traditional shop layout lacking an interactive custom gift tin builder and modern mobile checkout","Instagram: @coppeneurconfis / Facebook: Coppeneur Confiseur Deutschland","General Inquiries | info@coppeneur.de","Oliver Coppeneur (Founder)","Bean-to-bar chocolatier crafting pure nut nougat spreads and roasted macadamia pralines; needs corporate gift tin builder.","High"
"1133","Rausch Schokolade Berlin 1918","Germany","Berlin","https://maps.google.com/?q=Rausch+Schokolade+Berlin+1918+Berlin","Traditional shop layout lacking an interactive custom gift tin builder and modern mobile checkout","Instagram: @rauschschokolad / Facebook: Rausch Schokolade Berlin 1918","General Inquiries | service@rausch.de","Robert Rausch (Managing Director)","Pure plantation chocolate house pairing single-origin cacao with roasted whole nuts; needs luxury gift set builder.","High"
"1134","Käfer Feinkost München","Germany","München, Bavaria","https://maps.google.com/?q=Kfer+Feinkost+Mnchen+Mnchen+Bavaria","Traditional shop layout lacking an interactive custom gift tin builder and modern mobile checkout","Instagram: @kferfeinkostmnc / Facebook: Käfer Feinkost München","General Inquiries | feinkostladen@feinkost-kaefer.de","Michael Käfer (CEO)","Europe's leading gourmet caterer and deli stocking premium roasted nut gift boxes and fruit loaves; needs modern festive hamper builder.","High"
"1135","Leysieffer Confiserie Osnabrück","Germany","Osnabrück","https://maps.google.com/?q=Leysieffer+Confiserie+Osnabrck+Osnabrck","Traditional shop layout lacking an interactive custom gift tin builder and modern mobile checkout","Instagram: @leysiefferconfi / Facebook: Leysieffer Confiserie Osnabrück","General Inquiries | info@leysieffer.de","Leysieffer Management (Directors)","Historic German confectioner famous for Himmlische praline truffles and candied marzipan fruits; needs luxury online gift shop.","High"
"1136","Storz Schokolade & Nougat","Germany","Tuttlingen, Baden-Württemberg","https://maps.google.com/?q=Storz+Schokolade+Nougat+Tuttlingen+BadenWrttemberg","Traditional shop layout lacking an interactive custom gift tin builder and modern mobile checkout","Instagram: @storzschokolade / Facebook: Storz Schokolade & Nougat","General Inquiries | info@storz-schokolade.de","Markus Schinle (Managing Director)","Crafting hazelnut nougat specialties and playful chocolate figures since 1884; needs modernized B2B and retail shop.","High"
"1137","Confiserie Berger Tirol","Austria","Lofer, Salzburg","https://maps.google.com/?q=Confiserie+Berger+Tirol+Lofer+Salzburg","Traditional shop layout lacking an interactive custom gift tin builder and modern mobile checkout","Instagram: @confiserieberge / Facebook: Confiserie Berger Tirol","General Inquiries | info@confiserie-berger.at","Hubert Berger (Master Chocolatier)","Salzburger Land confectioner blending alpine mountain herbs with roasted nut pralines; needs luxury gift box composer.","High"
"1138","JC's Quality Foods Melbourne","Australia","Melbourne, VIC","https://maps.google.com/?q=JCs+Quality+Foods+Melbourne+Melbourne+VIC","Traditional shop layout lacking an interactive custom gift tin builder and modern mobile checkout","Instagram: @jcsqualityfoods / Facebook: JC's Quality Foods Melbourne","General Inquiries | customerservice@jcsqualityfoods.com.au","Joseph Cannatelli (Founder)","One of Australia's most trusted snack and nut roasters offering Outback Mix and raw walnuts; needs modern wholesale and DTC portal.","High"
"1139","Tabletop Grapes Sun Dried Fruit","Australia","Albury, NSW","https://maps.google.com/?q=Tabletop+Grapes+Sun+Dried+Fruit+Albury+NSW","Traditional shop layout lacking an interactive custom gift tin builder and modern mobile checkout","Instagram: @tabletopgrapess / Facebook: Tabletop Grapes Sun Dried Fruit","General Inquiries | info@tabletopgrapes.com.au","Gino Bianchini (Owner)","Drying whole grape clusters on the vine to produce gourmet muscatel table raisins; needs gourmet cheese accompaniment shop.","High"
"1140","The Ginger Factory Yandina","Australia","Yandina, QLD","https://maps.google.com/?q=The+Ginger+Factory+Yandina+Yandina+QLD","Traditional shop layout lacking an interactive custom gift tin builder and modern mobile checkout","Instagram: @thegingerfactor / Facebook: The Ginger Factory Yandina","General Inquiries | enquiries@gingerfactory.com.au","Buderim Group (Directors)","World's finest producer of candied ginger, ginger marmalade, and chocolate-coated ginger treats; needs interactive gift hamper store.","High"
"1141","Koko Black Chocolates Melbourne","Australia","Melbourne, VIC","https://maps.google.com/?q=Koko+Black+Chocolates+Melbourne+Melbourne+VIC","Traditional shop layout lacking an interactive custom gift tin builder and modern mobile checkout","Instagram: @kokoblackchocol / Facebook: Koko Black Chocolates Melbourne","General Inquiries | hello@kokoblack.com","Nicolas Droulers (CEO)","Artisan Melbourne chocolatier famous for roasted macadamia marzipan and hazelnut clusters; needs online luxury gift lounge.","High"
"1142","Haigh's Chocolates Adelaide 1915","Australia","Adelaide, SA","https://maps.google.com/?q=Haighs+Chocolates+Adelaide+1915+Adelaide+SA","Traditional shop layout lacking an interactive custom gift tin builder and modern mobile checkout","Instagram: @haighschocolate / Facebook: Haigh's Chocolates Adelaide 1915","General Inquiries | info@haighs.com.au","Alister Haigh (CEO)","Australia's oldest family-owned bean-to-bar chocolatier coating roasted almonds and fruit pastilles; needs custom gift box builder.","High"
"1143","Hafiz Mustafa 1864 Istanbul","Turkey","Istanbul","https://maps.google.com/?q=Hafiz+Mustafa+1864+Istanbul+Istanbul","Traditional shop layout lacking an interactive custom gift tin builder and modern mobile checkout","Instagram: @hafizmustafa186 / Facebook: Hafiz Mustafa 1864 Istanbul","General Inquiries | order@hafizmustafa.com","Eren Ongurlar (Owner)","Legendary Turkish confectionery house crafting pistachio baklava, pomegranate Turkish delights, and nut dragees; needs international express boutique.","High"
"1144","The Date Room Abu Dhabi","UAE","Abu Dhabi","https://maps.google.com/?q=The+Date+Room+Abu+Dhabi+Abu+Dhabi","Traditional shop layout lacking an interactive custom gift tin builder and modern mobile checkout","Instagram: @thedateroomabud / Facebook: The Date Room Abu Dhabi","General Inquiries | info@thedateroom.com","Date Room Team (Directors)","Local Emirati date artisan hand-stuffing local Kholas and Fardh dates with roasted nuts and chocolate; needs luxury gifting lounge.","High"
"1145","Yemeni Sidr Honey & Dry Fruits","UAE","Dubai","https://maps.google.com/?q=Yemeni+Sidr+Honey+Dry+Fruits+Dubai","Traditional shop layout lacking an interactive custom gift tin builder and modern mobile checkout","Instagram: @yemenisidrhoney / Facebook: Yemeni Sidr Honey & Dry Fruits","General Inquiries | info@yemenihoney.com","Ahmed Al-Yemeni (Founder)","Rare royal Sidr honey paired with wild dried mountain figs and organic almonds; needs luxury tasting gift set portal.","High"
"1146","Hediard Paris Épicerie Fine","France","Paris","https://maps.google.com/?q=Hediard+Paris+picerie+Fine+Paris","Traditional shop layout lacking an interactive custom gift tin builder and modern mobile checkout","Instagram: @hediardparispic / Facebook: Hediard Paris Épicerie Fine","General Inquiries | service-clients@hediard.fr","Hediard Management (Directors)","Historic Parisian luxury grocer on Place de la Madeleine famous for fruit jellies and exotic dried fruits; needs luxury digital concierge.","High"
"1147","Benoit Chocolats Angers","France","Angers, Loire","https://maps.google.com/?q=Benoit+Chocolats+Angers+Angers+Loire","Traditional shop layout lacking an interactive custom gift tin builder and modern mobile checkout","Instagram: @benoitchocolats / Facebook: Benoit Chocolats Angers","General Inquiries | contact@benoitchocolats.com","Anne-Françoise Benoit (Owner)","Creator of the famous Caramandes (thin triangles of roasted almonds bound in salted butter caramel); needs international delivery store.","High"
"1148","Bergin Fruit and Nut Company","USA","Vadnais Heights, MN","https://maps.google.com/?q=Bergin+Fruit+and+Nut+Company+Vadnais+Heights+MN","Traditional shop layout lacking an interactive custom gift tin builder and modern mobile checkout","Instagram: @berginfruitandn / Facebook: Bergin Fruit and Nut Company","General Inquiries | info@berginfruitandnut.com","Tom Bergin (President)","Roasting specialty nuts, organic trail mixes, and chocolate covered fruits; needs seamless online ordering shop.","High"
"1149","Sohnrey Family Foods","USA","Oroville, CA","https://maps.google.com/?q=Sohnrey+Family+Foods+Oroville+CA","Traditional shop layout lacking an interactive custom gift tin builder and modern mobile checkout","Instagram: @sohnreyfamilyfo / Facebook: Sohnrey Family Foods","General Inquiries | info@sohnreyfamilyfoods.com","Andrew Sohnrey (Co-Owner)","Fifth-generation Sacramento Valley almond and walnut growers; needs direct-to-consumer gift box shop.","High"
"1150","Germack Pistachio Company","USA","Detroit, MI","https://maps.google.com/?q=Germack+Pistachio+Company+Detroit+MI","Traditional shop layout lacking an interactive custom gift tin builder and modern mobile checkout","Instagram: @germackpistachi / Facebook: Germack Pistachio Company","General Inquiries | orders@germack.com","Frank Germack III (Owner)","Oldest pistachio roaster in the USA crafting specialty nuts and coffees; needs luxury custom assortment builder.","High"
"1151","King Nut & Summer Harvest","USA","Solon, OH","https://maps.google.com/?q=King+Nut+Summer+Harvest+Solon+OH","Traditional shop layout lacking an interactive custom gift tin builder and modern mobile checkout","Instagram: @kingnutsummerha / Facebook: King Nut & Summer Harvest","General Inquiries | customerservice@kingnut.com","Martin Kanan (CEO)","Aviation and retail nut supplier producing premium roasted snack mixes; needs direct B2B and B2C web shop.","High"
"1152","Sincerely Nuts New Jersey","USA","Clifton, NJ","https://maps.google.com/?q=Sincerely+Nuts+New+Jersey+Clifton+NJ","Traditional shop layout lacking an interactive custom gift tin builder and modern mobile checkout","Instagram: @sincerelynutsne / Facebook: Sincerely Nuts New Jersey","General Inquiries | sales@sincerelynuts.com","David Mizrahi (Founder)","Direct online purveyor of raw nuts, dried organic berries, and seeds; needs modernized 1-page checkout.","High"
"1153","Braga Organic California Farms","USA","Madera, CA","https://maps.google.com/?q=Braga+Organic+California+Farms+Madera+CA","Traditional shop layout lacking an interactive custom gift tin builder and modern mobile checkout","Instagram: @bragaorganiccal / Facebook: Braga Organic California Farms","General Inquiries | info@buyorganicnuts.com","Mike Braga (Owner)","Organic California almonds, pistachios, and walnuts straight from the orchard; needs farm subscription box portal.","High"
"1154","ApricotKing Orchards Hollister","USA","Hollister, CA","https://maps.google.com/?q=ApricotKing+Orchards+Hollister+Hollister+CA","Traditional shop layout lacking an interactive custom gift tin builder and modern mobile checkout","Instagram: @apricotkingorch / Facebook: ApricotKing Orchards Hollister","General Inquiries | info@apricotking.com","Patti Rossi (Owner)","Santa Clara Valley heirloom Blenheim dried apricots and walnut mixes; needs artisan seasonal pre-order store.","High"
"1155","San Saba Texas Pecans","USA","San Saba, TX","https://maps.google.com/?q=San+Saba+Texas+Pecans+San+Saba+TX","Traditional shop layout lacking an interactive custom gift tin builder and modern mobile checkout","Instagram: @sansabatexaspec / Facebook: San Saba Texas Pecans","General Inquiries | sales@sansabapecan.com","Ken Myers (President)","Pecan Capital of the World producer shipping gourmet fudge and roasted nuts; needs fast 1-click gift ordering.","High"
"1156","Fastachi Handmade Roasted Nuts","USA","Watertown, MA","https://maps.google.com/?q=Fastachi+Handmade+Roasted+Nuts+Watertown+MA","Traditional shop layout lacking an interactive custom gift tin builder and modern mobile checkout","Instagram: @fastachihandmad / Facebook: Fastachi Handmade Roasted Nuts","General Inquiries | info@fastachi.com","Souren Etyemezian (Founder)","Hand-roasted artisanal nuts in small batches over open fire with signature dried fruit mixes; needs interactive gift tin creator.","High"
"1157","Maison Bouche Confections","USA","Oakland, CA","https://maps.google.com/?q=Maison+Bouche+Confections+Oakland+CA","Traditional shop layout lacking an interactive custom gift tin builder and modern mobile checkout","Instagram: @maisonbouchecon / Facebook: Maison Bouche Confections","General Inquiries | info@maisonbouche.com","Diane Yen (Founder)","Artisanal chocolate bars studded with candied ginger, roasted pistachios, and sea salt; needs luxury editorial boutique.","High"
"1158","Patience Fruit & Co Quebec","Canada","Notre-Dame-de-Lourdes, QC","https://maps.google.com/?q=Patience+Fruit+Co+Quebec+NotreDamedeLourdes+QC","Traditional shop layout lacking an interactive custom gift tin builder and modern mobile checkout","Instagram: @patiencefruitco / Facebook: Patience Fruit & Co Quebec","General Inquiries | info@patiencefruitco.com","Marc Bieler (President)","Organic Canadian dried cranberries, wild blueberries, and slow-dried sour cherries; needs direct consumer gift boutique.","High"
"1159","Prana Organic Montreal","Canada","Montreal, QC","https://maps.google.com/?q=Prana+Organic+Montreal+Montreal+QC","Traditional shop layout lacking an interactive custom gift tin builder and modern mobile checkout","Instagram: @pranaorganicmon / Facebook: Prana Organic Montreal","General Inquiries | info@pranaorganic.com","Marie-Josée Richer (Co-Founder)","Pioneering organic plant-based snacks, roasted nuts, and dried exotic fruits; needs direct DTC e-commerce shop.","High"
"1160","Summerbird Organic Denmark","Denmark","Assens","https://maps.google.com/?q=Summerbird+Organic+Denmark+Assens","Traditional shop layout lacking an interactive custom gift tin builder and modern mobile checkout","Instagram: @summerbirdorgan / Facebook: Summerbird Organic Denmark","General Inquiries | kundeservice@summerbird.dk","Mikael Grønlykke (Founder)","Renowned Danish organic chocolatier celebrated for roasted Valencia almond dragées and flødeboller; needs luxury Scandinavian gift shop.","High"
"1161","Lakrids by Bülow Denmark","Denmark","Hvidovre, Copenhagen","https://maps.google.com/?q=Lakrids+by+Blow+Denmark+Hvidovre+Copenhagen","Traditional shop layout lacking an interactive custom gift tin builder and modern mobile checkout","Instagram: @lakridsbyblowde / Facebook: Lakrids by Bülow Denmark","General Inquiries | service@lakridsbybulow.com","Johan Bülow (Founder)","World's pioneering gourmet licorice atelier pairing slow-cooked licorice with Belgian chocolate and roasted nuts; needs custom gift jar creator.","High"
"1162","Mary Chocolatier Brussels 1919","Belgium","Brussels","https://maps.google.com/?q=Mary+Chocolatier+Brussels+1919+Brussels","Traditional shop layout lacking an interactive custom gift tin builder and modern mobile checkout","Instagram: @marychocolatier / Facebook: Mary Chocolatier Brussels 1919","General Inquiries | info@mary.be","Olivier Borgerhoff (CEO)","Belgian Royal Warrant holder famous for vintage pastel gift boxes of artisanal nut pralines; needs digital royal salon boutique.","High"
"1163","Galler Chocolatiers Liège","Belgium","Vaux-sous-Chèvremont","https://maps.google.com/?q=Galler+Chocolatiers+Lige+VauxsousChvremont","Traditional shop layout lacking an interactive custom gift tin builder and modern mobile checkout","Instagram: @gallerchocolati / Facebook: Galler Chocolatiers Liège","General Inquiries | info@galler.com","Salvatore Iannello (CEO)","Independent certified B-Corp Belgian chocolatier known for mini-bars filled with hazelnut praline; needs ethical corporate gift portal.","High"
"1164","Banchharam's Confectioners Kolkata","India","Kolkata, West Bengal","https://maps.google.com/?q=Banchharams+Confectioners+Kolkata+Kolkata+West+Bengal","Traditional shop layout lacking an interactive custom gift tin builder and modern mobile checkout","Instagram: @banchharamsconf / Facebook: Banchharam's Confectioners Kolkata","General Inquiries | care@banchharam.com","Subhasis Ghosh (Director)","Iconic Bengal confectioner famous for kaju pista rolls and festive dried fruit sandesh; needs online celebration order portal.","High"
"1165","Dadu's Sweets & Dry Fruits Pune","India","Pune, Maharashtra","https://maps.google.com/?q=Dadus+Sweets+Dry+Fruits+Pune+Pune+Maharashtra","Traditional shop layout lacking an interactive custom gift tin builder and modern mobile checkout","Instagram: @dadussweetsdryf / Facebook: Dadu's Sweets & Dry Fruits Pune","General Inquiries | info@dadus.co.in","Rajesh Dadu (Managing Director)","Premium Mithai and gourmet dry fruit gift boutique specializing in Turkish baklava and dry fruit hampers; needs interactive hamper tool.","High"
"1166","Anand Sweets and Savouries Bangalore","India","Bangalore, Karnataka","https://maps.google.com/?q=Anand+Sweets+and+Savouries+Bangalore+Bangalore+Karnataka","Traditional shop layout lacking an interactive custom gift tin builder and modern mobile checkout","Instagram: @anandsweetsands / Facebook: Anand Sweets and Savouries Bangalore","General Inquiries | orders@anandsweets.net","Arvind Dadu (Director)","Bangalore's finest purveyor of gourmet dry fruit sweets, roasted nuts, and luxury gift hampers; needs digital corporate gifting lounge.","High"
"1167","Sri Krishna Sweets Coimbatore","India","Coimbatore, Tamil Nadu","https://maps.google.com/?q=Sri+Krishna+Sweets+Coimbatore+Coimbatore+Tamil+Nadu","Traditional shop layout lacking an interactive custom gift tin builder and modern mobile checkout","Instagram: @srikrishnasweet / Facebook: Sri Krishna Sweets Coimbatore","General Inquiries | customercare@srikrishnasweets.com","M. Krishnan (Chairman)","Inventor of the legendary pure ghee Mysurpa and premium dry fruit halwa; needs international gift dispatch portal.","High"
"1168","Chitale Bandhu Mithaiwale Pune","India","Pune, Maharashtra","https://maps.google.com/?q=Chitale+Bandhu+Mithaiwale+Pune+Pune+Maharashtra","Traditional shop layout lacking an interactive custom gift tin builder and modern mobile checkout","Instagram: @chitalebandhumi / Facebook: Chitale Bandhu Mithaiwale Pune","General Inquiries | orders@chitalebandhu.in","Indraneel Chitale (Partner)","Pioneering Maharashtra brand known for Bakarwadi and roasted salted cashew gift packs; needs modern responsive global store.","High"
"1169","Toraya Confectionery Tokyo 1501","Japan","Tokyo","https://maps.google.com/?q=Toraya+Confectionery+Tokyo+1501+Tokyo","Traditional shop layout lacking an interactive custom gift tin builder and modern mobile checkout","Instagram: @torayaconfectio / Facebook: Toraya Confectionery Tokyo 1501","General Inquiries | info@toraya-group.co.jp","Mitsuhiro Kurokawa (President)","Supplier to the Imperial Court of Japan crafting traditional Yokan bean jelly studded with chestnuts; needs international luxury salon shop.","High"
"1170","Minamoto Kitchoan Japanese Sweets","Japan","Ginza, Tokyo","https://maps.google.com/?q=Minamoto+Kitchoan+Japanese+Sweets+Ginza+Tokyo","Traditional shop layout lacking an interactive custom gift tin builder and modern mobile checkout","Instagram: @minamotokitchoa / Facebook: Minamoto Kitchoan Japanese Sweets","General Inquiries | info@kitchoan.com","Kitchoan Team (Directors)","High-end Wagashi confectioner wrapping candied whole muscat grapes and dried persimmons; needs bespoke luxury seasonal gift portal.","High"
"1171","Morinaga Confectionery Tokyo","Japan","Tokyo","https://maps.google.com/?q=Morinaga+Confectionery+Tokyo+Tokyo","Traditional shop layout lacking an interactive custom gift tin builder and modern mobile checkout","Instagram: @morinagaconfect / Facebook: Morinaga Confectionery Tokyo","General Inquiries | info@morinaga.co.jp","Eijiro Morinaga (President)","Historic confectionery pioneer producing roasted almond balls and fine chocolates; needs modern export gift shop.","High"
"1172","Meiji Fine Sweets Tokyo","Japan","Tokyo","https://maps.google.com/?q=Meiji+Fine+Sweets+Tokyo+Tokyo","Traditional shop layout lacking an interactive custom gift tin builder and modern mobile checkout","Instagram: @meijifinesweets / Facebook: Meiji Fine Sweets Tokyo","General Inquiries | support@meiji.com","Katsunari Matsuda (CEO)","Iconic Japanese food house crafting Macadamia and Almond chocolate confections; needs VIP seasonal gift boutique.","High"
"1173","Kee Wah Bakery Hong Kong 1938","Hong Kong","Hong Kong","https://maps.google.com/?q=Kee+Wah+Bakery+Hong+Kong+1938+Hong+Kong","Traditional shop layout lacking an interactive custom gift tin builder and modern mobile checkout","Instagram: @keewahbakeryhon / Facebook: Kee Wah Bakery Hong Kong 1938","General Inquiries | tellus@keewah.com","Max Wong (Managing Director)","Heritage Hong Kong bakery famous for walnut crisps, almond cakes, and Chinese bridal gift tins; needs interactive corporate hamper builder.","High"
"1174","Wing Wah Bakery Hong Kong 1950","Hong Kong","Hong Kong","https://maps.google.com/?q=Wing+Wah+Bakery+Hong+Kong+1950+Hong+Kong","Traditional shop layout lacking an interactive custom gift tin builder and modern mobile checkout","Instagram: @wingwahbakeryho / Facebook: Wing Wah Bakery Hong Kong 1950","General Inquiries | wingwah@wingwah.com","Wing Wah Directors (Management)","Renowned for white lotus seed paste mooncakes with salted egg yolks and preserved candied fruits; needs global online gift shop.","High"
"1175","SunnyHills Pineapple Cakes Taiwan","Taiwan","Nantou","https://maps.google.com/?q=SunnyHills+Pineapple+Cakes+Taiwan+Nantou","Traditional shop layout lacking an interactive custom gift tin builder and modern mobile checkout","Instagram: @sunnyhillspinea / Facebook: SunnyHills Pineapple Cakes Taiwan","General Inquiries | service@sunnyhills.com.tw","Michael Hsu (CEO)","World-famous bakery crafting farm-direct organic pineapple cakes and roasted apple cookies; needs luxury international gift shop.","High"
"1176","ChiaTe Bakery Taipei 1975","Taiwan","Taipei","https://maps.google.com/?q=ChiaTe+Bakery+Taipei+1975+Taipei","Traditional shop layout lacking an interactive custom gift tin builder and modern mobile checkout","Instagram: @chiatebakerytai / Facebook: ChiaTe Bakery Taipei 1975","General Inquiries | service@chiate88.com","Chen Family (Owners)","Award-winning Taipei bakery famous for pineapple-walnut pastries, nougat, and egg yolk pastries; needs online souvenir order portal.","High"
"1177","Havanna Alfajores Argentina 1948","Argentina","Mar del Plata","https://maps.google.com/?q=Havanna+Alfajores+Argentina+1948+Mar+del+Plata","Traditional shop layout lacking an interactive custom gift tin builder and modern mobile checkout","Instagram: @havannaalfajore / Facebook: Havanna Alfajores Argentina 1948","General Inquiries | clientes@havanna.com.ar","Havanna Management (Directors)","Iconic Argentine dulce de leche alfajor house coated in dark chocolate and roasted walnuts; needs international gift boutique.","High"
"1178","Cachafaz Alfajores Argentina","Argentina","Buenos Aires","https://maps.google.com/?q=Cachafaz+Alfajores+Argentina+Buenos+Aires","Traditional shop layout lacking an interactive custom gift tin builder and modern mobile checkout","Instagram: @cachafazalfajor / Facebook: Cachafaz Alfajores Argentina","General Inquiries | contacto@cachafaz.com","Cachafaz Team (Directors)","Ultra-premium Argentine confectioner crafting artisanal alfajores and whole wheat almond cookies; needs direct-to-consumer store.","High"
"1179","Chocolates Rapanui Bariloche","Argentina","Bariloche, Patagonia","https://maps.google.com/?q=Chocolates+Rapanui+Bariloche+Bariloche+Patagonia","Traditional shop layout lacking an interactive custom gift tin builder and modern mobile checkout","Instagram: @chocolatesrapan / Facebook: Chocolates Rapanui Bariloche","General Inquiries | ventas@chocolatesrapanui.com.ar","Diego Fenoglio (Founder)","Patagonian master chocolatier famous for Franui (frozen raspberries coated in milk and white chocolate); needs international shipping shop.","High"
"1180","Kopenhagen Chocolates Brazil 1928","Brazil","São Paulo","https://maps.google.com/?q=Kopenhagen+Chocolates+Brazil+1928+So+Paulo","Traditional shop layout lacking an interactive custom gift tin builder and modern mobile checkout","Instagram: @kopenhagenchoco / Facebook: Kopenhagen Chocolates Brazil 1928","General Inquiries | sac@kopenhagen.com.br","Renata Vichi (CEO)","Brazil's leading luxury chocolatier crafting Nhá Benta and roasted cashew-studded Lingua de Gato; needs interactive gift tin builder.","High"
"1181","See's Candies California","USA","South San Francisco, CA","https://maps.google.com/?q=Sees+Candies+California+South+San+Francisco+CA","Traditional shop layout lacking an interactive custom gift tin builder and modern mobile checkout","Instagram: @seescandiescali / Facebook: See's Candies California","General Inquiries | customercare@sees.com","Pat Egan (CEO)","Legendary American chocolatier famous for California walnut brittles, almond squares, and nut fudge; needs interactive custom box builder.","High"
"1182","Vosges Haut-Chocolat Chicago","USA","Chicago, IL","https://maps.google.com/?q=Vosges+HautChocolat+Chicago+Chicago+IL","Traditional shop layout lacking an interactive custom gift tin builder and modern mobile checkout","Instagram: @vosgeshautchoco / Facebook: Vosges Haut-Chocolat Chicago","General Inquiries | service@vosgeschocolate.com","Katrina Markoff (Founder)","Pioneering luxury chocolatier pairing exotic spices, roasted nuts, and dried wild fruits; needs interactive experiential gift shop.","High"
"1183","Bissinger's Handcrafted Chocolatier","USA","St. Louis, MO","https://maps.google.com/?q=Bissingers+Handcrafted+Chocolatier+St+Louis+MO","Traditional shop layout lacking an interactive custom gift tin builder and modern mobile checkout","Instagram: @bissingershandc / Facebook: Bissinger's Handcrafted Chocolatier","General Inquiries | service@bissingers.com","Bissinger Family (Owners)","Historic royal court chocolatier since 1668 crafting caramel pecan tortes and dried fruit glacé; needs luxury gift crate tool.","High"
"1184","Norman Love Confections Florida","USA","Fort Myers, FL","https://maps.google.com/?q=Norman+Love+Confections+Florida+Fort+Myers+FL","Traditional shop layout lacking an interactive custom gift tin builder and modern mobile checkout","Instagram: @normanloveconfe / Facebook: Norman Love Confections Florida","General Inquiries | info@normanloveconfections.com","Norman Love (Founder)","Ultra-premium artistic chocolatier creating hand-painted jewel truffles with roasted hazelnuts and pistachios; needs VIP gifting boutique.","High"
"1185","Recchiuti Confections San Francisco","USA","San Francisco, CA","https://maps.google.com/?q=Recchiuti+Confections+San+Francisco+San+Francisco+CA","Traditional shop layout lacking an interactive custom gift tin builder and modern mobile checkout","Instagram: @recchiuticonfec / Facebook: Recchiuti Confections San Francisco","General Inquiries | info@recchiuti.com","Michael Recchiuti (Master Chocolatier)","San Francisco artisan pairing single-origin chocolate with roasted Piedmont hazelnuts and dried tarragon cherries; needs modern boutique.","High"
"1186","Mast Market New York & Mount Kisco","USA","Mount Kisco, NY","https://maps.google.com/?q=Mast+Market+New+York+Mount+Kisco+Mount+Kisco+NY","Traditional shop layout lacking an interactive custom gift tin builder and modern mobile checkout","Instagram: @mastmarketnewyo / Facebook: Mast Market New York & Mount Kisco","General Inquiries | hello@mastmarket.com","Rick & Michael Mast (Founders)","Organic family market crafting stoneground chocolate, roasted pantry nuts, and cold-pressed olive oils; needs modern digital pantry shop.","High"
"1187","Christopher Elbow Chocolates","USA","Kansas City, MO","https://maps.google.com/?q=Christopher+Elbow+Chocolates+Kansas+City+MO","Traditional shop layout lacking an interactive custom gift tin builder and modern mobile checkout","Instagram: @christopherelbo / Facebook: Christopher Elbow Chocolates","General Inquiries | info@elbowchocolates.com","Christopher Elbow (Master Chocolatier)","Modern artisan chocolatier handcrafting spiced hazelnut pralines and Venezuelan dark chocolate; needs luxury gift box composer.","High"
"1188","L.A. Burdick Handmade Chocolates","USA","Walpole, NH","https://maps.google.com/?q=LA+Burdick+Handmade+Chocolates+Walpole+NH","Traditional shop layout lacking an interactive custom gift tin builder and modern mobile checkout","Instagram: @laburdickhandma / Facebook: L.A. Burdick Handmade Chocolates","General Inquiries | service@burdickchocolate.com","Larry Burdick (Founder)","Artisanal European-style chocolate workshop famous for handmade chocolate mice and roasted hazelnut wafers; needs luxury gift box creator.","High"
"1189","French Broad Chocolates Asheville","USA","Asheville, NC","https://maps.google.com/?q=French+Broad+Chocolates+Asheville+Asheville+NC","Traditional shop layout lacking an interactive custom gift tin builder and modern mobile checkout","Instagram: @frenchbroadchoc / Facebook: French Broad Chocolates Asheville","General Inquiries | info@frenchbroadchocolates.com","Dan & Jael Rattigan (Co-Founders)","B-Corp artisanal chocolatier crafting hazelnut dragées, candied orange slices, and pecan bars; needs subscription box shop.","High"
"1190","Montezuma's Fine Chocolates","UK","Chichester, West Sussex","https://maps.google.com/?q=Montezumas+Fine+Chocolates+Chichester+West+Sussex","Traditional shop layout lacking an interactive custom gift tin builder and modern mobile checkout","Instagram: @montezumasfinec / Facebook: Montezuma's Fine Chocolates","General Inquiries | customerservice@montezumas.co.uk","Simon Pattinson (Co-Founder)","British ethical chocolate house known for dark chocolate almond bars and salted peanut snowballs; needs direct e-commerce shop.","High"
"1191","Bettys Café Tea Rooms Harrogate","UK","Harrogate, Yorkshire","https://maps.google.com/?q=Bettys+Caf+Tea+Rooms+Harrogate+Harrogate+Yorkshire","Traditional shop layout lacking an interactive custom gift tin builder and modern mobile checkout","Instagram: @bettyscaftearoo / Facebook: Bettys Café Tea Rooms Harrogate","General Inquiries | heretohelp@bettys.co.uk","Bettys Management (Directors)","Legendary Yorkshire tearoom baking Yorkshire fat rascals with almonds, stollen, and candied peel; needs luxury mail-order tea hamper shop.","High"
"1192","Shortbread House of Edinburgh","UK","Edinburgh, Scotland","https://maps.google.com/?q=Shortbread+House+of+Edinburgh+Edinburgh+Scotland","Traditional shop layout lacking an interactive custom gift tin builder and modern mobile checkout","Instagram: @shortbreadhouse / Facebook: Shortbread House of Edinburgh","General Inquiries | info@shortbreadhouse.com","Anthony Laing (Managing Director)","Scottish family bakery baking truly handmade shortbread with roasted macadamia nuts and stem ginger; needs royal celebration portal.","High"
"1193","Walkers Shortbread Aberlour","UK","Aberlour, Scotland","https://maps.google.com/?q=Walkers+Shortbread+Aberlour+Aberlour+Scotland","Traditional shop layout lacking an interactive custom gift tin builder and modern mobile checkout","Instagram: @walkersshortbre / Facebook: Walkers Shortbread Aberlour","General Inquiries | customerservices@walkers-shortbread.co.uk","Jim Walker (Managing Director)","Royal Warrant holder baking pure butter shortbread rounds, sultana cakes, and almond tarts; needs global gift dispatch portal.","High"
"1194","Dean's of Huntly Scottish Bakery","UK","Huntly, Aberdeenshire","https://maps.google.com/?q=Deans+of+Huntly+Scottish+Bakery+Huntly+Aberdeenshire","Traditional shop layout lacking an interactive custom gift tin builder and modern mobile checkout","Instagram: @deansofhuntlysc / Facebook: Dean's of Huntly Scottish Bakery","General Inquiries | info@deans.co.uk","Bill Dean (Managing Director)","Traditional Scottish craft bakery handcrafting melt-in-the-mouth shortbread with Belgian chocolate and pecans; needs modern web store.","High"
"1195","Border Biscuits Scotland","UK","Lanark, Scotland","https://maps.google.com/?q=Border+Biscuits+Scotland+Lanark+Scotland","Traditional shop layout lacking an interactive custom gift tin builder and modern mobile checkout","Instagram: @borderbiscuitss / Facebook: Border Biscuits Scotland","General Inquiries | info@borderbiscuits.co.uk","Paul Parkins (Managing Director)","Specialist Scottish biscuit maker famous for dark chocolate ginger, golden oat crumbles, and walnut thins; needs digital gift tin creator.","High"
"1196","Campbell's Shortbread Callander","UK","Callander, Perthshire","https://maps.google.com/?q=Campbells+Shortbread+Callander+Callander+Perthshire","Traditional shop layout lacking an interactive custom gift tin builder and modern mobile checkout","Instagram: @campbellsshortb / Facebook: Campbell's Shortbread Callander","General Inquiries | info@campbellsshortbread.co.uk","Campbell Family (Owners)","Scotland's oldest craft bakery baking traditional shortbread fingers and fruit cakes; needs online holiday shop.","High"
"1197","Mackie's of Scotland Crisps & Chocolate","UK","Inverurie, Aberdeenshire","https://maps.google.com/?q=Mackies+of+Scotland+Crisps+Chocolate+Inverurie+Aberdeenshire","Traditional shop layout lacking an interactive custom gift tin builder and modern mobile checkout","Instagram: @mackiesofscotla / Facebook: Mackie's of Scotland Crisps & Chocolate","General Inquiries | enquiries@mackies.co.uk","Mac Mackie (Managing Director)","Family farm making honeycomb chocolate bars and traditional potato crisps; needs direct farm store.","High"
"1198","Maison Larnicol Bretagne","France","Quimper, Brittany","https://maps.google.com/?q=Maison+Larnicol+Bretagne+Quimper+Brittany","Traditional shop layout lacking an interactive custom gift tin builder and modern mobile checkout","Instagram: @maisonlarnicolb / Facebook: Maison Larnicol Bretagne","General Inquiries | contact@larnicol.com","Georges Larnicol (Meilleur Ouvrier de France)","Master French chocolatier baking Kouign-Amann with roasted hazelnuts and salted caramel galettes; needs interactive gift tin creator.","High"
"1199","Biscuiterie La Trinitaine 1955","France","Saint-Philibert, Morbihan","https://maps.google.com/?q=Biscuiterie+La+Trinitaine+1955+SaintPhilibert+Morbihan","Traditional shop layout lacking an interactive custom gift tin builder and modern mobile checkout","Instagram: @biscuiterielatr / Facebook: Biscuiterie La Trinitaine 1955","General Inquiries | contact@latrinitaine.com","Yann Petit (CEO)","Iconic Breton family biscuiterie baking butter galettes, palets, and hazelnut crêpes dentelle in vintage tins; needs luxury tin customizer.","High"
"1200","Maison Goulibeur Poitou 1976","France","Poitiers","https://maps.google.com/?q=Maison+Goulibeur+Poitou+1976+Poitiers","Traditional shop layout lacking an interactive custom gift tin builder and modern mobile checkout","Instagram: @maisongoulibeur / Facebook: Maison Goulibeur Poitou 1976","General Inquiries | contact@goulibeur.com","Brigitte Arnaud-Boué (Founder)","Specialist in the traditional Broyé du Poitou pure butter shortcrust cake with roasted almonds; needs modern export boutique.","High"
"1201","Chocolaterie Weiss Saint-Étienne 1882","France","Saint-Étienne","https://maps.google.com/?q=Chocolaterie+Weiss+Sainttienne+1882+Sainttienne","Traditional shop layout lacking an interactive custom gift tin builder and modern mobile checkout","Instagram: @chocolateriewei / Facebook: Chocolaterie Weiss Saint-Étienne 1882","General Inquiries | serviceclient@weiss.fr","Marc Vivier (Director)","Pioneer of French chocolate assortments, almond praline nougastelle, and chocolate bars; needs VIP corporate tasting portal.","High"
"1202","Confiserie Kubli Paris 1900","France","Morangis, Essonne","https://maps.google.com/?q=Confiserie+Kubli+Paris+1900+Morangis+Essonne","Traditional shop layout lacking an interactive custom gift tin builder and modern mobile checkout","Instagram: @confiseriekubli / Facebook: Confiserie Kubli Paris 1900","General Inquiries | contact@kubli.fr","Gilles Kubli (Owner)","Historic French boiled sweet and candied almond manufactory in copper kettles; needs modern wholesale and DTC portal.","High"
"1203","Anis de Flavigny Bourgogne 1591","France","Flavigny-sur-Ozerain","https://maps.google.com/?q=Anis+de+Flavigny+Bourgogne+1591+FlavignysurOzerain","Traditional shop layout lacking an interactive custom gift tin builder and modern mobile checkout","Instagram: @anisdeflavignyb / Facebook: Anis de Flavigny Bourgogne 1591","General Inquiries | contact@anis-flavigny.com","Catherine Troubat (Owner)","Centuries-old artisanal candy workshop coating green aniseed and roasted seeds in scented sugar; needs digital heritage salon.","High"
"1204","Maison Fossier Reims 1756","France","Reims, Champagne","https://maps.google.com/?q=Maison+Fossier+Reims+1756+Reims+Champagne","Traditional shop layout lacking an interactive custom gift tin builder and modern mobile checkout","Instagram: @maisonfossierre / Facebook: Maison Fossier Reims 1756","General Inquiries | fossier@fossier.fr","Charles-Antoine de Fougeroux (CEO)","The oldest biscuit maker in France, famous for the authentic pink Biscuit de Reims; needs celebration hamper portal.","High"
"1205","Emil Reimann Dresdner Stollen","Germany","Dresden, Saxony","https://maps.google.com/?q=Emil+Reimann+Dresdner+Stollen+Dresden+Saxony","Traditional shop layout lacking an interactive custom gift tin builder and modern mobile checkout","Instagram: @emilreimanndres / Facebook: Emil Reimann Dresdner Stollen","General Inquiries | info@emil-reimann.de","Reimann Management (Directors)","Historic royal Dresden baker crafting protected PGI Dresdner Christstollen packed with sultanas, almonds, and butter; needs global holiday pre-order store.","High"
"1206","Dr. Quendt Dresdner Feinbäckerei","Germany","Dresden, Saxony","https://maps.google.com/?q=Dr+Quendt+Dresdner+Feinbckerei+Dresden+Saxony","Traditional shop layout lacking an interactive custom gift tin builder and modern mobile checkout","Instagram: @drquendtdresdne / Facebook: Dr. Quendt Dresdner Feinbäckerei","General Inquiries | info@dr-quendt.de","Matthias Quendt (Director)","Iconic creator of Dresdner Russisch Brot and Dinkelchen chocolate-covered spelt biscuits with hazelnuts; needs digital bakery shop.","High"
"1207","Viba Sweets Thüringen 1893","Germany","Schmalkalden, Thuringia","https://maps.google.com/?q=Viba+Sweets+Thringen+1893+Schmalkalden+Thuringia","Traditional shop layout lacking an interactive custom gift tin builder and modern mobile checkout","Instagram: @vibasweetsthrin / Facebook: Viba Sweets Thüringen 1893","General Inquiries | info@viba-sweets.de","Holger Stichel (Managing Director)","Germany's celebrated hazelnut nougat specialist handcrafting melt-in-the-mouth soft nougat bars; needs interactive nougat box builder.","High"
"1208","Dresdner Backhaus Tradition 1825","Germany","Dresden","https://maps.google.com/?q=Dresdner+Backhaus+Tradition+1825+Dresden","Traditional shop layout lacking an interactive custom gift tin builder and modern mobile checkout","Instagram: @dresdnerbackhau / Facebook: Dresdner Backhaus Tradition 1825","General Inquiries | info@dresdnerstollen.de","Tino Gierig (Master Baker)","Historic artisan bakery crafting traditional almond stollen and poppy seed cakes; needs nationwide express delivery shop.","High"
"1209","Hachez Chocolade Bremen 1890","Germany","Bremen","https://maps.google.com/?q=Hachez+Chocolade+Bremen+1890+Bremen","Traditional shop layout lacking an interactive custom gift tin builder and modern mobile checkout","Instagram: @hachezchocolade / Facebook: Hachez Chocolade Bremen 1890","General Inquiries | service@hachez.de","Hachez Management (Directors)","Hanseatic fine chocolate manufactory crafting roasted nut cocoa leaves and praline sticks; needs luxury corporate tasting salon.","High"
"1210","Arko Kaffee & Confiserie","Germany","Wahlstedt, Schleswig-Holstein","https://maps.google.com/?q=Arko+Kaffee+Confiserie+Wahlstedt+SchleswigHolstein","Traditional shop layout lacking an interactive custom gift tin builder and modern mobile checkout","Instagram: @arkokaffeeconfi / Facebook: Arko Kaffee & Confiserie","General Inquiries | info@arko.de","Arko Directors (Management)","Northern German specialty coffee and fine confectionery store chain offering roasted nut treats; needs digital gift shop.","High"
"1211","Halloren Schokoladenfabrik 1804","Germany","Halle (Saale), Saxony-Anhalt","https://maps.google.com/?q=Halloren+Schokoladenfabrik+1804+Halle+Saale+SaxonyAnhalt","Traditional shop layout lacking an interactive custom gift tin builder and modern mobile checkout","Instagram: @hallorenschokol / Facebook: Halloren Schokoladenfabrik 1804","General Inquiries | info@halloren.de","Darren Ehlert (CEO)","Oldest chocolate factory in Germany crafting original Halloren Kugeln with cream and roasted hazelnut; needs interactive box customizer.","High"
"1212","Max Chocolatier Luzern","Switzerland","Luzern","https://maps.google.com/?q=Max+Chocolatier+Luzern+Luzern","Traditional shop layout lacking an interactive custom gift tin builder and modern mobile checkout","Instagram: @maxchocolatierl / Facebook: Max Chocolatier Luzern","General Inquiries | info@maxchocolatier.com","Patrik König (Founder)","Artisan Swiss boutique handcrafting seasonal micro-batch chocolates with roasted green pistachios and dried alpine berries; needs VIP subscription portal.","High"
"1213","Beschle Chocolatier Basel 1898","Switzerland","Basel","https://maps.google.com/?q=Beschle+Chocolatier+Basel+1898+Basel","Traditional shop layout lacking an interactive custom gift tin builder and modern mobile checkout","Instagram: @beschlechocolat / Facebook: Beschle Chocolatier Basel 1898","General Inquiries | info@beschle.ch","Pascal Beschle (Owner)","Fourth-generation master chocolatier pairing Grand Cru cocoa with salted pistachio and rosemary; needs digital salon boutique.","High"
"1214","Konditorei Zauner Bad Ischl 1832","Austria","Bad Ischl, Upper Austria","https://maps.google.com/?q=Konditorei+Zauner+Bad+Ischl+1832+Bad+Ischl+Upper+Austria","Traditional shop layout lacking an interactive custom gift tin builder and modern mobile checkout","Instagram: @konditoreizaune / Facebook: Konditorei Zauner Bad Ischl 1832","General Inquiries | zauner@zauner.at","Josef Zauner (Master Confectioner)","Former Imperial Court confectionery famous for the legendary Zaunerstollen (crushed wafer, hazelnut praline & chocolate); needs global mail-order shop.","High"
"1215","Staud's Wien Marmeladen & Früchte","Austria","Vienna","https://maps.google.com/?q=Stauds+Wien+Marmeladen+Frchte+Vienna","Traditional shop layout lacking an interactive custom gift tin builder and modern mobile checkout","Instagram: @staudswienmarme / Facebook: Staud's Wien Marmeladen & Früchte","General Inquiries | info@stauds.com","Hans Staud (Founder)","Vienna's premier fruit preserver cooking apricots, sour cherries, and wild berries in copper kettles; needs luxury gift crate builder.","High"
"1216","Manner Wafers Wien 1890","Austria","Vienna","https://maps.google.com/?q=Manner+Wafers+Wien+1890+Vienna","Traditional shop layout lacking an interactive custom gift tin builder and modern mobile checkout","Instagram: @mannerwaferswie / Facebook: Manner Wafers Wien 1890","General Inquiries | manner@manner.com","Andreas Kutil (CEO)","Iconic Viennese confectioner famous for Neapolitaner wafers filled with roasted hazelnuts and cocoa; needs international gift shop.","High"
"1217","Heindl Konfekt Wien 1953","Austria","Vienna","https://maps.google.com/?q=Heindl+Konfekt+Wien+1953+Vienna","Traditional shop layout lacking an interactive custom gift tin builder and modern mobile checkout","Instagram: @heindlkonfektwi / Facebook: Heindl Konfekt Wien 1953","General Inquiries | office@heindl.co.at","Andreas Heindl (Managing Director)","Viennese family confectioner crafting walnut marzipan pralines and chocolate-coated candied orange slices; needs festive gift box creator.","High"
"1218","Pischinger Torten & Waffeln 1849","Austria","Vienna","https://maps.google.com/?q=Pischinger+Torten+Waffeln+1849+Vienna","Traditional shop layout lacking an interactive custom gift tin builder and modern mobile checkout","Instagram: @pischingertorte / Facebook: Pischinger Torten & Waffeln 1849","General Inquiries | office@pischinger.at","Heindl Group (Owners)","Austria's oldest wafer specialist famous for hazelnut torte cakes and chocolate waffle triangles; needs corporate gift portal.","High"
"1219","Konditorei Jindrak Linz 1929","Austria","Linz, Upper Austria","https://maps.google.com/?q=Konditorei+Jindrak+Linz+1929+Linz+Upper+Austria","Traditional shop layout lacking an interactive custom gift tin builder and modern mobile checkout","Instagram: @konditoreijindr / Facebook: Konditorei Jindrak Linz 1929","General Inquiries | jindrak@linzertorte.at","Leo Jindrak (Owner)","Home of the Original Linzer Torte baked with ground almonds, redcurrant jam, and warming spices; needs international fresh delivery shop.","High"
"1220","Pasticceria Fiasconaro Sicily","Italy","Castelbuono, Palermo","https://maps.google.com/?q=Pasticceria+Fiasconaro+Sicily+Castelbuono+Palermo","Traditional shop layout lacking an interactive custom gift tin builder and modern mobile checkout","Instagram: @pasticceriafias / Facebook: Pasticceria Fiasconaro Sicily","General Inquiries | info@fiasconaro.com","Nicola Fiasconaro (Master Pastry Chef)","World-renowned Sicilian artisan baking panettone with Bronte pistachios and Modica chocolate; needs luxury holiday gift box shop.","High"
"1221","Pasticceria Scarpato Verona 1888","Italy","Villa Bartolomea, Verona","https://maps.google.com/?q=Pasticceria+Scarpato+Verona+1888+Villa+Bartolomea+Verona","Traditional shop layout lacking an interactive custom gift tin builder and modern mobile checkout","Instagram: @pasticceriascar / Facebook: Pasticceria Scarpato Verona 1888","General Inquiries | info@scarpato.it","Scarpato Team (Directors)","Historic Veronese pastry house baking natural sourdough Pandoro and Panettone filled with candied fruit; needs digital boutique.","High"
"1222","Sperlari 1836 Cremona","Italy","Cremona, Lombardy","https://maps.google.com/?q=Sperlari+1836+Cremona+Cremona+Lombardy","Traditional shop layout lacking an interactive custom gift tin builder and modern mobile checkout","Instagram: @sperlari1836cre / Facebook: Sperlari 1836 Cremona","General Inquiries | sperlari@sperlari.it","Sperlari Management (Directors)","The symbol of Italian holiday tradition crafting classic hard and soft nougat with whole almonds; needs interactive gift tin creator.","High"
"1223","Vergani Secondo Milano 1944","Italy","Milano","https://maps.google.com/?q=Vergani+Secondo+Milano+1944+Milano","Traditional shop layout lacking an interactive custom gift tin builder and modern mobile checkout","Instagram: @verganisecondom / Facebook: Vergani Secondo Milano 1944","General Inquiries | info@panettonevergani.com","Vergani Family (Owners)","Milan's authentic family-owned Panettone maker crafting traditional glazed fruit cakes; needs luxury Milanese salon shop.","High"
"1224","Strega Alberti Benevento 1860","Italy","Benevento, Campania","https://maps.google.com/?q=Strega+Alberti+Benevento+1860+Benevento+Campania","Traditional shop layout lacking an interactive custom gift tin builder and modern mobile checkout","Instagram: @stregaalbertibe / Facebook: Strega Alberti Benevento 1860","General Inquiries | strega@strega.it","Antonio Alberti (CEO)","Iconic herbal liqueur distiller crafting Torrone di Benevento studded with Avellino hazelnuts; needs luxury Italian gift crate builder.","High"
"1225","Baci Perugina Chocolate","Italy","Perugia, Umbria","https://maps.google.com/?q=Baci+Perugina+Chocolate+Perugia+Umbria","Traditional shop layout lacking an interactive custom gift tin builder and modern mobile checkout","Instagram: @baciperuginacho / Facebook: Baci Perugina Chocolate","General Inquiries | consumatori@perugina.it","Perugina Management (Directors)","World-famous Italian love notes wrapped around dark chocolate and whole roasted hazelnuts; needs custom romantic gift box builder.","High"
"1226","Daintree Estates Australian Cocoa","Australia","Mossman, QLD","https://maps.google.com/?q=Daintree+Estates+Australian+Cocoa+Mossman+QLD","Traditional shop layout lacking an interactive custom gift tin builder and modern mobile checkout","Instagram: @daintreeestates / Facebook: Daintree Estates Australian Cocoa","General Inquiries | info@daintreeestates.com","Daintree Team (Directors)","Crafting estate-grown Australian chocolate with native Davidson plum and roasted macadamias; needs eco-luxury boutique.","High"
"1227","Bahen & Co Bean to Bar Chocolate","Australia","Margaret River, WA","https://maps.google.com/?q=Bahen+Co+Bean+to+Bar+Chocolate+Margaret+River+WA","Traditional shop layout lacking an interactive custom gift tin builder and modern mobile checkout","Instagram: @bahencobeantoba / Facebook: Bahen & Co Bean to Bar Chocolate","General Inquiries | info@bahenchocolate.com","Josh Bahen (Founder)","Margaret River winemaker turned chocolate maker pairing vintage cocoa with roasted almonds and sea salt; needs bespoke tasting portal.","High"
"1228","Kipferl Austrian Delicatessen London","UK","London","https://maps.google.com/?q=Kipferl+Austrian+Delicatessen+London+London","Traditional shop layout lacking an interactive custom gift tin builder and modern mobile checkout","Instagram: @kipferlaustrian / Facebook: Kipferl Austrian Delicatessen London","General Inquiries | mail@kipferl.co.uk","Hubert Reisner (Owner)","Specialist Viennese coffeehouse in Islington serving Sachertorte, Linzer torte, and hazelnut biscuits; needs online cake delivery shop.","High"
"1229","Boulangerie Poilâne Marais","France","Paris","https://maps.google.com/?q=Boulangerie+Poilne+Marais+Paris","Traditional shop layout lacking an interactive custom gift tin builder and modern mobile checkout","Instagram: @boulangeriepoil / Facebook: Boulangerie Poilâne Marais","General Inquiries | commande@poilane.fr","Apollonia Poilâne (Owner)","Iconic wood-fired bakery baking walnut sourdough rounds and butter sable biscuits; needs direct international dispatch portal.","High"
"1230","Aux Merveilleux de Fred Lille","France","Lille","https://maps.google.com/?q=Aux+Merveilleux+de+Fred+Lille+Lille","Traditional shop layout lacking an interactive custom gift tin builder and modern mobile checkout","Instagram: @auxmerveilleuxd / Facebook: Aux Merveilleux de Fred Lille","General Inquiries | contact@auxmerveilleux.com","Frédéric Vaucamps (Founder)","Artisan patisserie famous for Merveilleux meringue coated in whipped cream and shaved roasted speculoos/hazelnuts; needs celebration order portal.","High"
"1231","Pierre Hermé Macarons Paris","France","Paris","https://maps.google.com/?q=Pierre+Herm+Macarons+Paris+Paris","Traditional shop layout lacking an interactive custom gift tin builder and modern mobile checkout","Instagram: @pierrehermmacar / Facebook: Pierre Hermé Macarons Paris","General Inquiries | service.client@pierreherme.com","Pierre Hermé (Pastry Chef)","The world's leading haute pâtisserie crafting macarons with pistachio, almond, and passion fruit; needs VIP luxury salon portal.","High"
"1232","Dalloyau Gastronomie Paris","France","Paris","https://maps.google.com/?q=Dalloyau+Gastronomie+Paris+Paris","Traditional shop layout lacking an interactive custom gift tin builder and modern mobile checkout","Instagram: @dalloyaugastron / Facebook: Dalloyau Gastronomie Paris","General Inquiries | serviceclient@dalloyau.fr","Dalloyau Team (Directors)","Historic caterer to the French royal court creating Opéra gateaux with almond biscuit and coffee buttercream; needs royal celebration portal.","High"
"1233","Ladurée Maison de Macarons","France","Paris","https://maps.google.com/?q=Ladure+Maison+de+Macarons+Paris","Traditional shop layout lacking an interactive custom gift tin builder and modern mobile checkout","Instagram: @laduremaisondem / Facebook: Ladurée Maison de Macarons","General Inquiries | commandes@laduree.com","Ladurée Management (Directors)","Historic luxury French tea room packaging delicate almond macarons in pastel jewel boxes; needs bespoke corporate gifting lounge.","High"
"1234","Gerstner K. u. K. Hofzuckerbäcker","Austria","Vienna","https://maps.google.com/?q=Gerstner+K+u+K+Hofzuckerbcker+Vienna","Traditional shop layout lacking an interactive custom gift tin builder and modern mobile checkout","Instagram: @gerstnerkukhofz / Facebook: Gerstner K. u. K. Hofzuckerbäcker","General Inquiries | office@gerstner.at","Gerstner Management (Directors)","Imperial court confectionery in Vienna producing candied violets, marzipan, and walnut punch cakes; needs luxury palace boutique.","High"
"1235","Attiki Honey & Dry Fruit Athens","Greece","Athens","https://maps.google.com/?q=Attiki+Honey+Dry+Fruit+Athens+Athens","Traditional shop layout lacking an interactive custom gift tin builder and modern mobile checkout","Instagram: @attikihoneydryf / Facebook: Attiki Honey & Dry Fruit Athens","General Inquiries | info@attiki-pittas.gr","Alexandra Pitta-Chazapi (CEO)","Historic 1928 Greek honey brand pairing Greek mountain thyme honey with walnuts and sesame halva; needs luxury gift crate tool.","High"
"1236","Kandylas Traditional Sweets","Greece","Veria, Imathia","https://maps.google.com/?q=Kandylas+Traditional+Sweets+Veria+Imathia","Traditional shop layout lacking an interactive custom gift tin builder and modern mobile checkout","Instagram: @kandylastraditi / Facebook: Kandylas Traditional Sweets","General Inquiries | info@kandylas.gr","Vassilis Kandylas (Managing Director)","Artisanal northern Greek confectionery crafting handmade walnut baklava, kataifi, and sweet nut preserves; needs direct gift store.","High"
"1237","Matsoukas Nuts & Fruits Athens","Greece","Athens","https://maps.google.com/?q=Matsoukas+Nuts+Fruits+Athens+Athens","Traditional shop layout lacking an interactive custom gift tin builder and modern mobile checkout","Instagram: @matsoukasnutsfr / Facebook: Matsoukas Nuts & Fruits Athens","General Inquiries | info@matsoukas.gr","Matsoukas Family (Owners)","Downtown Athens landmark since 1959 roasting fresh nuts, dried fruits, and dragees; needs modern responsive DTC store.","High"
"1238","Chrisanthidis Delights Kavala","Greece","Nea Karvali, Kavala","https://maps.google.com/?q=Chrisanthidis+Delights+Kavala+Nea+Karvali+Kavala","Traditional shop layout lacking an interactive custom gift tin builder and modern mobile checkout","Instagram: @chrisanthidisde / Facebook: Chrisanthidis Delights Kavala","General Inquiries | info@chrisanthidis.gr","Iordanis Chrisanthidis (CEO)","Famous for traditional Kourabie almond butter shortbread cookies dusted with icing sugar; needs seasonal celebration tin builder.","High"
"1239","Casa da Prisca Gourmet Portugal","Portugal","Trancoso, Guarda","https://maps.google.com/?q=Casa+da+Prisca+Gourmet+Portugal+Trancoso+Guarda","Traditional shop layout lacking an interactive custom gift tin builder and modern mobile checkout","Instagram: @casadapriscagou / Facebook: Casa da Prisca Gourmet Portugal","General Inquiries | info@casadaprisca.com","Prisca Family (Owners)","Centuries-old Portuguese mountain deli crafting fig cakes with walnuts, fruit cheeses, and jams; needs luxury Iberian hamper creator.","High"
"1240","Meia.Dúzia Flavours in Tubes","Portugal","Vila Nova de Famalicão","https://maps.google.com/?q=MeiaDzia+Flavours+in+Tubes+Vila+Nova+de+Famalico","Traditional shop layout lacking an interactive custom gift tin builder and modern mobile checkout","Instagram: @meiadziaflavour / Facebook: Meia.Dúzia Flavours in Tubes","General Inquiries | info@meiaduzia.pt","Jorge Ferreira (CEO)","Innovative artisan pairing Portuguese Bravo de Esmolfe apples, cinnamon, and port wine with nuts in tubes; needs gift pack builder.","High"
"1241","Pastelaria Alcôa Alcobaça 1957","Portugal","Alcobaça","https://maps.google.com/?q=Pastelaria+Alca+Alcobaa+1957+Alcobaa","Traditional shop layout lacking an interactive custom gift tin builder and modern mobile checkout","Instagram: @pastelariaalcaa / Facebook: Pastelaria Alcôa Alcobaça 1957","General Inquiries | info@pastelaria-alcoa.com","Paula Alves (Master Pastry Chef)","Award-winning conventual confectionery baking Dom Rodrigo (egg threads, almonds & cinnamon) and nut pastries; needs modern web store.","High"
"1242","Confeitaria Nacional Lisbon 1829","Portugal","Lisbon","https://maps.google.com/?q=Confeitaria+Nacional+Lisbon+1829+Lisbon","Traditional shop layout lacking an interactive custom gift tin builder and modern mobile checkout","Instagram: @confeitarianaci / Facebook: Confeitaria Nacional Lisbon 1829","General Inquiries | geral@confeitarianacional.com","Rui Baltazar (Director)","Oldest bakery in Lisbon, responsible for introducing Bolo Rei (fruitcake with raisins, crystallized fruits & nuts); needs international holiday store.","High"
"1243","Casa das Cristas Marzipan","Portugal","Caldas da Rainha","https://maps.google.com/?q=Casa+das+Cristas+Marzipan+Caldas+da+Rainha","Traditional shop layout lacking an interactive custom gift tin builder and modern mobile checkout","Instagram: @casadascristasm / Facebook: Casa das Cristas Marzipan","General Inquiries | info@casadascristas.pt","Cristas Team (Directors)","Historic artisanal convent sweets hand-molding almond marzipan and lampreia de ovos; needs celebration pre-order portal.","High"
"1244","Hafod Welsh Organic Cheddar & Nuts","UK","Lampeter, Wales","https://maps.google.com/?q=Hafod+Welsh+Organic+Cheddar+Nuts+Lampeter+Wales","Traditional shop layout lacking an interactive custom gift tin builder and modern mobile checkout","Instagram: @hafodwelshorgan / Facebook: Hafod Welsh Organic Cheddar & Nuts","General Inquiries | info@hafodcheese.co.uk","Sam Holden (Cheesemaker)","Handmade unpasteurised organic farm cheeses paired with dried fruits and roasted walnuts; needs artisan tasting subscription.","High"
"1245","Johan & Nyström Coffee & Nuts","Sweden","Stockholm","https://maps.google.com/?q=Johan+Nystrm+Coffee+Nuts+Stockholm","Traditional shop layout lacking an interactive custom gift tin builder and modern mobile checkout","Instagram: @johannystrmcoff / Facebook: Johan & Nyström Coffee & Nuts","General Inquiries | kundservice@johanochnystrom.se","Johan Damgaard (Co-Founder)","Nordic specialty roaster crafting fair trade whole beans and pairing with roasted Swedish nuts; needs digital subscription portal.","High"
"1246","Chokladfabriken Stockholm","Sweden","Stockholm","https://maps.google.com/?q=Chokladfabriken+Stockholm+Stockholm","Traditional shop layout lacking an interactive custom gift tin builder and modern mobile checkout","Instagram: @chokladfabriken / Facebook: Chokladfabriken Stockholm","General Inquiries | info@chokladfabriken.se","Martin Isaksson (Master Chocolatier)","Artisanal Stockholm chocolatier handcrafting cloudberry pralines, sea-salt licorice, and roasted almond bars; needs luxury gift shop.","High"
"1247","Fjällbrynt Nordic Specialties","Sweden","Östersund, Jämtland","https://maps.google.com/?q=Fjllbrynt+Nordic+Specialties+stersund+Jmtland","Traditional shop layout lacking an interactive custom gift tin builder and modern mobile checkout","Instagram: @fjllbryntnordic / Facebook: Fjällbrynt Nordic Specialties","General Inquiries | konsumentkontakt@fjallbrynt.se","Fjällbrynt Team (Directors)","Classic Swedish messmör and wild lingonberry spreads meant to pair with whole grain seed crackers; needs modern digital pantry.","High"
"1248","Nordic Berries Arctic Foods","Finland","Rovaniemi, Lapland","https://maps.google.com/?q=Nordic+Berries+Arctic+Foods+Rovaniemi+Lapland","Traditional shop layout lacking an interactive custom gift tin builder and modern mobile checkout","Instagram: @nordicberriesar / Facebook: Nordic Berries Arctic Foods","General Inquiries | info@nordicberries.fi","Matti Korhonen (Founder)","Harvesting wild Arctic sea buckthorn, bilberries, and lingonberries dried into nutrient-dense powders and snacks; needs export shop.","High"
"1249","Sheridans Cheesemongers Meath","Ireland","Kells, Co. Meath","https://maps.google.com/?q=Sheridans+Cheesemongers+Meath+Kells+Co+Meath","Traditional shop layout lacking an interactive custom gift tin builder and modern mobile checkout","Instagram: @sheridanscheese / Facebook: Sheridans Cheesemongers Meath","General Inquiries | orders@sheridanscheesemongers.com","Kevin Sheridan (Co-Founder)","Ireland's premier cheesemonger baking Irish brown bread crackers, rye seed crackers, and fig chutneys; needs luxury tasting hamper builder.","High"
"1250","Butler's Chocolates Dublin 1932","Ireland","Dublin","https://maps.google.com/?q=Butlers+Chocolates+Dublin+1932+Dublin","Traditional shop layout lacking an interactive custom gift tin builder and modern mobile checkout","Instagram: @butlerschocolat / Facebook: Butler's Chocolates Dublin 1932","General Inquiries | chocolates@butlers.ie","Marion Sorensen (Chair)","Purveyors of Irish luxury chocolates, roasted hazelnut pralines, and whiskey truffle selections; needs interactive holiday gift tin builder.","High"
"1251","Lir Chocolates Navan 1987","Ireland","Navan, Co. Meath","https://maps.google.com/?q=Lir+Chocolates+Navan+1987+Navan+Co+Meath","Traditional shop layout lacking an interactive custom gift tin builder and modern mobile checkout","Instagram: @lirchocolatesna / Facebook: Lir Chocolates Navan 1987","General Inquiries | sales@lirchocolates.com","Lir Team (Directors)","Irish craft chocolate house producing Baileys infused truffles, roasted almond bark, and praline ballotins; needs luxury gifting lounge.","High"
"1252","Wilde Irish Chocolates Clare","Ireland","Tuamgraney, Co. Clare","https://maps.google.com/?q=Wilde+Irish+Chocolates+Clare+Tuamgraney+Co+Clare","Traditional shop layout lacking an interactive custom gift tin builder and modern mobile checkout","Instagram: @wildeirishchoco / Facebook: Wilde Irish Chocolates Clare","General Inquiries | info@wildeirishchocolates.com","Patricia Farrell (Founder)","Handmade artisan chocolates from County Clare featuring roasted hazelnuts, Irish sea salt, and dried berries; needs custom chocolate box composer.","High"
"1253","Bean and Goose Chocolatier Wexford","Ireland","Gorey, Co. Wexford","https://maps.google.com/?q=Bean+and+Goose+Chocolatier+Wexford+Gorey+Co+Wexford","Traditional shop layout lacking an interactive custom gift tin builder and modern mobile checkout","Instagram: @beanandgoosecho / Facebook: Bean and Goose Chocolatier Wexford","General Inquiries | hello@beanandgoose.ie","Karen & Natalie Keane (Founders)","Single-origin craft chocolate paired with smoked Irish sea salt, roasted hazelnuts, and sour cherries; needs VIP subscription portal.","High"
"1254","The Chocolate Garden of Ireland","Ireland","Tullow, Co. Carlow","https://maps.google.com/?q=The+Chocolate+Garden+of+Ireland+Tullow+Co+Carlow","Traditional shop layout lacking an interactive custom gift tin builder and modern mobile checkout","Instagram: @thechocolategar / Facebook: The Chocolate Garden of Ireland","General Inquiries | info@chocolategarden.ie","Jim Healy (Founder)","Artisan family chocolate and ice cream workshop crafting bespoke gift hampers and chocolate nut clusters; needs interactive online gift store.","High"
"1255","Tamrah Date Confections Dubai","UAE","Dubai","https://maps.google.com/?q=Tamrah+Date+Confections+Dubai+Dubai","Traditional shop layout lacking an interactive custom gift tin builder and modern mobile checkout","Instagram: @tamrahdateconfe / Facebook: Tamrah Date Confections Dubai","General Inquiries | info@tamrah.com","Tamrah Team (Directors)","Pioneering chocolate-coated confection wrapping plump Arabian dates and roasted whole almonds in Belgian chocolate; needs global DTC store.","High"
"1256","Palestine Fair Trade Medjool Dates","Palestine","Jenin","https://maps.google.com/?q=Palestine+Fair+Trade+Medjool+Dates+Jenin","Traditional shop layout lacking an interactive custom gift tin builder and modern mobile checkout","Instagram: @palestinefairtr / Facebook: Palestine Fair Trade Medjool Dates","General Inquiries | info@canaanpalestine.com","Nasser Abufarha (Founder)","Fair trade cooperative harvesting ancient rain-fed olive oil, wild thyme, and jumbo Jericho Medjool dates; needs luxury ethical gift portal.","High"
"1257","Vidyarthi Bhavan Sweets Bangalore","India","Bangalore, Karnataka","https://maps.google.com/?q=Vidyarthi+Bhavan+Sweets+Bangalore+Bangalore+Karnataka","Traditional shop layout lacking an interactive custom gift tin builder and modern mobile checkout","Instagram: @vidyarthibhavan / Facebook: Vidyarthi Bhavan Sweets Bangalore","General Inquiries | contact@vidyarthibhavan.in","Arun Kumar Adiga (Managing Partner)","Historic Karnataka culinary institution serving traditional badam halwa and cashew sweets; needs festive online booking portal.","High"
"1258","Taronga Almonds South Australia","Australia","Willunga, SA","https://maps.google.com/?q=Taronga+Almonds+South+Australia+Willunga+SA","Traditional shop layout lacking an interactive custom gift tin builder and modern mobile checkout","Instagram: @tarongaalmondss / Facebook: Taronga Almonds South Australia","General Inquiries | info@tarongaalmonds.com.au","David Kelly (Owner)","Farming non-pasteurized fresh South Australian almonds, spiced almonds, and cold-pressed almond oil; needs farm-to-table web store.","High"
"1259","Nutta Butta Nut Spreads Melbourne","Australia","Melbourne, VIC","https://maps.google.com/?q=Nutta+Butta+Nut+Spreads+Melbourne+Melbourne+VIC","Traditional shop layout lacking an interactive custom gift tin builder and modern mobile checkout","Instagram: @nuttabuttanutsp / Facebook: Nutta Butta Nut Spreads Melbourne","General Inquiries | info@nuttabutta.com.au","Luke & Sam (Co-Founders)","100% Australian nuts slow roasted and ground into smooth macadamia and almond butters; needs subscription box shop.","High"
"1260","Patons Macadamias Australia 1975","Australia","Knoxfield, VIC","https://maps.google.com/?q=Patons+Macadamias+Australia+1975+Knoxfield+VIC","Traditional shop layout lacking an interactive custom gift tin builder and modern mobile checkout","Instagram: @patonsmacadamia / Facebook: Patons Macadamias Australia 1975","General Inquiries | info@patons.com.au","Patons Management (Directors)","Pioneering confectioner toffee-coating and chocolate-dipping whole Australian macadamias; needs corporate travel retail & gift shop.","High"
"1261","Nutworks Macadamia Factory Sunshine Coast","Australia","Yandina, QLD","https://maps.google.com/?q=Nutworks+Macadamia+Factory+Sunshine+Coast+Yandina+QLD","Traditional shop layout lacking an interactive custom gift tin builder and modern mobile checkout","Instagram: @nutworksmacadam / Facebook: Nutworks Macadamia Factory Sunshine Coast","General Inquiries | info@nutworks.com.au","Nutworks Team (Managers)","Specialist macadamia processor roasting sweet honey, wasabi, and dark chocolate macadamias; needs interactive gift hamper store.","High"
"1262","Virginia Diner Gourmet Peanuts","USA","Wakefield, VA","https://maps.google.com/?q=Virginia+Diner+Gourmet+Peanuts+Wakefield+VA","Traditional shop layout lacking an interactive custom gift tin builder and modern mobile checkout","Instagram: @virginiadinergo / Facebook: Virginia Diner Gourmet Peanuts","General Inquiries | custserv@vadiner.com","Wayne Barnes (President)","Historic Virginia Diner roasting super extra-large Virginia peanuts, salted cashews, and chocolate nut brittle; needs corporate gift tin builder.","High"
"1263","Plantation Peanuts of Courtland","USA","Courtland, VA","https://maps.google.com/?q=Plantation+Peanuts+of+Courtland+Courtland+VA","Traditional shop layout lacking an interactive custom gift tin builder and modern mobile checkout","Instagram: @plantationpeanu / Facebook: Plantation Peanuts of Courtland","General Inquiries | info@plantationpeanuts.com","Plantation Team (Owners)","Traditional copper-kettle cooking of gourmet peanuts, roasted cashews, and honey pecans; needs interactive Build-A-Tin feature.","High"
"1264","Savannah's Candy Kitchen","USA","Savannah, GA","https://maps.google.com/?q=Savannahs+Candy+Kitchen+Savannah+GA","Traditional shop layout lacking an interactive custom gift tin builder and modern mobile checkout","Instagram: @savannahscandyk / Facebook: Savannah's Candy Kitchen","General Inquiries | service@savannahcandy.com","Stan Strickland (Founder)","Famous Southern candy kitchen making original Savannah pralines, gopher turtles, and glazed pecans; needs luxury celebration gift shop.","High"
"1265","River Street Sweets Savannah","USA","Savannah, GA","https://maps.google.com/?q=River+Street+Sweets+Savannah+Savannah+GA","Traditional shop layout lacking an interactive custom gift tin builder and modern mobile checkout","Instagram: @riverstreetswee / Facebook: River Street Sweets Savannah","General Inquiries | customerservice@riverstreetsweets.com","Tim & Jennifer Strickland (Co-Owners)","Handmaking World Famous Pralines, chocolate bear claws, and roasted cinnamon pecans; needs interactive corporate hamper customizer.","High"
"1266","Southern Candymakers New Orleans","USA","New Orleans, LA","https://maps.google.com/?q=Southern+Candymakers+New+Orleans+New+Orleans+LA","Traditional shop layout lacking an interactive custom gift tin builder and modern mobile checkout","Instagram: @southerncandyma / Facebook: Southern Candymakers New Orleans","General Inquiries | info@southerncandymakers.com","Peter Breen (Owner)","French Quarter artisanal confectioner crafting fresh buttermilk pralines and chocolate almond patties; needs luxury gift box store.","High"
"1267","Aunt Sally's Praline Shop","USA","New Orleans, LA","https://maps.google.com/?q=Aunt+Sallys+Praline+Shop+New+Orleans+LA","Traditional shop layout lacking an interactive custom gift tin builder and modern mobile checkout","Instagram: @auntsallysprali / Facebook: Aunt Sally's Praline Shop","General Inquiries | sales@auntsallys.com","Sally Team (Directors)","Historic 1935 New Orleans praline institution cooking fresh Creole pecan pralines; needs modern responsive web store.","High"
"1268","Laura's Candies French Quarter","USA","New Orleans, LA","https://maps.google.com/?q=Lauras+Candies+French+Quarter+New+Orleans+LA","Traditional shop layout lacking an interactive custom gift tin builder and modern mobile checkout","Instagram: @laurascandiesfr / Facebook: Laura's Candies French Quarter","General Inquiries | info@laurascandies.com","Laura Team (Owners)","New Orleans' oldest candy shop creating handmade Creole pralines and roasted pecan turtles; needs seasonal pre-order boutique.","High"
"1269","Cherry Republic Glen Arbor","USA","Glen Arbor, MI","https://maps.google.com/?q=Cherry+Republic+Glen+Arbor+Glen+Arbor+MI","Traditional shop layout lacking an interactive custom gift tin builder and modern mobile checkout","Instagram: @cherryrepublicg / Facebook: Cherry Republic Glen Arbor","General Inquiries | info@cherryrepublic.com","Bob Sutherland (President)","Celebrating Michigan Montmorency dried cherries, chocolate-covered cherries, and cherry nut mixes; needs automated corporate gift portal.","High"
"1270","Cherry Republic Traverse City","USA","Glen Arbor, MI","https://maps.google.com/?q=Cherry+Republic+Traverse+City+Glen+Arbor+MI","Traditional shop layout lacking an interactive custom gift tin builder and modern mobile checkout","Instagram: @cherryrepublict / Facebook: Cherry Republic Traverse City","General Inquiries | answers@cherryrepublic.com","Bob Sutherland (President)","Northern Michigan institution offering dried cherries, cherry chocolates, and nut mixes; needs corporate gift tin portal.","High"
"1271","American Spoon Artisan Preserves","USA","Petoskey, MI","https://maps.google.com/?q=American+Spoon+Artisan+Preserves+Petoskey+MI","Traditional shop layout lacking an interactive custom gift tin builder and modern mobile checkout","Instagram: @americanspoonar / Facebook: American Spoon Artisan Preserves","General Inquiries | info@spoon.com","Justin Rashid (Founder)","Artisanal small-batch fruit preserver working with Michigan heirloom berries and nut pairings; needs luxury pairing gift store.","High"
"1272","Zingerman's Delicatessen","USA","Ann Arbor, MI","https://maps.google.com/?q=Zingermans+Delicatessen+Ann+Arbor+MI","Traditional shop layout lacking an interactive custom gift tin builder and modern mobile checkout","Instagram: @zingermansdelic / Facebook: Zingerman's Delicatessen","General Inquiries | delicatering@zingermans.com","Ari Weinzweig & Paul Saginaw (Co-Founders)","Iconic Ann Arbor culinary institution curating artisan olive oils, farmstead cheeses, and roasted nuts; needs custom corporate gift tin builder.","High"
"1273","Valerie Confections Los Angeles","USA","Glendale, CA","https://maps.google.com/?q=Valerie+Confections+Los+Angeles+Glendale+CA","Traditional shop layout lacking an interactive custom gift tin builder and modern mobile checkout","Instagram: @valerieconfecti / Facebook: Valerie Confections Los Angeles","General Inquiries | info@valerieconfections.com","Valerie Gordon (Founder)","Boutique confectioner handcrafting almond toffee, preserved citrus peels, and bittersweet chocolate truffles; needs luxury editorial boutique.","High"
"1274","K Chocolatier Beverly Hills","USA","Beverly Hills, CA","https://maps.google.com/?q=K+Chocolatier+Beverly+Hills+Beverly+Hills+CA","Traditional shop layout lacking an interactive custom gift tin builder and modern mobile checkout","Instagram: @kchocolatierbev / Facebook: K Chocolatier Beverly Hills","General Inquiries | info@kchocolatier.com","Kylie Goldstein (Founder)","Celebrity Beverly Hills luxury chocolatier famous for custom walnut chocolates and signature wooden boxes; needs bespoke concierge boutique.","High"
"1275","Edelweiss Chocolates Beverly Hills","USA","Beverly Hills, CA","https://maps.google.com/?q=Edelweiss+Chocolates+Beverly+Hills+Beverly+Hills+CA","Traditional shop layout lacking an interactive custom gift tin builder and modern mobile checkout","Instagram: @edelweisschocol / Facebook: Edelweiss Chocolates Beverly Hills","General Inquiries | info@edelweisschocolates.com","Steve Mehanni (Owner)","Beverly Hills institution handcrafting chocolate-dipped apricots, jumbo roasted cashews, and turtles; needs modern mobile gift boutique.","High"
"1276","Charles Chocolates San Francisco","USA","San Francisco, CA","https://maps.google.com/?q=Charles+Chocolates+San+Francisco+San+Francisco+CA","Traditional shop layout lacking an interactive custom gift tin builder and modern mobile checkout","Instagram: @charleschocolat / Facebook: Charles Chocolates San Francisco","General Inquiries | info@charleschocolates.com","Chuck Siegel (Founder)","Crafting bean-to-bar chocolates with caramelized hazelnuts, candied Meyer lemons, and Fleur de Sel almonds; needs interactive gift box creator.","High"
"1277","Guittard Chocolate Company","USA","Burlingame, CA","https://maps.google.com/?q=Guittard+Chocolate+Company+Burlingame+CA","Traditional shop layout lacking an interactive custom gift tin builder and modern mobile checkout","Instagram: @guittardchocola / Facebook: Guittard Chocolate Company","General Inquiries | custserv@guittard.com","Gary Guittard (CEO)","Fifth-generation California chocolate maker sourcing sustainable cacao for baking and confections; needs dedicated gourmet retail portal.","High"
"1278","Raaka Virgin Chocolate Brooklyn","USA","Brooklyn, NY","https://maps.google.com/?q=Raaka+Virgin+Chocolate+Brooklyn+Brooklyn+NY","Traditional shop layout lacking an interactive custom gift tin builder and modern mobile checkout","Instagram: @raakavirginchoc / Facebook: Raaka Virgin Chocolate Brooklyn","General Inquiries | support@raakachocolate.com","Nate Hodge (Co-Founder)","Unroasted bean-to-bar chocolate maker pairing single-origin cacao with roasted waffle cones and coconut milk; needs monthly subscription club.","High"
"1279","Fine & Raw Chocolate Brooklyn","USA","Brooklyn, NY","https://maps.google.com/?q=Fine+Raw+Chocolate+Brooklyn+Brooklyn+NY","Traditional shop layout lacking an interactive custom gift tin builder and modern mobile checkout","Instagram: @finerawchocolat / Facebook: Fine & Raw Chocolate Brooklyn","General Inquiries | info@fineandraw.com","Daniel Sklaar (Founder)","Brooklyn artisan roasting cacao at low temperatures with hazelnut butter and sea salt; needs direct-to-consumer store.","High"
"1280","Villabate Alba Brooklyn 1979","USA","Brooklyn, NY","https://maps.google.com/?q=Villabate+Alba+Brooklyn+1979+Brooklyn+NY","Traditional shop layout lacking an interactive custom gift tin builder and modern mobile checkout","Instagram: @villabatealbabr / Facebook: Villabate Alba Brooklyn 1979","General Inquiries | info@villabate.com","Alaimo Family (Owners)","Bensonhurst Brooklyn institution renowned for authentic Sicilian marzipan frutta martorana and pistachio cannoli; needs celebration pre-order store.","High"
"1281","Termini Brothers Bakery Philly","USA","Philadelphia, PA","https://maps.google.com/?q=Termini+Brothers+Bakery+Philly+Philadelphia+PA","Traditional shop layout lacking an interactive custom gift tin builder and modern mobile checkout","Instagram: @terminibrothers / Facebook: Termini Brothers Bakery Philly","General Inquiries | custserv@termini.com","Vincent & Joseph Termini (Co-Owners)","Centuries-old Sicilian bakery in South Philadelphia baking pignoli cookies, amaretto thins, and fig bars; needs national shipping store.","High"
"1282","Breads Bakery Union Square NYC","USA","New York, NY","https://maps.google.com/?q=Breads+Bakery+Union+Square+NYC+New+York+NY","Traditional shop layout lacking an interactive custom gift tin builder and modern mobile checkout","Instagram: @breadsbakeryuni / Facebook: Breads Bakery Union Square NYC","General Inquiries | info@breadsbakery.com","Gadi Peleg (Founder)","Renowned New York bakery famous for chocolate hazelnut babka, challah, and roasted walnut loaves; needs corporate holiday babka gift portal.","High"
"1283","Sullivan Street Bakery NYC","USA","New York, NY","https://maps.google.com/?q=Sullivan+Street+Bakery+NYC+New+York+NY","Traditional shop layout lacking an interactive custom gift tin builder and modern mobile checkout","Instagram: @sullivanstreetb / Facebook: Sullivan Street Bakery NYC","General Inquiries | info@sullivanstreetbakery.com","Jim Lahey (Founder)","Pioneering no-knead sourdough bakery baking walnut currant loaves and Roman-style panettone; needs digital bakery storefront.","High"
"1284","Tartine Bakery San Francisco","USA","San Francisco, CA","https://maps.google.com/?q=Tartine+Bakery+San+Francisco+San+Francisco+CA","Traditional shop layout lacking an interactive custom gift tin builder and modern mobile checkout","Instagram: @tartinebakerysa / Facebook: Tartine Bakery San Francisco","General Inquiries | orders@tartinebakery.com","Chad Robertson & Elisabeth Prueitt (Founders)","Iconic Mission District bakery famous for walnut country bread, almond croissants, and morning buns; needs nationwide pastry delivery shop.","High"
"1285","Ken's Artisan Bakery Portland","USA","Portland, OR","https://maps.google.com/?q=Kens+Artisan+Bakery+Portland+Portland+OR","Traditional shop layout lacking an interactive custom gift tin builder and modern mobile checkout","Instagram: @kensartisanbake / Facebook: Ken's Artisan Bakery Portland","General Inquiries | info@kensartisan.com","Ken Forkish (Founder)","James Beard award-winning bakery crafting Oregon hazelnut loaves, rustic baguettes, and fruit tartlets; needs digital bakery shop.","High"
"1286","Macrina Bakery Seattle","USA","Seattle, WA","https://maps.google.com/?q=Macrina+Bakery+Seattle+Seattle+WA","Traditional shop layout lacking an interactive custom gift tin builder and modern mobile checkout","Instagram: @macrinabakeryse / Facebook: Macrina Bakery Seattle","General Inquiries | info@macrinabakery.com","Leslie Mackie (Founder)","Seattle artisan bakery baking cranberry walnut bread, sour cherry almond tarts, and granola; needs interactive catering and gift shop.","High"
"1287","Whittard of Chelsea London 1886","UK","London","https://maps.google.com/?q=Whittard+of+Chelsea+London+1886+London","Traditional shop layout lacking an interactive custom gift tin builder and modern mobile checkout","Instagram: @whittardofchels / Facebook: Whittard of Chelsea London 1886","General Inquiries | info@whittard.co.uk","Nathan Smith (CEO)","Purveyors of fine loose leaf teas, luxury hot chocolates, and biscuit gift tins; needs interactive tea & treat hamper builder.","High"
"1288","The East India Company Fine Foods","UK","London","https://maps.google.com/?q=The+East+India+Company+Fine+Foods+London","Traditional shop layout lacking an interactive custom gift tin builder and modern mobile checkout","Instagram: @theeastindiacom / Facebook: The East India Company Fine Foods","General Inquiries | care@theeastindiacompany.com","Sanjiv Mehta (Chairman)","Historic trading house curating artisan biscuits with clotted cream, enrobed chocolate nuts, and rare spices; needs luxury royal gift portal.","High"
"1289","Postcard Teas Mayfair London","UK","London","https://maps.google.com/?q=Postcard+Teas+Mayfair+London+London","Traditional shop layout lacking an interactive custom gift tin builder and modern mobile checkout","Instagram: @postcardteasmay / Facebook: Postcard Teas Mayfair London","General Inquiries | info@postcardteas.com","Timothy d'Offay (Founder)","Small-farm artisan tea purveyor in Mayfair pairing single-estate teas with candied ginger and roasted seeds; needs bespoke tea salon shop.","High"
"1290","Mariage Frères Paris 1854","France","Paris","https://maps.google.com/?q=Mariage+Frres+Paris+1854+Paris","Traditional shop layout lacking an interactive custom gift tin builder and modern mobile checkout","Instagram: @mariagefrrespar / Facebook: Mariage Frères Paris 1854","General Inquiries | info@mariagefreres.com","Kitti Cha Sangmanee (President)","Prestigious French tea house crafting tea-infused jellies, chocolate tea sablés, and Marco Polo blends; needs luxury French salon boutique.","High"
"1291","Dammann Frères Paris 1692","France","Paris","https://maps.google.com/?q=Dammann+Frres+Paris+1692+Paris","Traditional shop layout lacking an interactive custom gift tin builder and modern mobile checkout","Instagram: @dammannfrrespar / Facebook: Dammann Frères Paris 1692","General Inquiries | contact@dammann.fr","Didier Jumeau (Managing Director)","Historic French tea merchant pairing flavored blends with candied fruit peel and roasted almond sweetmeats; needs digital palace tea shop.","High"
"1292","Kusmi Tea Paris 1867","France","Paris","https://maps.google.com/?q=Kusmi+Tea+Paris+1867+Paris","Traditional shop layout lacking an interactive custom gift tin builder and modern mobile checkout","Instagram: @kusmiteaparis18 / Facebook: Kusmi Tea Paris 1867","General Inquiries | contact@kusmitea.com","Sylvain Orebi (CEO)","Iconic Russian-French tea company packaging Prince Vladimir blends in baroque metal tins; needs interactive tea gift box customizer.","High"
"1293","Palais des Thés Paris 1986","France","Paris","https://maps.google.com/?q=Palais+des+Ths+Paris+1986+Paris","Traditional shop layout lacking an interactive custom gift tin builder and modern mobile checkout","Instagram: @palaisdesthspar / Facebook: Palais des Thés Paris 1986","General Inquiries | service-client@palaisdesthes.com","François-Xavier Delmas (Founder)","Direct-origin tea discoverer curating single-estate teas, tea-infused honey, and candied snacks; needs modern subscription club.","High"
"1294","TWG Tea Salon & Boutique","Singapore","Singapore","https://maps.google.com/?q=TWG+Tea+Salon+Boutique+Singapore","Traditional shop layout lacking an interactive custom gift tin builder and modern mobile checkout","Instagram: @twgteasalonbout / Facebook: TWG Tea Salon & Boutique","General Inquiries | customercare@twgtea.com","Taha Bouqdib (President)","Ultra-luxury tea company famous for 1837 Black Tea, artisanal tea shortbreads, and macaron gift boxes; needs VIP luxury gifting lounge.","High"
"1295","Newby Teas London","UK","London","https://maps.google.com/?q=Newby+Teas+London+London","Traditional shop layout lacking an interactive custom gift tin builder and modern mobile checkout","Instagram: @newbyteaslondon / Facebook: Newby Teas London","General Inquiries | sales@newbyteas.com","Nirmal Sethia (Founder)","Ultra-premium British tea company in ornate jeweled tins pairing with gourmet nut delicacies; needs corporate gift tin builder.","High"
"1296","Rare Tea Company London","UK","London","https://maps.google.com/?q=Rare+Tea+Company+London+London","Traditional shop layout lacking an interactive custom gift tin builder and modern mobile checkout","Instagram: @rareteacompanyl / Facebook: Rare Tea Company London","General Inquiries | tea@rareteacompany.com","Henrietta Lovell (Founder)","Sourcing world's finest teas directly from small farmers and pairing with wild fruit infusions; needs eco-luxury tea store.","High"
"1297","Tea Pigs UK Organic Teas","UK","Brentford, London","https://maps.google.com/?q=Tea+Pigs+UK+Organic+Teas+Brentford+London","Traditional shop layout lacking an interactive custom gift tin builder and modern mobile checkout","Instagram: @teapigsukorgani / Facebook: Tea Pigs UK Organic Teas","General Inquiries | info@teapigs.co.uk","Nick Kilby & Louise Cheadle (Co-Founders)","Pioneering real whole leaf tea temples, herbal infusions, and feel-good snack bundles; needs modern DTC shopping portal.","High"
"1298","Bird & Blend Tea Co Brighton","UK","Brighton","https://maps.google.com/?q=Bird+Blend+Tea+Co+Brighton+Brighton","Traditional shop layout lacking an interactive custom gift tin builder and modern mobile checkout","Instagram: @birdblendteacob / Facebook: Bird & Blend Tea Co Brighton","General Inquiries | info@birdandblendtea.com","Mike & Krisi (Co-Founders)","Eco-conscious British tea blender creating pastry-inspired tea blends with roasted cocoa and nut oils; needs custom tea box creator.","High"
"1299","Brew Tea Company Manchester","UK","Manchester","https://maps.google.com/?q=Brew+Tea+Company+Manchester+Manchester","Traditional shop layout lacking an interactive custom gift tin builder and modern mobile checkout","Instagram: @brewteacompanym / Facebook: Brew Tea Company Manchester","General Inquiries | hello@brewteaco.co.uk","Phil & Aid (Founders)","Proper whole leaf tea company handcrafting whole rolled teas and pairing with artisan treats; needs subscription club shop.","High"
"1300","Bruyerre Belgian Chocolates 1909","Belgium","Gosselies","https://maps.google.com/?q=Bruyerre+Belgian+Chocolates+1909+Gosselies","Traditional shop layout lacking an interactive custom gift tin builder and modern mobile checkout","Instagram: @bruyerrebelgian / Facebook: Bruyerre Belgian Chocolates 1909","General Inquiries | info@bruyerre.be","Bruyerre Management (Directors)","Belgian master chocolatier handcrafting hazelnut Gianduja pralines, candied orange peel, and marzipan; needs bespoke luxury gift shop.","High"
"1301","Duc d'O Belgian Chocolatiers","Belgium","Kruibeke","https://maps.google.com/?q=Duc+dO+Belgian+Chocolatiers+Kruibeke","Traditional shop layout lacking an interactive custom gift tin builder and modern mobile checkout","Instagram: @ducdobelgiancho / Facebook: Duc d'O Belgian Chocolatiers","General Inquiries | info@ducdo.com","Duc d'O Team (Directors)","Crafting flaked truffles, chocolate liquor cherries, and roasted nut clusters; needs modern online gift store.","High"
"1302","Planète Chocolat Brussels","Belgium","Brussels","https://maps.google.com/?q=Plante+Chocolat+Brussels+Brussels","Traditional shop layout lacking an interactive custom gift tin builder and modern mobile checkout","Instagram: @plantechocolatb / Facebook: Planète Chocolat Brussels","General Inquiries | contact@planetechocolat.com","Philippe Lellouche (Director)","Artisan boutique crafting luxury Belgian praline ballotins, sugar-free chocolate, and spiced nuts; needs worldwide express delivery portal.","High"
"1303","Zaabär Chocolates Brussels","Belgium","Brussels","https://maps.google.com/?q=Zaabr+Chocolates+Brussels+Brussels","Traditional shop layout lacking an interactive custom gift tin builder and modern mobile checkout","Instagram: @zaabrchocolates / Facebook: Zaabär Chocolates Brussels","General Inquiries | info@zaabar.com","Jean-Philippe Richard (Founder)","Pioneering spice-infused Belgian chocolates pairing cardamom, pink pepper, roasted hazelnuts, and sea salt; needs custom tasting box builder.","High"
"1304","Laurent Gerbaud Chocolatier","Belgium","Brussels","https://maps.google.com/?q=Laurent+Gerbaud+Chocolatier+Brussels","Traditional shop layout lacking an interactive custom gift tin builder and modern mobile checkout","Instagram: @laurentgerbaudc / Facebook: Laurent Gerbaud Chocolatier","General Inquiries | info@chocolatsgerbaud.be","Laurent Gerbaud (Master Chocolatier)","Brussels master pairing intense dark chocolates with dried Izmir figs, apricots, and roasted Piedmont hazelnuts; needs VIP gift salon.","High"
"1305","Maison Pierre Marcolini Paris","France","Paris","https://maps.google.com/?q=Maison+Pierre+Marcolini+Paris+Paris","Traditional shop layout lacking an interactive custom gift tin builder and modern mobile checkout","Instagram: @maisonpierremar / Facebook: Maison Pierre Marcolini Paris","General Inquiries | paris@marcolini.com","Pierre Marcolini (Master Chocolatier)","Haute chocolaterie boutique crafting roasted cacao infusions, praline hearts, and candied fruits; needs digital luxury concierge.","High"
"1306","Patrick Roger Chocolatier Paris","France","Paris","https://maps.google.com/?q=Patrick+Roger+Chocolatier+Paris+Paris","Traditional shop layout lacking an interactive custom gift tin builder and modern mobile checkout","Instagram: @patrickrogercho / Facebook: Patrick Roger Chocolatier Paris","General Inquiries | contact@patrickroger.com","Patrick Roger (Meilleur Ouvrier de France)","Artistic French sculptor and chocolatier crafting iconic semi-sphere chocolates with roasted almond praline; needs luxury gallery store.","High"
"1307","Alain Ducasse Le Chocolat Paris","France","Paris","https://maps.google.com/?q=Alain+Ducasse+Le+Chocolat+Paris+Paris","Traditional shop layout lacking an interactive custom gift tin builder and modern mobile checkout","Instagram: @alainducasselec / Facebook: Alain Ducasse Le Chocolat Paris","General Inquiries | contact@lechocolat-alainducasse.com","Nicolas Berger (Master Roaster)","Michelin star atelier roasting cocoa beans and Mediterranean nuts over wood flame for pure ganaches; needs bespoke culinary gift portal.","High"
"1308","Jean-Paul Hévin Chocolatier Paris","France","Paris","https://maps.google.com/?q=JeanPaul+Hvin+Chocolatier+Paris+Paris","Traditional shop layout lacking an interactive custom gift tin builder and modern mobile checkout","Instagram: @jeanpaulhvincho / Facebook: Jean-Paul Hévin Chocolatier Paris","General Inquiries | contact@jphevin.com","Jean-Paul Hévin (Meilleur Ouvrier de France)","Iconic French master famous for dark chocolate bars, candied marrons glacés, and almond macarons; needs VIP online boutique.","High"
"1309","Sébastien Bouillet Pâtissier Lyon","France","Lyon","https://maps.google.com/?q=Sbastien+Bouillet+Ptissier+Lyon+Lyon","Traditional shop layout lacking an interactive custom gift tin builder and modern mobile checkout","Instagram: @sbastienbouille / Facebook: Sébastien Bouillet Pâtissier Lyon","General Inquiries | contact@chocolatier-bouillet.com","Sébastien Bouillet (Pastry Chef)","Creative Lyon pastry chef crafting lipstick-shaped chocolates, roasted almond cakes, and macarons; needs interactive gift box creator.","High"
"1310","Vincent Guerlais Agitateur de Papilles","France","Nantes","https://maps.google.com/?q=Vincent+Guerlais+Agitateur+de+Papilles+Nantes","Traditional shop layout lacking an interactive custom gift tin builder and modern mobile checkout","Instagram: @vincentguerlais / Facebook: Vincent Guerlais Agitateur de Papilles","General Inquiries | contact@vincentguerlais.com","Vincent Guerlais (Master Pastry Chef)","Relais Desserts president crafting P'tit Beurre chocolates filled with hazelnut shortbread cream; needs luxury celebratory gift shop.","High"
"1311","Arnaud Larher Chocolatier Paris","France","Paris","https://maps.google.com/?q=Arnaud+Larher+Chocolatier+Paris+Paris","Traditional shop layout lacking an interactive custom gift tin builder and modern mobile checkout","Instagram: @arnaudlarhercho / Facebook: Arnaud Larher Chocolatier Paris","General Inquiries | contact@arnaudlarher.com","Arnaud Larher (Meilleur Ouvrier de France)","Montmartre pastry artisan crafting hazelnut praline sablés, chocolate mendiants, and fruit pastes; needs digital boutique.","High"
"1312","Frédéric Cassel Pâtissier Fontainebleau","France","Fontainebleau","https://maps.google.com/?q=Frdric+Cassel+Ptissier+Fontainebleau+Fontainebleau","Traditional shop layout lacking an interactive custom gift tin builder and modern mobile checkout","Instagram: @frdriccasselpti / Facebook: Frédéric Cassel Pâtissier Fontainebleau","General Inquiries | contact@frederic-cassel.com","Frédéric Cassel (Pastry Chef)","Master patissier renowned for almond millefeuille, macaron pyramids, and chocolate nut bonbons; needs wedding and event order portal.","High"
"1313","Maison Chaudun Paris 1986","France","Paris","https://maps.google.com/?q=Maison+Chaudun+Paris+1986+Paris","Traditional shop layout lacking an interactive custom gift tin builder and modern mobile checkout","Instagram: @maisonchaudunpa / Facebook: Maison Chaudun Paris 1986","General Inquiries | contact@chaudun.com","Gilles Marchal (Director)","Famous 7th arrondissement atelier inventing the Pavé de Paris chocolate truffle dusted with cocoa and nut essence; needs luxury gifting salon.","High"
"1314","Chocolaterie Puyricard Provence 1967","France","Puyricard, Provence","https://maps.google.com/?q=Chocolaterie+Puyricard+Provence+1967+Puyricard+Provence","Traditional shop layout lacking an interactive custom gift tin builder and modern mobile checkout","Instagram: @chocolateriepuy / Facebook: Chocolaterie Puyricard Provence 1967","General Inquiries | contact@puyricard.fr","Tanguy Roelandts (President)","Prestigious Provençal master crafting hand-dipped chocolates, Calissons, and candied orange peel; needs bespoke Provence gift crate builder.","High"
"1315","Maison Bonnat Paris Boutique","France","Paris","https://maps.google.com/?q=Maison+Bonnat+Paris+Boutique+Paris","Traditional shop layout lacking an interactive custom gift tin builder and modern mobile checkout","Instagram: @maisonbonnatpar / Facebook: Maison Bonnat Paris Boutique","General Inquiries | paris@bonnat-chocolatier.com","Stéphane Bonnat (Master Chocolatier)","Pioneering single-origin cocoa bars paired with roasted Marcona almonds; needs luxury tasting club.","High"
"1316","Pâtisserie Sadaharu Aoki Paris","France","Paris","https://maps.google.com/?q=Ptisserie+Sadaharu+Aoki+Paris+Paris","Traditional shop layout lacking an interactive custom gift tin builder and modern mobile checkout","Instagram: @ptisseriesadaha / Facebook: Pâtisserie Sadaharu Aoki Paris","General Inquiries | contact@sadaharuaoki.com","Sadaharu Aoki (Pastry Chef)","Bridging French pastry with Japanese ingredients like matcha, black sesame, and roasted yuzu nuts; needs interactive macaron box composer.","High"
"1317","Maison Kayser Paris Artisan","France","Paris","https://maps.google.com/?q=Maison+Kayser+Paris+Artisan+Paris","Traditional shop layout lacking an interactive custom gift tin builder and modern mobile checkout","Instagram: @maisonkayserpar / Facebook: Maison Kayser Paris Artisan","General Inquiries | contact@maison-kayser.com","Éric Kayser (Founder)","Artisanal natural sourdough bakery baking walnut rolls, raisin breads, and almond financiers; needs online catering & bread shop.","High"
"1318","Pasticceria De Riso Sal De Riso","Italy","Minori, Amalfi Coast","https://maps.google.com/?q=Pasticceria+De+Riso+Sal+De+Riso+Minori+Amalfi+Coast","Traditional shop layout lacking an interactive custom gift tin builder and modern mobile checkout","Instagram: @pasticceriaderi / Facebook: Pasticceria De Riso Sal De Riso","General Inquiries | info@deriso.it","Salvatore De Riso (Master Pastry Chef)","Celebrated Amalfi Coast pastry master crafting Delizia al Limone and hazelnut ricotta pear cake; needs international express dessert shop.","High"
"1319","Pasticceria Besuschio Abbiategrasso 1845","Italy","Abbiategrasso, Milano","https://maps.google.com/?q=Pasticceria+Besuschio+Abbiategrasso+1845+Abbiategrasso+Milano","Traditional shop layout lacking an interactive custom gift tin builder and modern mobile checkout","Instagram: @pasticceriabesu / Facebook: Pasticceria Besuschio Abbiategrasso 1845","General Inquiries | info@pasticceriabesuschio.it","Andrea Besuschio (Master Pastry Chef)","Six generations crafting artisanal Panettone, chocolate pralines, and roasted almond torrone; needs digital heritage salon.","High"
"1320","Pasticceria Biasetto Padova","Italy","Padova, Veneto","https://maps.google.com/?q=Pasticceria+Biasetto+Padova+Padova+Veneto","Traditional shop layout lacking an interactive custom gift tin builder and modern mobile checkout","Instagram: @pasticceriabias / Facebook: Pasticceria Biasetto Padova","General Inquiries | info@pasticceriabiasetto.it","Luigi Biasetto (World Pastry Champion)","Creator of the World Champion Setteveli cake layered with chocolate and hazelnut crunch; needs modern luxury gift portal.","High"
"1321","Pasticceria Rinaldini Rimini","Italy","Rimini, Emilia-Romagna","https://maps.google.com/?q=Pasticceria+Rinaldini+Rimini+Rimini+EmiliaRomagna","Traditional shop layout lacking an interactive custom gift tin builder and modern mobile checkout","Instagram: @pasticceriarina / Facebook: Pasticceria Rinaldini Rimini","General Inquiries | info@rinaldinipastry.com","Roberto Rinaldini (Pastry Chef)","Modern Italian pastry stylist handcrafting Chococolor dragees and pistachio panettone; needs interactive gift tin builder.","High"
"1322","Pasticceria Martesana Milano 1966","Italy","Milano","https://maps.google.com/?q=Pasticceria+Martesana+Milano+1966+Milano","Traditional shop layout lacking an interactive custom gift tin builder and modern mobile checkout","Instagram: @pasticceriamart / Facebook: Pasticceria Martesana Milano 1966","General Inquiries | info@martesanamilano.com","Vincenzo Santoro (Master Pastry Chef)","Bottega Storica of Milan baking award-winning traditional Panettone with candied fruits and raisins; needs seasonal pre-order store.","High"
"1323","Giolitti Roma 1900","Italy","Roma","https://maps.google.com/?q=Giolitti+Roma+1900+Roma","Traditional shop layout lacking an interactive custom gift tin builder and modern mobile checkout","Instagram: @giolittiroma190 / Facebook: Giolitti Roma 1900","General Inquiries | ufficio@giolitti.it","Giolitti Family (Owners)","Rome's most famous historic confectionery and gelateria near the Pantheon crafting candied nut cassata; needs online souvenir boutique.","High"
"1324","Pasticceria Regoli Roma 1916","Italy","Roma","https://maps.google.com/?q=Pasticceria+Regoli+Roma+1916+Roma","Traditional shop layout lacking an interactive custom gift tin builder and modern mobile checkout","Instagram: @pasticceriarego / Facebook: Pasticceria Regoli Roma 1916","General Inquiries | info@pasticceriaregoli.com","Regoli Family (Owners)","Historic Roman pastry shop legendary for Maritozzi con la panna, pine nut tarts, and cannoli; needs modern online pre-ordering.","High"
"1325","Pasticceria Cuori di Sfogliatella Napoli","Italy","Napoli, Campania","https://maps.google.com/?q=Pasticceria+Cuori+di+Sfogliatella+Napoli+Napoli+Campania","Traditional shop layout lacking an interactive custom gift tin builder and modern mobile checkout","Instagram: @pasticceriacuor / Facebook: Pasticceria Cuori di Sfogliatella Napoli","General Inquiries | info@cuoridisfogliatella.it","Antonio Ferrieri (Founder)","Naples master craft baker reimagining traditional Sfogliatella with roasted almond paste and candied citrus; needs nationwide delivery shop.","High"
"1326","Pasticceria Scaturchio Napoli 1905","Italy","Napoli, Campania","https://maps.google.com/?q=Pasticceria+Scaturchio+Napoli+1905+Napoli+Campania","Traditional shop layout lacking an interactive custom gift tin builder and modern mobile checkout","Instagram: @pasticceriascat / Facebook: Pasticceria Scaturchio Napoli 1905","General Inquiries | info@scaturchio.it","Scaturchio Family (Owners)","Creator of the Ministeriale medallion chocolate filled with liqueur cream and roasted hazelnuts; needs luxury Neapolitan gift shop.","High"
"1327","Pasticceria Pintauro Napoli 1785","Italy","Napoli, Campania","https://maps.google.com/?q=Pasticceria+Pintauro+Napoli+1785+Napoli+Campania","Traditional shop layout lacking an interactive custom gift tin builder and modern mobile checkout","Instagram: @pasticceriapint / Facebook: Pasticceria Pintauro Napoli 1785","General Inquiries | info@pintauro.it","Pintauro Team (Owners)","Historic birthplace of the modern Neapolitan sfogliatella stuffed with ricotta, semolina, and candied orange; needs digital bakery shop.","High"
"1328","Melrose Organic Health Foods","Australia","Box Hill, VIC","https://maps.google.com/?q=Melrose+Organic+Health+Foods+Box+Hill+VIC","Traditional shop layout lacking an interactive custom gift tin builder and modern mobile checkout","Instagram: @melroseorganich / Facebook: Melrose Organic Health Foods","General Inquiries | orders@melrosehealth.com.au","Melrose Team (Directors)","Organic cold-pressed nut oils, almond spreads, and superfood blends; needs modern digital pantry.","High"
"1329","Wicked Nuts Queensland","Australia","Brisbane, QLD","https://maps.google.com/?q=Wicked+Nuts+Queensland+Brisbane+QLD","Traditional shop layout lacking an interactive custom gift tin builder and modern mobile checkout","Instagram: @wickednutsqueen / Facebook: Wicked Nuts Queensland","General Inquiries | info@wickednuts.com.au","Wicked Nuts Team (Founders)","Boutique craft beer and bourbon infused roasted peanuts, cashews, and macadamias; needs interactive subscription box portal.","High"
"1330","The Wholefood Pantry Australia","Australia","Burleigh Heads, QLD","https://maps.google.com/?q=The+Wholefood+Pantry+Australia+Burleigh+Heads+QLD","Traditional shop layout lacking an interactive custom gift tin builder and modern mobile checkout","Instagram: @thewholefoodpan / Facebook: The Wholefood Pantry Australia","General Inquiries | info@thewholefoodpantry.com.au","Pantry Team (Owners)","Organic bulk pantry purveyor stocking raw walnuts, chia seeds, and dried goji berries; needs zero-waste online ordering.","High"
"1331","Brookfarm Byron Bay Orchards","Australia","Byron Bay, NSW","https://maps.google.com/?q=Brookfarm+Byron+Bay+Orchards+Byron+Bay+NSW","Traditional shop layout lacking an interactive custom gift tin builder and modern mobile checkout","Instagram: @brookfarmbyronb / Facebook: Brookfarm Byron Bay Orchards","General Inquiries | orders@brookfarm.com.au","Pam Brook (Co-Founder)","Regenerative macadamia farming community roasting whole spiced nuts and breakfast granolas; needs luxury gift crate builder.","High"
"1332","Macadamias South Africa SAMAC","South Africa","Tshwane","https://maps.google.com/?q=Macadamias+South+Africa+SAMAC+Tshwane","Traditional shop layout lacking an interactive custom gift tin builder and modern mobile checkout","Instagram: @macadamiassouth / Facebook: Macadamias South Africa SAMAC","General Inquiries | info@samac.org.za","SAMAC Directors (Management)","Leading association of African macadamia growers exporting premium raw and roasted kernels; needs international B2B buyer portal.","High"
"1333","Cape Dried Fruit Packers","South Africa","Montagu, Western Cape","https://maps.google.com/?q=Cape+Dried+Fruit+Packers+Montagu+Western+Cape","Traditional shop layout lacking an interactive custom gift tin builder and modern mobile checkout","Instagram: @capedriedfruitp / Facebook: Cape Dried Fruit Packers","General Inquiries | info@capedriedfruit.com","Cape Dried Fruit Team (Directors)","Sourcing high-grade dried fruit packs from Robertson and Montagu valleys; needs export and corporate gift store.","High"
"1334","Savannah Bee Company Gifting","USA","Savannah, GA","https://maps.google.com/?q=Savannah+Bee+Company+Gifting+Savannah+GA","Traditional shop layout lacking an interactive custom gift tin builder and modern mobile checkout","Instagram: @savannahbeecomp / Facebook: Savannah Bee Company Gifting","General Inquiries | info@savannahbee.com","Ted Dennard (Founder)","Artisanal honeycomb, tupelo honey, and royal honey gift crates paired with nuts; needs luxury gift crate builder.","High"
"1335","Runamok Maple Vermont Infusions","USA","Fairfax, VT","https://maps.google.com/?q=Runamok+Maple+Vermont+Infusions+Fairfax+VT","Traditional shop layout lacking an interactive custom gift tin builder and modern mobile checkout","Instagram: @runamokmaplever / Facebook: Runamok Maple Vermont Infusions","General Inquiries | info@runamokmaple.com","Eric & Laura Sorkin (Co-Founders)","Pioneering bourbon barrel-aged and smoked maple syrups paired with roasted nuts; needs modern DTC pantry shop.","High"
"1336","Crown Maple Organic Estate","USA","Dover Plains, NY","https://maps.google.com/?q=Crown+Maple+Organic+Estate+Dover+Plains+NY","Traditional shop layout lacking an interactive custom gift tin builder and modern mobile checkout","Instagram: @crownmapleorgan / Facebook: Crown Maple Organic Estate","General Inquiries | info@crownmaple.com","Michael Kahn (Founder)","Ultra-premium organic maple syrup and maple sugar glazes for pecans and walnuts; needs corporate holiday gift portal.","High"
"1337","Jacobsen Salt Co Oregon","USA","Portland, OR","https://maps.google.com/?q=Jacobsen+Salt+Co+Oregon+Portland+OR","Traditional shop layout lacking an interactive custom gift tin builder and modern mobile checkout","Instagram: @jacobsensaltcoo / Facebook: Jacobsen Salt Co Oregon","General Inquiries | info@jacobsensalt.com","Ben Jacobsen (Founder)","Hand-harvested Oregon sea salt flakes, salty caramels, and roasted salted nut packs; needs custom gift box composer.","High"
"1338","Burlap & Barrel Single Origin Spices","USA","New York, NY","https://maps.google.com/?q=Burlap+Barrel+Single+Origin+Spices+New+York+NY","Traditional shop layout lacking an interactive custom gift tin builder and modern mobile checkout","Instagram: @burlapbarrelsin / Facebook: Burlap & Barrel Single Origin Spices","General Inquiries | orders@burlapandbarrel.com","Ethan Frisch & Ori Zohar (Founders)","Public Benefit Corp sourcing wild mountain cumin, Zanzibar black peppercorns, and sun-dried figs; needs chef subscription portal.","High"
"1339","Diaspora Co Single Origin","USA","San Francisco, CA","https://maps.google.com/?q=Diaspora+Co+Single+Origin+San+Francisco+CA","Traditional shop layout lacking an interactive custom gift tin builder and modern mobile checkout","Instagram: @diasporacosingl / Facebook: Diaspora Co Single Origin","General Inquiries | hello@diasporaco.com","Sana Javeri Kadri (Founder)","Direct-trade heirloom spices from South Asia pairing wild cardamom and turmeric with nuts; needs VIP tasting membership.","High"
"1340","Spicewalla Brand Asheville","USA","Asheville, NC","https://maps.google.com/?q=Spicewalla+Brand+Asheville+Asheville+NC","Traditional shop layout lacking an interactive custom gift tin builder and modern mobile checkout","Instagram: @spicewallabrand / Facebook: Spicewalla Brand Asheville","General Inquiries | info@spicewallabrand.com","Meherwan Irani (Founder)","Chef-driven small-batch spice blends, roasted nut seasonings, and gift tins; needs interactive 10-pack spice tin creator.","High"
"1341","The Spice House Chicago 1957","USA","Chicago, IL","https://maps.google.com/?q=The+Spice+House+Chicago+1957+Chicago+IL","Traditional shop layout lacking an interactive custom gift tin builder and modern mobile checkout","Instagram: @thespicehousech / Facebook: The Spice House Chicago 1957","General Inquiries | support@thespicehouse.com","Dan & Patty Erd (Owners)","Heritage merchant hand-grinding Saigon cinnamon and roasted nut coatings; needs custom spice and nut gift box builder.","High"
"1342","Penzeys Spices Wisconsin","USA","Wauwatosa, WI","https://maps.google.com/?q=Penzeys+Spices+Wisconsin+Wauwatosa+WI","Traditional shop layout lacking an interactive custom gift tin builder and modern mobile checkout","Instagram: @penzeysspiceswi / Facebook: Penzeys Spices Wisconsin","General Inquiries | customerservice@penzeys.com","Bill Penzey (CEO)","Beloved American spice purveyor offering gift boxes, baking vanilla, and roasted nut glazes; needs modern celebration store.","High"
"1343","San Francisco Herb Co 1973","USA","San Francisco, CA","https://maps.google.com/?q=San+Francisco+Herb+Co+1973+San+Francisco+CA","Traditional shop layout lacking an interactive custom gift tin builder and modern mobile checkout","Instagram: @sanfranciscoher / Facebook: San Francisco Herb Co 1973","General Inquiries | info@sfherb.com","Barry Ross (Founder)","Pioneering West Coast purveyor of culinary herbs, dried botanicals, and raw seeds; needs modern responsive wholesale portal.","High"
"1344","Mountain Rose Herbs Oregon","USA","Eugene, OR","https://maps.google.com/?q=Mountain+Rose+Herbs+Oregon+Eugene+OR","Traditional shop layout lacking an interactive custom gift tin builder and modern mobile checkout","Instagram: @mountainroseher / Facebook: Mountain Rose Herbs Oregon","General Inquiries | support@mountainroseherbs.com","Shawn Donnille (CEO)","Organic certified supplier of bulk dried berries, medicinal herbs, and raw nuts; needs subscription order portal.","High"
"1345","Frontier Co-op Organic","USA","Norway, IA","https://maps.google.com/?q=Frontier+Coop+Organic+Norway+IA","Traditional shop layout lacking an interactive custom gift tin builder and modern mobile checkout","Instagram: @frontiercooporg / Facebook: Frontier Co-op Organic","General Inquiries | customercare@frontiercoop.com","Tony Bedard (CEO)","Member-owned cooperative providing Fair Trade vanilla beans, organic cinnamon, and seeds; needs modernized B2B portal.","High"
"1346","Formaticum Artisan Provisions","USA","New York, NY","https://maps.google.com/?q=Formaticum+Artisan+Provisions+New+York+NY","Traditional shop layout lacking an interactive custom gift tin builder and modern mobile checkout","Instagram: @formaticumartis / Facebook: Formaticum Artisan Provisions","General Inquiries | contact@formaticum.com","Mark Goldman (Founder)","Specialty cheese and charcuterie accompaniment purveyor offering fruit spreads and walnut boards; needs luxury tasting kit creator.","High"
"1347","Bee Raw Honey New York","USA","Brooklyn, NY","https://maps.google.com/?q=Bee+Raw+Honey+New+York+Brooklyn+NY","Traditional shop layout lacking an interactive custom gift tin builder and modern mobile checkout","Instagram: @beerawhoneynewy / Facebook: Bee Raw Honey New York","General Inquiries | info@beeraw.com","Ezekiel Freeman (Founder)","Single-varietal raw honeys harvested to pair with artisanal cheeses, walnuts, and dried fruits; needs luxury pairing flight customizer.","High"
"1348","Starwest Botanicals California","USA","Sacramento, CA","https://maps.google.com/?q=Starwest+Botanicals+California+Sacramento+CA","Traditional shop layout lacking an interactive custom gift tin builder and modern mobile checkout","Instagram: @starwestbotanic / Facebook: Starwest Botanicals California","General Inquiries | orders@starwest-botanicals.com","Starwest Team (Directors)","Certified organic dried elderberries, hibiscus flowers, and bulk nuts; needs modern e-commerce checkout.","High"
"1349","Pearson Farm Pecans & Peaches","USA","Fort Valley, GA","https://maps.google.com/?q=Pearson+Farm+Pecans+Peaches+Fort+Valley+GA","Traditional shop layout lacking an interactive custom gift tin builder and modern mobile checkout","Instagram: @pearsonfarmpeca / Facebook: Pearson Farm Pecans & Peaches","General Inquiries | info@pearsonfarm.com","Lawton Pearson (Owner)","Centuries-old peach and Georgia pecan orchard; needs an interactive seasonal corporate gift tin builder.","High"
"1350","Oliver Pecan Co","USA","San Saba, TX","https://maps.google.com/?q=Oliver+Pecan+Co+San+Saba+TX","Traditional shop layout lacking an interactive custom gift tin builder and modern mobile checkout","Instagram: @oliverpecanco / Facebook: Oliver Pecan Co","General Inquiries | info@oliverpecan.com","Oliver Family (Owners)","San Saba Texas pecan specialists roasting honey glazed pecans; needs holiday gift hamper customizer.","High"
"1351","Golden Kernel Pecan Co","USA","Cameron, SC","https://maps.google.com/?q=Golden+Kernel+Pecan+Co+Cameron+SC","Traditional shop layout lacking an interactive custom gift tin builder and modern mobile checkout","Instagram: @goldenkernelpec / Facebook: Golden Kernel Pecan Co","General Inquiries | info@goldenkernel.com","Peter Fairey (President)","Historic South Carolina pecan sheller crafting gourmet roasted tins; needs modern web store with multi-shipping.","High"
"1352","Living Intentions Sprouted Snacks","USA","San Rafael, CA","https://maps.google.com/?q=Living+Intentions+Sprouted+Snacks+San+Rafael+CA","Traditional shop layout lacking an interactive custom gift tin builder and modern mobile checkout","Instagram: @livingintention / Facebook: Living Intentions Sprouted Snacks","General Inquiries | info@livingintentions.com","Joshua Wand (Founder)","Sprouted nuts, superfood trail mixes, and activated seed snacks; needs clean mobile-first e-commerce.","High"
"1353","NuttZo Multi-Nut Butters","USA","San Diego, CA","https://maps.google.com/?q=NuttZo+MultiNut+Butters+San+Diego+CA","Traditional shop layout lacking an interactive custom gift tin builder and modern mobile checkout","Instagram: @nuttzomultinutb / Facebook: NuttZo Multi-Nut Butters","General Inquiries | info@nuttzo.com","Danielle Dietz-LiVolsi (Founder)","Seven nut and seed butter blends packed with roasted seeds; needs corporate snack box portal.","High"
"1354","Trail Butter Energy Blends","USA","Portland, OR","https://maps.google.com/?q=Trail+Butter+Energy+Blends+Portland+OR","Traditional shop layout lacking an interactive custom gift tin builder and modern mobile checkout","Instagram: @trailbutterener / Facebook: Trail Butter Energy Blends","General Inquiries | info@trailbutter.com","Jeff Boggess (Co-Founder)","Nut butter blends designed for outdoor trail endurance athletes; needs athlete subscription shop.","High"
"1355","Ground Up Nut Butters PDX","USA","Portland, OR","https://maps.google.com/?q=Ground+Up+Nut+Butters+PDX+Portland+OR","Traditional shop layout lacking an interactive custom gift tin builder and modern mobile checkout","Instagram: @groundupnutbutt / Facebook: Ground Up Nut Butters PDX","General Inquiries | hello@grounduppdx.com","Julie Sullivan (Co-Founder)","Vocational training company making cinnamon snickerdoodle cashew almond butters; needs custom gift box builder.","High"
"1356","Dateland Date Gardens AZ","USA","Dateland, AZ","https://maps.google.com/?q=Dateland+Date+Gardens+AZ+Dateland+AZ","Traditional shop layout lacking an interactive custom gift tin builder and modern mobile checkout","Instagram: @datelanddategar / Facebook: Dateland Date Gardens AZ","General Inquiries | info@dateland.com","Dateland Management (Owners)","Arizona desert oasis growing Medjool dates, date shakes, and specialty nut tins; needs nationwide mail-order portal.","High"
"1357","Rancho Meladuco Date Farm","USA","Thermal, CA","https://maps.google.com/?q=Rancho+Meladuco+Date+Farm+Thermal+CA","Traditional shop layout lacking an interactive custom gift tin builder and modern mobile checkout","Instagram: @ranchomeladucod / Facebook: Rancho Meladuco Date Farm","General Inquiries | hello@ranchomeladuco.com","Joan Smith (Founder)","Artisan hand-packed California Medjool dates in luxury illustrated gift boxes; needs corporate gift customizer.","High"
"1358","Bautista Family Organic Dates","USA","Mecca, CA","https://maps.google.com/?q=Bautista+Family+Organic+Dates+Mecca+CA","Traditional shop layout lacking an interactive custom gift tin builder and modern mobile checkout","Instagram: @bautistafamilyo / Facebook: Bautista Family Organic Dates","General Inquiries | info@bautistaorganicdates.com","Alicia Bautista (Co-Owner)","Seven varieties of raw organic Coachella dates harvested fresh; needs online seasonal pre-order storefront.","High"
"1359","Flying Disc Ranch Organics","USA","Thermal, CA","https://maps.google.com/?q=Flying+Disc+Ranch+Organics+Thermal+CA","Traditional shop layout lacking an interactive custom gift tin builder and modern mobile checkout","Instagram: @flyingdiscranch / Facebook: Flying Disc Ranch Organics","General Inquiries | info@flyingdiscranch.com","Robert Sakovich (Owner)","Regenerative biodynamic date orchard producing Barhi and Zahidi dates; needs modern CSA-style farm shop.","High"
"1360","Lion Raisins California","USA","Selma, CA","https://maps.google.com/?q=Lion+Raisins+California+Selma+CA","Traditional shop layout lacking an interactive custom gift tin builder and modern mobile checkout","Instagram: @lionraisinscali / Facebook: Lion Raisins California","General Inquiries | info@lionraisins.com","Larry Lion (President)","California dried raisin company offering organic Thompson seedless raisins; needs modern trade & consumer shop.","High"
"1361","Victor Packing California","USA","Madera, CA","https://maps.google.com/?q=Victor+Packing+California+Madera+CA","Traditional shop layout lacking an interactive custom gift tin builder and modern mobile checkout","Instagram: @victorpackingca / Facebook: Victor Packing California","General Inquiries | info@victorpacking.com","Victor Sahatdjian (President)","San Joaquin Valley processor of California sun-dried raisins; needs bulk online order portal.","High"
"1362","Sunwest Fruit Company","USA","Parlier, CA","https://maps.google.com/?q=Sunwest+Fruit+Company+Parlier+CA","Traditional shop layout lacking an interactive custom gift tin builder and modern mobile checkout","Instagram: @sunwestfruitcom / Facebook: Sunwest Fruit Company","General Inquiries | info@sunwestfruit.com","Doug Phillips (Owner)","Central California citrus, peach, and dried fruit growers; needs streamlined direct shipping shop.","High"
"1363","Oregon Fruit Products","USA","Salem, OR","https://maps.google.com/?q=Oregon+Fruit+Products+Salem+OR","Traditional shop layout lacking an interactive custom gift tin builder and modern mobile checkout","Instagram: @oregonfruitprod / Facebook: Oregon Fruit Products","General Inquiries | info@oregonfruit.com","Chris Scherting (CEO)","Willamette Valley specialty berries and artisan fruit puree; needs luxury culinary retail storefront.","High"
"1364","Northwest Wild Foods Berries","USA","Burlington, WA","https://maps.google.com/?q=Northwest+Wild+Foods+Berries+Burlington+WA","Traditional shop layout lacking an interactive custom gift tin builder and modern mobile checkout","Instagram: @northwestwildfo / Facebook: Northwest Wild Foods Berries","General Inquiries | sales@nwwildfoods.com","Rick Anderson (Founder)","Wild harvested dried huckleberries, wild blackberries, and raw nuts; needs interactive gift hamper creator.","High"
"1365","King Orchards Tart Cherries","USA","Central Lake, MI","https://maps.google.com/?q=King+Orchards+Tart+Cherries+Central+Lake+MI","Traditional shop layout lacking an interactive custom gift tin builder and modern mobile checkout","Instagram: @kingorchardstar / Facebook: King Orchards Tart Cherries","General Inquiries | orders@kingorchards.com","John King (Co-Owner)","Michigan fruit farm growing and drying tart cherries and peaches; needs online seasonal gift shop.","High"
"1366","Buy Whole Foods Online UK","UK","Minster, Kent","https://maps.google.com/?q=Buy+Whole+Foods+Online+UK+Minster+Kent","Traditional shop layout lacking an interactive custom gift tin builder and modern mobile checkout","Instagram: @buywholefoodson / Facebook: Buy Whole Foods Online UK","General Inquiries | sales@buywholefoodsonline.co.uk","Arthur Martin (Founder)","Major online retailer of organic bulk nuts, dried exotic fruits, and seeds; needs corporate gift builder.","High"
"1367","Forest Whole Foods Organic","UK","Swanage, Dorset","https://maps.google.com/?q=Forest+Whole+Foods+Organic+Swanage+Dorset","Traditional shop layout lacking an interactive custom gift tin builder and modern mobile checkout","Instagram: @forestwholefood / Facebook: Forest Whole Foods Organic","General Inquiries | support@forestwholefoods.co.uk","Tara Lambert (Director)","Organic whole foods brand packing certified dried berries, nuts, and chia seeds; needs responsive subscription shop.","High"
"1368","Just Ingredients Natural Goods","UK","Caldicott, Wales","https://maps.google.com/?q=Just+Ingredients+Natural+Goods+Caldicott+Wales","Traditional shop layout lacking an interactive custom gift tin builder and modern mobile checkout","Instagram: @justingredients / Facebook: Just Ingredients Natural Goods","General Inquiries | sales@justingredients.co.uk","David Stocker (Managing Director)","Supplying botanical herbs, dried fruits, edible seeds, and raw nuts; needs modern order reservation system.","High"
"1369","Meridian Foods Nut Butters","UK","Whitchurch, Hampshire","https://maps.google.com/?q=Meridian+Foods+Nut+Butters+Whitchurch+Hampshire","Traditional shop layout lacking an interactive custom gift tin builder and modern mobile checkout","Instagram: @meridianfoodsnu / Facebook: Meridian Foods Nut Butters","General Inquiries | hello@meridianfoods.co.uk","Paul Brown (Director)","Pioneer of palm-oil-free peanut, almond, and cashew nut butters; needs interactive build-a-bundle tool.","High"
"1370","ManiLife Deep Roast Peanut Butter","UK","London","https://maps.google.com/?q=ManiLife+Deep+Roast+Peanut+Butter+London","Traditional shop layout lacking an interactive custom gift tin builder and modern mobile checkout","Instagram: @manilifedeeproa / Facebook: ManiLife Deep Roast Peanut Butter","General Inquiries | hello@mani-life.com","Stuart Macdonald (Founder)","Crafting deep roast peanut butter made with single-estate Argentine peanuts; needs luxury jar customization tool.","High"
"1371","Yumello Moroccan Nut Butters","UK","London","https://maps.google.com/?q=Yumello+Moroccan+Nut+Butters+London","Traditional shop layout lacking an interactive custom gift tin builder and modern mobile checkout","Instagram: @yumellomoroccan / Facebook: Yumello Moroccan Nut Butters","General Inquiries | hello@yumello.com","Omar Hajji (Co-Founder)","Moroccan-inspired argan oil and roasted almond butter spreads; needs interactive gift set configurator.","High"
"1372","Grape Tree Health Foods","UK","Kingswinford","https://maps.google.com/?q=Grape+Tree+Health+Foods+Kingswinford","Traditional shop layout lacking an interactive custom gift tin builder and modern mobile checkout","Instagram: @grapetreehealth / Facebook: Grape Tree Health Foods","General Inquiries | customerservices@grapetree.co.uk","Nick Shutts (Founder)","Nationwide retailer offering natural nuts, seeds, dried fruits, and confectionery; needs modern click & collect portal.","High"
"1373","Ültje Gourmet Peanuts & Nuts","Germany","Schwerte","https://maps.google.com/?q=ltje+Gourmet+Peanuts+Nuts+Schwerte","Traditional shop layout lacking an interactive custom gift tin builder and modern mobile checkout","Instagram: @ltjegourmetpean / Facebook: Ültje Gourmet Peanuts & Nuts","General Inquiries | info@ueltje.de","Mathias Hübner (Managing Director)","Famous German brand specializing in kettle-roasted peanuts and spiced nut blends; needs modern retail presence.","High"
"1374","Herbert Kluth Dried Fruit & Nuts","Germany","Henstedt-Ulzburg","https://maps.google.com/?q=Herbert+Kluth+Dried+Fruit+Nuts+HenstedtUlzburg","Traditional shop layout lacking an interactive custom gift tin builder and modern mobile checkout","Instagram: @herbertkluthdri / Facebook: Herbert Kluth Dried Fruit & Nuts","General Inquiries | info@kluth.de","Peter Kluth (Managing Director)","Quality supplier of premium nuts, dried cranberries, and salad seed toppings; needs direct web customer portal.","High"
"1375","Alnatura Organic Supermarket","Germany","Darmstadt","https://maps.google.com/?q=Alnatura+Organic+Supermarket+Darmstadt","Traditional shop layout lacking an interactive custom gift tin builder and modern mobile checkout","Instagram: @alnaturaorganic / Facebook: Alnatura Organic Supermarket","General Inquiries | service@alnatura.de","Götz Rehn (Founder)","Germany's major organic producer providing certified organic nuts, dried dates, and seeds; needs omnichannel shop.","High"
"1376","Borges Agricultural Nuts","Spain","Reus, Tarragona","https://maps.google.com/?q=Borges+Agricultural+Nuts+Reus+Tarragona","Traditional shop layout lacking an interactive custom gift tin builder and modern mobile checkout","Instagram: @borgesagricultu / Facebook: Borges Agricultural Nuts","General Inquiries | info@borges-bain.com","David Prats (CEO)","Leading Mediterranean agricultural producer of almonds, walnuts, and pistachios; needs direct-to-retail portal.","High"
"1377","El Nogal Gourmet Nuts & Dried Fruit","Spain","Vigo, Galicia","https://maps.google.com/?q=El+Nogal+Gourmet+Nuts+Dried+Fruit+Vigo+Galicia","Traditional shop layout lacking an interactive custom gift tin builder and modern mobile checkout","Instagram: @elnogalgourmetn / Facebook: El Nogal Gourmet Nuts & Dried Fruit","General Inquiries | info@elnogal.com","Antonio Lopez (General Manager)","Galician roaster packaging Marcona almonds, walnuts, and dried cranberries; needs interactive holiday gift builder.","High"
"1378","Daco France Nuts & Dried Fruits","France","Ablis","https://maps.google.com/?q=Daco+France+Nuts+Dried+Fruits+Ablis","Traditional shop layout lacking an interactive custom gift tin builder and modern mobile checkout","Instagram: @dacofrancenutsd / Facebook: Daco France Nuts & Dried Fruits","General Inquiries | contact@dacofrance.fr","Michel Daco (President)","French specialist in roasting hazelnuts, almonds, and drying soft apricots; needs modern gourmet e-commerce.","High"
"1379","Menguys Apéritif Nuts","France","Toulouse","https://maps.google.com/?q=Menguys+Apritif+Nuts+Toulouse","Traditional shop layout lacking an interactive custom gift tin builder and modern mobile checkout","Instagram: @menguysapritifn / Facebook: Menguys Apéritif Nuts","General Inquiries | contact@menguys.fr","Paul Menguy (Founder)","French roastery renowned for roasted peanuts, grilled pistachios, and festive apéro mixes; needs modern digital shop.","High"
"1380","Color Foods Sun-Dried Delicacies","France","Marseille","https://maps.google.com/?q=Color+Foods+SunDried+Delicacies+Marseille","Traditional shop layout lacking an interactive custom gift tin builder and modern mobile checkout","Instagram: @colorfoodssundr / Facebook: Color Foods Sun-Dried Delicacies","General Inquiries | contact@color-foods.com","Arnaud Cousteix (CEO)","Sun-ripened dried figs, Medjool dates, and roasted Mediterranean nuts; needs interactive gift hamper portal.","High"
"1381","Ridiculously Delicious Nut Butter","Australia","Elsternwick, VIC","https://maps.google.com/?q=Ridiculously+Delicious+Nut+Butter+Elsternwick+VIC","Traditional shop layout lacking an interactive custom gift tin builder and modern mobile checkout","Instagram: @ridiculouslydel / Facebook: Ridiculously Delicious Nut Butter","General Inquiries | info@ridiculouslydelicious.com.au","Ben Parker (Founder)","100% Australian golden roasted peanut butters and peanut butter chunk cookies; needs custom gift box builder.","High"
"1382","Mother Earth Natural Health Foods","New Zealand","Auckland","https://maps.google.com/?q=Mother+Earth+Natural+Health+Foods+Auckland","Traditional shop layout lacking an interactive custom gift tin builder and modern mobile checkout","Instagram: @motherearthnatu / Facebook: Mother Earth Natural Health Foods","General Inquiries | contact@motherearth.co.nz","Mother Earth Team (Directors)","New Zealand brand roasting raw nuts, nut bars, and dried fruit mixes; needs modern responsive storefront.","High"
"1383","Farmley Farm-Direct Dry Fruits","India","Noida, UP","https://maps.google.com/?q=Farmley+FarmDirect+Dry+Fruits+Noida+UP","Traditional shop layout lacking an interactive custom gift tin builder and modern mobile checkout","Instagram: @farmleyfarmdire / Facebook: Farmley Farm-Direct Dry Fruits","General Inquiries | care@farmley.com","Akash Sharma (Co-Founder)","Direct-from-farm cashews, roasted makhana, and Turkish apricots; needs modern festive gift packaging portal.","High"
"1384","Rostaa Gourmet Dried Fruits & Berries","India","Mumbai, Maharashtra","https://maps.google.com/?q=Rostaa+Gourmet+Dried+Fruits+Berries+Mumbai+Maharashtra","Traditional shop layout lacking an interactive custom gift tin builder and modern mobile checkout","Instagram: @rostaagourmetdr / Facebook: Rostaa Gourmet Dried Fruits & Berries","General Inquiries | care@rostaa.com","Soumya Nair (Marketing Lead)","Gourmet brand specializing in imported dried cranberries, blueberries, hazelnut butter, and Medjool dates; needs custom gift box shop.","High"
"1385","Wonderland Foods Dry Fruits","India","New Delhi","https://maps.google.com/?q=Wonderland+Foods+Dry+Fruits+New+Delhi","Traditional shop layout lacking an interactive custom gift tin builder and modern mobile checkout","Instagram: @wonderlandfoods / Facebook: Wonderland Foods Dry Fruits","General Inquiries | info@wonderlandfoods.in","Sunil Goel (Founder)","Specializes in dry fruits, roasted pumpkin seeds, and California almonds; needs dynamic holiday gift box configurator.","High"
"1386","Kashmir Box Walnut & Saffron Direct","India","Srinagar, Kashmir","https://maps.google.com/?q=Kashmir+Box+Walnut+Saffron+Direct+Srinagar+Kashmir","Traditional shop layout lacking an interactive custom gift tin builder and modern mobile checkout","Instagram: @kashmirboxwalnu / Facebook: Kashmir Box Walnut & Saffron Direct","General Inquiries | customercare@kashmirbox.com","Muheet Mehraj (Founder)","Kashmiri platform sourcing organic snow-white walnuts, almond kernels, and saffron; needs interactive artisanal gift crate builder.","High"
"1387","Dry Fruit Hub Natural Goods","India","Hyderabad, Telangana","https://maps.google.com/?q=Dry+Fruit+Hub+Natural+Goods+Hyderabad+Telangana","Traditional shop layout lacking an interactive custom gift tin builder and modern mobile checkout","Instagram: @dryfruithubnatu / Facebook: Dry Fruit Hub Natural Goods","General Inquiries | support@dryfruithub.com","Kishore Kumar (Founder)","Wholesale and retail distributor of seedless raisins, pine nuts, and raw seeds; needs bulk discount order portal.","High"
"1388","ProV Foods Nut & Seed Nutrition","India","Mumbai, Maharashtra","https://maps.google.com/?q=ProV+Foods+Nut+Seed+Nutrition+Mumbai+Maharashtra","Traditional shop layout lacking an interactive custom gift tin builder and modern mobile checkout","Instagram: @provfoodsnutsee / Facebook: ProV Foods Nut & Seed Nutrition","General Inquiries | care@provfoods.com","D. P. Jaju (CEO)","Integrated commodity company supplying premium almonds, cashews, and trail mixes; needs modern B2C retail web app.","High"
"1389","Nutty Gritties Roasted Nut Flavors","India","New Delhi","https://maps.google.com/?q=Nutty+Gritties+Roasted+Nut+Flavors+New+Delhi","Traditional shop layout lacking an interactive custom gift tin builder and modern mobile checkout","Instagram: @nuttygrittiesro / Facebook: Nutty Gritties Roasted Nut Flavors","General Inquiries | wecare@nuttygritties.com","Dinika Bhatia (Co-Founder)","Pioneering Indian brand roasting barbecue almonds, coffee pumpkin seeds, and dates; needs interactive variety pack customizer.","High"
"1390","Go Nuts Specialty Snack Tins","India","Mumbai, Maharashtra","https://maps.google.com/?q=Go+Nuts+Specialty+Snack+Tins+Mumbai+Maharashtra","Traditional shop layout lacking an interactive custom gift tin builder and modern mobile checkout","Instagram: @gonutsspecialty / Facebook: Go Nuts Specialty Snack Tins","General Inquiries | info@gonuts.in","Ashok Advani (Director)","Luxury gifting brand crafting 4M salted cashews, smoked almonds, and dried berries; needs corporate holiday gift tin tool.","High"
"1391","The Whole Truth Foods Nut Bars","India","Mumbai, Maharashtra","https://maps.google.com/?q=The+Whole+Truth+Foods+Nut+Bars+Mumbai+Maharashtra","Traditional shop layout lacking an interactive custom gift tin builder and modern mobile checkout","Instagram: @thewholetruthfo / Facebook: The Whole Truth Foods Nut Bars","General Inquiries | support@thewholetruthfoods.com","Shashank Mehta (Founder)","Clean label food company creating 100% transparent peanut and cashew date protein bars; needs modern subscription storefront.","High"
"1392","Zantye's Cashews Goa","India","Bicholim, Goa","https://maps.google.com/?q=Zantyes+Cashews+Goa+Bicholim+Goa","Traditional shop layout lacking an interactive custom gift tin builder and modern mobile checkout","Instagram: @zantyescashewsg / Facebook: Zantye's Cashews Goa","General Inquiries | info@zantyes.com","Pravin Zantye (Managing Partner)","Goa's leading cashew processor roasting black pepper cashews, salted nuts, and cashew feni; needs tourist pre-order portal.","High"
"1393","Achal Cashews Mangalore","India","Mangalore, Karnataka","https://maps.google.com/?q=Achal+Cashews+Mangalore+Mangalore+Karnataka","Traditional shop layout lacking an interactive custom gift tin builder and modern mobile checkout","Instagram: @achalcashewsman / Facebook: Achal Cashews Mangalore","General Inquiries | info@achalcashew.com","G. Giridhar Prabhu (Proprietor)","Certified organic fair trade cashew processing leader shipping globally; needs sustainable packaging web storefront.","High"
"1394","Bola Cashews & Dry Fruits","India","Karkala, Karnataka","https://maps.google.com/?q=Bola+Cashews+Dry+Fruits+Karkala+Karnataka","Traditional shop layout lacking an interactive custom gift tin builder and modern mobile checkout","Instagram: @bolacashewsdryf / Facebook: Bola Cashews & Dry Fruits","General Inquiries | info@bolacashew.com","Bola Rahul Kamath (Director)","Exporting jumbo cashew kernels, dry fruit hampers, and roasted nuts across India; needs modern B2C web app.","High"
"1395","Al Rifai Roastery Premium Nuts","Lebanon","Beirut","https://maps.google.com/?q=Al+Rifai+Roastery+Premium+Nuts+Beirut","Traditional shop layout lacking an interactive custom gift tin builder and modern mobile checkout","Instagram: @alrifairoastery / Facebook: Al Rifai Roastery Premium Nuts","General Inquiries | care@alrifai.com","Moussa Al Rifai (Founder)","Famous Middle Eastern roastery crafting kernel mixes, roasted pistachios, and glazed seeds; needs international online store.","High"
"1396","Al Douri Food Industries","UAE","Dubai","https://maps.google.com/?q=Al+Douri+Food+Industries+Dubai","Traditional shop layout lacking an interactive custom gift tin builder and modern mobile checkout","Instagram: @aldourifoodindu / Facebook: Al Douri Food Industries","General Inquiries | info@aldourigroup.com","Al Douri Family (Owners)","Middle Eastern food processor roasting Turkish hazelnuts, jumbo cashews, and dried figs; needs modern wholesale and gift shop.","High"
"1397","Forrey & Galland Chocolatier","UAE","Dubai","https://maps.google.com/?q=Forrey+Galland+Chocolatier+Dubai","Traditional shop layout lacking an interactive custom gift tin builder and modern mobile checkout","Instagram: @forreygallandch / Facebook: Forrey & Galland Chocolatier","General Inquiries | info@forreyandgalland.com","Isabelle Jaouen (Founder)","French luxury chocolate house in Dubai crafting royal date collections and marzipan; needs bespoke concierge gift shop.","High"
"1398","Neuhaus Belgian Master Chocolates","Belgium","Brussels","https://maps.google.com/?q=Neuhaus+Belgian+Master+Chocolates+Brussels","Traditional shop layout lacking an interactive custom gift tin builder and modern mobile checkout","Instagram: @neuhausbelgianm / Facebook: Neuhaus Belgian Master Chocolates","General Inquiries | customercare@neuhauschocolates.com","Neuhaus Management (Directors)","Inventor of the Belgian praline featuring roasted Italian hazelnuts and caramelized almonds; needs interactive gift tin creator.","High"
"1399","Domori Fine Cacao & Nuts","Italy","None, Turin","https://maps.google.com/?q=Domori+Fine+Cacao+Nuts+None+Turin","Traditional shop layout lacking an interactive custom gift tin builder and modern mobile checkout","Instagram: @domorifinecacao / Facebook: Domori Fine Cacao & Nuts","General Inquiries | domori@domori.com","Gianluca Franzoni (Founder)","Criollo cacao purveyor crafting dark chocolate bars with roasted Piedmont hazelnuts; needs luxury lifestyle boutique.","High"
"1400","Amedei Tuscany Artisan Chocolate","Italy","Pontedera, Pisa","https://maps.google.com/?q=Amedei+Tuscany+Artisan+Chocolate+Pontedera+Pisa","Traditional shop layout lacking an interactive custom gift tin builder and modern mobile checkout","Instagram: @amedeituscanyar / Facebook: Amedei Tuscany Artisan Chocolate","General Inquiries | info@amedei.it","Amedei Team (Directors)","Tuscan craft chocolate house winning golden bean awards with pistachio and almond bars; needs luxury gift crate tool.","High"
"1401","Feletti Chocolate & Nut Pralines","Italy","Cremona","https://maps.google.com/?q=Feletti+Chocolate+Nut+Pralines+Cremona","Traditional shop layout lacking an interactive custom gift tin builder and modern mobile checkout","Instagram: @felettichocolat / Facebook: Feletti Chocolate & Nut Pralines","General Inquiries | info@feletti.it","Feletti Team (Directors)","Historic Italian brand crafting hazelnut Gianduja and chocolate pralines; needs responsive seasonal ordering.","High"
"1402","Pernigotti Heritage Confections","Italy","Novi Ligure","https://maps.google.com/?q=Pernigotti+Heritage+Confections+Novi+Ligure","Traditional shop layout lacking an interactive custom gift tin builder and modern mobile checkout","Instagram: @pernigottiherit / Facebook: Pernigotti Heritage Confections","General Inquiries | info@pernigotti.it","Pernigotti Team (Directors)","Italian tradition of Gianduiotti, nougats, and roasted hazelnut pastes; needs modern responsive storefront.","High"